sample_date,location,latitude,longitude,sample_depth_m,karenia_brevis_cells_per_liter,abundance_category
2018-06-01,Red Reef Park Beach,26.36043,-80.06847,0.5,0.0,Not present/background
2018-06-01,Gumbo Limbo Nature Center (Lake Wyman),26.36751,-80.07118,0.5,0.0,Not present/background
2018-06-01,Bay Dock (Sarasota Bay),27.3316,-82.5779,0.5,5000.0,Very low
2018-06-01,New Pass Dock (Sarasota Bay),27.33375,-82.57938,0.5,1000.0,Not present/background
2018-06-01,Dixie Highway Bridge; E of (Indian River),27.85566,-80.49085,1.3,0.0,Not present/background
2018-06-01,Seahorse Key; 8.4 mi SW of,29.02313,-83.18087,0.5,0.0,Not present/background
2018-06-01,Seahorse Key; 2.5 mi SW of,29.08132,-83.1102,0.5,0.0,Not present/background
2018-06-01,Blacks Island; S of (St. Joseph Bay),29.719033,-85.332683,0.1,0.0,Not present/background
2018-06-01,Park Point Circle; E of (St. Joseph Bay),29.75845,-85.384433,0.1,0.0,Not present/background
2018-06-01,Dupont Drive; NW of (St. Joseph Bay),29.798433,-85.304683,0.1,0.0,Not present/background
2018-06-02,Big Carlos Pass; 5.0 mi W of,26.397833,-81.967467,0.5,0.0,Not present/background
2018-06-02,Lynn Hall Beach Park; 1.1 mi SW of,26.438767,-81.965233,0.5,0.0,Not present/background
2018-06-02,Givney Key; E of (Matlacha Pass),26.512933,-82.04985,0.5,0.0,Not present/background
2018-06-02,Sandsprit Park Boat Ramp (Manatee Pocket),27.162256,-80.1939,0.7,0.0,Not present/background
2018-06-02,Indian Riverside Park Pier (Indian River),27.224761,-80.211264,0.7,0.0,Not present/background
2018-06-02,East Midway Road; N of (Indian River),27.38745,-80.2971,0.5,0.0,Not present/background
2018-06-02,Indian River Veterans Memorial Park Boat Ramp (Indian River),27.451811,-80.322742,1.0,0.0,Not present/background
2018-06-03,Bahia Honda Key; W of (Bahia Honda Channel),24.659583,-81.283361,0.5,0.0,Not present/background
2018-06-03,Delnor Wiggens Pass State Park; W of,26.27536,-81.829485,0.5,0.0,Not present/background
2018-06-03,Placida Park Boat Ramp,26.8328,-82.269662,0.5,1667.0,Very low
2018-06-03,Barefoot Bay Pier (Indian River),27.88507,-80.5008,0.5,0.0,Not present/background
2018-06-03,Tropic; SW of (Indian River),28.1505,-80.635,0.5,0.0,Not present/background
2018-06-03,Cocoa Beach Golf Course; E of (Banana River),28.31338,-80.6298,0.2,0.0,Not present/background
2018-06-03,Steinhatchee River; W of mouth of (Deadman Bay),29.66375,-83.434983,0.2,0.0,Not present/background
2018-06-04,El Radabob Key; 4.5 mi SE of,25.110858,-80.304708,0.5,0.0,Not present/background
2018-06-04,South Marco Beach,25.91165,-81.72805,0.5,0.0,Not present/background
2018-06-04,Caxambas Park,25.9124,-81.7171,0.5,0.0,Not present/background
2018-06-04,Goodland Bridge,25.9334,-81.6496,0.5,0.0,Not present/background
2018-06-04,Lee Avenue; docks NE of (Big Marco Pass),25.9733,-81.7275,0.5,0.0,Not present/background
2018-06-04,951 Boat Ramp (Big Marco Pass),25.9804,-81.7029,0.5,333.0,Not present/background
2018-06-04,Naples Pier,26.13163,-81.8063,0.5,0.0,Not present/background
2018-06-04,Seagate,26.2073,-81.8169,0.5,0.0,Not present/background
2018-06-04,Vanderbilt Beach,26.25375,-81.82377,0.5,0.0,Not present/background
2018-06-04,Barefoot Beach State Preserve,26.30481,-81.8362,0.5,0.0,Not present/background
2018-06-04,Pelican Bay Nature Park Pier (Estero Bay),26.3584,-81.8375,0.5,0.0,Not present/background
2018-06-04,Carl Johnson Park Boat Ramp (Estero Bay),26.3936,-81.8655,0.5,0.0,Not present/background
2018-06-04,Coon Key; N of (Estero Bay),26.4287,-81.8832,0.5,0.0,Not present/background
2018-06-04,Estero River; mouth of (Estero Bay),26.4294,-81.858,0.5,0.0,Not present/background
2018-06-04,Estero River; upstream,26.43861,-81.84,0.5,0.0,Not present/background
2018-06-04,Mound House Dock (Estero Bay),26.4462,-81.9272,0.5,0.0,Not present/background
2018-06-04,Matanzas Pass (Estero Bay),26.4577,-81.9532,0.5,0.0,Not present/background
2018-06-04,Givney Key; NE of (Matlacha Pass),26.517617,-82.050167,0.5,0.0,Not present/background
2018-06-04,Harbour Isle Drive; N of (Caloosahatchee River),26.530683,-81.955833,0.5,0.0,Not present/background
2018-06-04,Buck Key; 1.9 mi NE of (Pine Island Sound),26.532117,-82.15667,0.2,0.0,Not present/background
2018-06-04,Regla Island; W of (Pine Island Sound),26.538,-82.1257,0.2,0.0,Not present/background
2018-06-04,Redfish Pass; 1.8 mi E of (Pine Island Sound),26.560417,-82.170817,0.2,333.0,Not present/background
2018-06-04,Cork Island; W of (Pine Island Sound),26.5767,-82.1347,0.2,333.0,Not present/background
2018-06-04,Hemp Key; S of (Pine Island Sound),26.5902,-82.1561,0.2,667.0,Not present/background
2018-06-04,North Captiva Island; 17 mi W of,26.591733,-82.502883,0.5,0.0,Not present/background
2018-06-04,Captiva Rocks; SW of (Pine Island Sound),26.59925,-82.18463,0.2,0.0,Not present/background
2018-06-04,Southeast 23rd Avenue; SW of (Caloosahatchee River),26.5999,-81.922633,0.5,0.0,Not present/background
2018-06-04,Captiva Pass; 17 mi W of,26.617833,-82.502717,,0.0,Not present/background
2018-06-04,Cayo Costa; 5.1 mi W of,26.674033,-82.343483,0.5,1000.0,Not present/background
2018-06-04,Boca Grande Pass,26.7117,-82.2583,0.2,84000.0,Low
2018-06-04,Cayo Pelau; 2 mi S of (Charlotte Harbor),26.74065,-82.2145,0.2,204000.0,Medium
2018-06-04,Burnt Store Marina (Charlotte Harbor),26.7614,-82.0611,0.5,0.0,Not present/background
2018-06-04,Bull Key; NW of (Bull Bay),26.782417,-82.209383,0.2,1333.0,Very low
2018-06-04,Cayo Pelau; N of (Gasparilla Sound),26.786021,-82.223062,0.2,0.0,Not present/background
2018-06-04,Sandfly Key; NE of (Gasparilla Sound),26.798,-82.231,0.2,12333.0,Low
2018-06-04,Gasparilla Pass,26.816167,-82.2805,0.2,646017.0,Medium
2018-06-04,Catfish Creek; mouth of (Gasparilla Sound),26.8164,-82.2526,0.2,643422.0,Medium
2018-06-04,Punta Gorda Boat Ramp (Charlotte Harbor),26.9092,-82.0953,0.5,0.0,Not present/background
2018-06-04,Blind Pass Beach,26.96324,-82.38565,0.5,6000.0,Very low
2018-06-04,Manasota Beach,27.01031,-82.41312,0.5,65000.0,Low
2018-06-04,Caspersen Beach,27.05703,-82.4436,0.5,341000.0,Medium
2018-06-04,Brohard Beach,27.06631,-82.448,0.5,270000.0,Medium
2018-06-04,Venice Fishing Pier; N of,27.0735,-82.4515,0.5,182000.0,Medium
2018-06-04,Service Club Park,27.07827,-82.45286,0.5,146000.0,Medium
2018-06-04,Venice Beach,27.10034,-82.46089,0.5,310000.0,Medium
2018-06-04,North Jetty,27.11382,-82.46883,0.5,236000.0,Medium
2018-06-04,Nokomis Beach,27.12332,-82.47122,0.5,202000.0,Medium
2018-06-04,Turtle Beach,27.21843,-82.51711,0.5,39000.0,Low
2018-06-04,Siesta Beach,27.26518,-82.5531,0.5,66000.0,Low
2018-06-04,South Lido Park,27.29818,-82.56739,0.5,112000.0,Medium
2018-06-04,Lido Beach Casino,27.311,-82.57718,0.5,103000.0,Medium
2018-06-04,North Lido Beach,27.31561,-82.58171,0.5,58000.0,Low
2018-06-04,Ringling Causeway,27.32682,-82.56244,0.5,43000.0,Low
2018-06-04,Bay Dock (Sarasota Bay),27.3316,-82.5779,0.5,87000.0,Low
2018-06-04,New Pass Dock (Sarasota Bay),27.33375,-82.57938,0.5,28000.0,Low
2018-06-04,Longboat Key Beach,27.37317,-82.63202,0.5,9000.0,Very low
2018-06-04,Longboat Pass Boat Ramp (Sarasota Bay),27.44602,-82.68798,0.5,12667.0,Low
2018-06-04,Palma Sola Bay Bridge,27.4959,-82.6522,0.5,667.0,Not present/background
2018-06-04,Anna Maria Island Rod & Reel Pier (Lower Tampa Bay),27.5385,-82.7402,0.5,30667.0,Low
2018-06-04,Round Island; W of (Indian River),27.55483,-80.3425,0.5,0.0,Not present/background
2018-06-04,Fletcher Point (Lower Tampa Bay),27.58512,-82.61482,0.5,0.0,Not present/background
2018-06-04,Skyway Fishing Pier; South (Lower Tampa Bay),27.6055,-82.6508,0.5,0.0,Not present/background
2018-06-04,Mullet Key; Gulf Pier,27.6133,-82.7391,0.5,0.0,Not present/background
2018-06-04,FWRI Peninsula; SE tip of (Bayboro Harbor),27.759803,-82.631267,0.5,0.0,Not present/background
2018-06-04,FWRI Peninsula; SE tip of (Bayboro Harbor),27.759803,-82.631267,5.5,0.0,Not present/background
2018-06-04,La Contessa Pier,27.8121,-82.81915,0.5,0.0,Not present/background
2018-06-04,Clearwater Beach Pier 60,27.9777,-82.8323,0.5,0.0,Not present/background
2018-06-04,Diamond Bay (Banana River),28.35034,-80.61298,0.5,0.0,Not present/background
2018-06-04,Bennett Causeway; 1.9 mi N of (Banana River),28.4336,-80.6394,2.1,0.0,Not present/background
2018-06-04,Gomez Rock; 4.2 mi W of,28.502767,-82.798,2.6,0.0,Not present/background
2018-06-04,Gomez Rock; 2.5 mi W of,28.507,-82.769028,2.6,0.0,Not present/background
2018-06-04,Harbor Pointe Marina (Indian River),28.615731,-80.802278,0.5,0.0,Not present/background
2018-06-04,Sandpiper Road; 1.4 mi N of (St. Joseph Bay),29.70266,-85.33406,0.5,0.0,Not present/background
2018-06-04,Pig Island; 0.7 mi E of (St. Joseph Bay),29.70403,-85.35882,0.5,0.0,Not present/background
2018-06-04,Blacks Island; SE of (St. Joseph Bay),29.71837,-85.32308,0.5,0.0,Not present/background
2018-06-04,Eagle Harbor; SE of (St. Joseph Bay),29.7588,-85.3847,0.5,0.0,Not present/background
2018-06-04,Mid-St. Joseph Bay,29.7848,-85.347,0.5,0.0,Not present/background
2018-06-04,Patton Bayou; W of (St. Joseph Bay),29.7987,-85.3045,0.5,667.0,Not present/background
2018-06-04,St. Joseph Point; 2.1 mi S of (St. Joseph Bay),29.84867,-85.398,0.5,667.0,Not present/background
2018-06-04,Bald Point; 1.2 mi NE of,29.958167,-84.323667,0.5,0.0,Not present/background
2018-06-04,Robertson Island; NE of (Pensacola Bay),30.33432,-87.31618,0.5,0.0,Not present/background
2018-06-04,White Point; 1.6 mi SE of (East Bay),30.427472,-87.05425,0.5,0.0,Not present/background
2018-06-05,Bonita Beach Park,26.33105,-81.84574,0.5,0.0,Not present/background
2018-06-05,Lovers Key State Park,26.3901,-81.8795,0.5,0.0,Not present/background
2018-06-05,Tarpon Bay Road Beach,26.4217,-82.0801,0.5,0.0,Not present/background
2018-06-05,Lighthouse Beach,26.45157,-82.01543,0.5,0.0,Not present/background
2018-06-05,Lynn Hall Park,26.45398,-81.95776,0.5,0.0,Not present/background
2018-06-05,Alison Hagerup Beach Park,26.5264,-82.1945,0.5,0.0,Not present/background
2018-06-05,Bay Dock (Sarasota Bay),27.3316,-82.5779,0.5,33000.0,Low
2018-06-05,New Pass Dock (Sarasota Bay),27.33375,-82.57938,0.5,28000.0,Low
2018-06-05,Mead Point (Lower Tampa Bay),27.51477,-82.68395,0.2,333.0,Not present/background
2018-06-05,School Key; NE of (Lower Tampa Bay),27.529833,-82.704,0.2,16333.0,Low
2018-06-05,South Skyway Rest Area; NW of (Lower Tampa Bay),27.587433,-82.61895,0.2,0.0,Not present/background
2018-06-05,South Skyway Causeway; NE end of (Lower Tampa Bay),27.59275,-82.629067,0.2,0.0,Not present/background
2018-06-05,Joe Island; N of (Lower Tampa Bay),27.595514,-82.5912,0.2,0.0,Not present/background
2018-06-05,Little Redfish Creek; 1.1 mi NW of (Lower Tampa Bay),27.632617,-82.5782,0.2,0.0,Not present/background
2018-06-05,Johns Pass (Boca Ciega Bay),27.7824,-82.78193,0.5,0.0,Not present/background
2018-06-05,Indian Rocks Beach,27.895115,-82.850448,0.5,0.0,Not present/background
2018-06-05,Beach Woods Pier (Indian River),28.02968,-80.54599,0.5,0.0,Not present/background
2018-06-05,Honeymoon Island State Park; North Beach,28.0633,-82.8325,0.5,0.0,Not present/background
2018-06-05,Black Point; W of,29.1798,-83.0691,0.5,0.0,Not present/background
2018-06-05,McClamory Key; SW of,29.1803,-83.0851,0.5,0.0,Not present/background
2018-06-05,Bird Island; 7.4 mi W of,29.583333,-83.531667,0.5,0.0,Not present/background
2018-06-05,Bird Island; 2.5 mi SW of,29.5928,-83.4471,0.5,0.0,Not present/background
2018-06-05,Sikes Cut; SE of,29.606683,-84.94665,0.5,0.0,Not present/background
2018-06-05,West Pass; NE of (Apalachicola Bay),29.637983,-85.089017,0.5,0.0,Not present/background
2018-06-05,Mid-Apalachicola Bay,29.667683,-84.994017,0.5,0.0,Not present/background
2018-06-05,St. Vincent Point; E of (Apalachicola Bay),29.674667,-85.058333,0.5,0.0,Not present/background
2018-06-05,Neptune Street; N of (Indian Lagoon),29.683,-85.237667,0.5,0.0,Not present/background
2018-06-05,Old St. George Island Causeway; E of (St. George Sound),29.702133,-84.880183,1.5,0.0,Not present/background
2018-06-05,Pig Island; 0.7 mi E of (St. Joseph Bay),29.70403,-85.35882,0.5,0.0,Not present/background
2018-06-05,Blacks Island; SE of (St. Joseph Bay),29.71837,-85.32308,0.5,0.0,Not present/background
2018-06-05,Long Point; S of (East Bay),29.7308,-84.945183,0.5,0.0,Not present/background
2018-06-05,Eagle Harbor; SE of (St. Joseph Bay),29.7588,-85.3847,0.5,0.0,Not present/background
2018-06-05,Mid-St. Joseph Bay,29.7848,-85.347,0.5,0.0,Not present/background
2018-06-05,Patton Bayou; W of (St. Joseph Bay),29.7987,-85.3045,0.5,0.0,Not present/background
2018-06-05,St. Marks Lighthouse; 2.4 mi S of (Apalachee Bay),30.0367,-84.1667,0.5,0.0,Not present/background
2018-06-05,St. Marks Lighthouse; 2.4 mi S of (Apalachee Bay),30.0367,-84.1667,3.6,0.0,Not present/background
2018-06-05,Tyndall AFB; W of (St. Andrew Bay),30.0768,-85.6222,0.5,0.0,Not present/background
2018-06-05,Spanish Ante; E of (St. Andrew Bay),30.09017,-85.66658,0.5,667.0,Not present/background
2018-06-05,Davis Point; SE of (St. Andrew Bay),30.11367,-85.682,0.5,1000.0,Not present/background
2018-06-05,Laird Point; SW of (East Bay),30.11833,-85.535,0.5,0.0,Not present/background
2018-06-05,Ferry Point; S of (East Bay),30.12167,-85.6192,0.5,0.0,Not present/background
2018-06-05,Redfish Point; SW of (St. Andrew Bay),30.136333,-85.67683,0.5,0.0,Not present/background
2018-06-05,Delwood Beach (St. Andrew Bay),30.1415,-85.7125,0.5,333.0,Not present/background
2018-06-05,Harrison Bayou; NE of (West Bay),30.23333,-85.75667,0.5,0.0,Not present/background
2018-06-06,Lower Arsnicker Keys; 7.2 mi W of,24.9159,-80.943,0.2,0.0,Not present/background
2018-06-06,Upper Arsnicker Keys; 8.5 mi NW of,24.93815,-80.9653,0.2,0.0,Not present/background
2018-06-06,Sandy Key; 5.2 mi SW of,24.96038,-80.98737,0.2,0.0,Not present/background
2018-06-06,Sandy Key; 3.4 mi S of,24.98417,-81.0118,0.2,0.0,Not present/background
2018-06-06,Cape Romano; S of (Gullivan Bay),25.844,-81.678,0.2,0.0,Not present/background
2018-06-06,Round Key; N of (Fakahatchee Pass),25.851667,-81.524667,0.2,0.0,Not present/background
2018-06-06,Coon Key; S of (Gullivan Bay),25.8815,-81.632167,0.2,0.0,Not present/background
2018-06-06,Shell Key; S of (Gullivan Bay),25.891667,-81.608833,0.2,0.0,Not present/background
2018-06-06,Bonita Beach (Estero Bay),26.35497,-81.84452,0.4,0.0,Not present/background
2018-06-06,Long Key (Estero Bay),26.38591,-81.84631,0.5,0.0,Not present/background
2018-06-06,Estero Island (Estero Bay),26.43494,-81.91138,0.5,0.0,Not present/background
2018-06-06,Boca Grande Pier (Gasparilla Sound),26.80562,-82.27415,0.5,28333.0,Low
2018-06-06,Juno Beach Fishing Pier,26.893715,-80.0542,0.5,0.0,Not present/background
2018-06-06,Englewood Beach,26.92467,-82.36189,0.5,84667.0,Low
2018-06-06,Indian Mound Park; S of (Lemon Bay),26.94828,-82.36156,0.5,1000.0,Not present/background
2018-06-06,Leachs Key; N of (Lemon Bay),26.98373,-82.39391,0.5,0.0,Not present/background
2018-06-06,Forked Creek; NW of (Lemon Bay),27.00523,-82.40652,0.5,3000.0,Very low
2018-06-06,Manasota Beach Bridge; NW of (ICW),27.0261,-82.42087,0.5,6000.0,Very low
2018-06-06,Manasota Beach Bridge; NW of (ICW),27.0261,-82.42087,0.5,3000.0,Very low
2018-06-06,Alligator Creek (ICW),27.04171,-82.43026,0.5,5000.0,Very low
2018-06-06,Venice Municiple Airport; E of (ICW),27.0759,-82.4306,0.5,1000.0,Not present/background
2018-06-06,Bird Island; S of (Roberts Bay; Venice),27.1098,-82.4572,0.5,101000.0,Medium
2018-06-06,Nokomis Community Park; S of (Roberts Bay),27.114,-82.4451,0.5,0.0,Not present/background
2018-06-06,Dona Bay,27.1197,-82.4506,0.5,0.0,Not present/background
2018-06-06,Lyons Bay; Canal N of,27.1278,-82.4616,0.5,0.0,Not present/background
2018-06-06,Albee Road Bridge; N of (Blackburn Bay),27.1308,-82.46968,0.5,118000.0,Medium
2018-06-06,Blackburn Bay; S of (ICW),27.13781,-82.47115,0.5,119000.0,Medium
2018-06-06,Mid-Blackburn Bay,27.1534,-82.48046,0.5,74000.0,Low
2018-06-06,Mid-Blackburn Bay,27.1534,-82.48046,0.5,62000.0,Low
2018-06-06,Northern Blackburn Bay,27.15861,-82.48309,0.5,10000.0,Very low
2018-06-06,Dryman Bay (ICW),27.16933,-82.48797,0.5,10000.0,Very low
2018-06-06,Blackburn Point Road; N of (Little Sarasota Bay),27.18587,-82.49337,0.5,0.0,Not present/background
2018-06-06,Spanish Point; S of (Little Sarasota Bay),27.19106,-82.4998,0.5,1000.0,Not present/background
2018-06-06,Bird Keys; E of (Little Sarasota Bay),27.21136,-82.50371,0.5,0.0,Not present/background
2018-06-06,Blind Pass; NE of (Little Sarasota Bay),27.23065,-82.51085,0.5,0.0,Not present/background
2018-06-06,Coral Cove; S of (Little Sarasota Bay),27.23379,-82.51922,0.5,2000.0,Very low
2018-06-06,Coral Cove; NW of (Little Sarasota Bay),27.24374,-82.52199,0.5,4000.0,Very low
2018-06-06,Stickney Point Bridge; NW of (Roberts Bay; Sarasota),27.2581,-82.5346,0.5,17000.0,Low
2018-06-06,Philippe Creek; S of (Roberts Bay; Sarasota),27.264,-82.53956,0.5,9000.0,Very low
2018-06-06,Philippe Creek; S of (Roberts Bay; Sarasota),27.264,-82.53956,0.5,6000.0,Very low
2018-06-06,Philippe Creek; N of (Roberts Bay; Sarasota),27.28119,-82.54489,0.5,11000.0,Low
2018-06-06,Edwards Island; W of (Roberts Bay; Sarasota),27.2972,-82.54781,0.5,59000.0,Low
2018-06-06,Bay Island Park; N of (Sarasota Bay),27.31186,-82.54505,0.5,94000.0,Low
2018-06-06,Bay Island; N of (Sarasota Bay),27.31206,-82.55169,0.5,173000.0,Medium
2018-06-06,Island Park; SW of (Sarasota Bay),27.32388,-82.54816,0.5,44000.0,Low
2018-06-06,Bird Key; E of (Sarasota Bay),27.32441,-82.55596,0.5,49000.0,Low
2018-06-06,St. Armands Key; N of (Sarasota Bay),27.3252,-82.58018,0.5,38000.0,Low
2018-06-06,Bay Dock (Sarasota Bay),27.3316,-82.5779,0.5,18000.0,Low
2018-06-06,Causeway Park; W of (Sarasota Bay),27.33358,-82.55878,0.5,11000.0,Low
2018-06-06,New Pass Dock (Sarasota Bay),27.33375,-82.57938,0.5,47000.0,Low
2018-06-06,City Island; NE of (Sarasota Bay),27.33852,-82.56789,0.5,112000.0,Medium
2018-06-06,City Island; NE of (Sarasota Bay),27.33852,-82.56789,0.5,120000.0,Medium
2018-06-06,Centennial Park; NW of (Sarasota Bay),27.35302,-82.56599,0.5,32000.0,Low
2018-06-06,City Island; N of (Sarasota Bay),27.35884,-82.57789,0.5,6000.0,Very low
2018-06-06,Longboat Key; E of (Sarasota Bay),27.3629,-82.5977,0.5,15000.0,Low
2018-06-06,Indian Beach; W of (Sarasota Bay),27.37031,-82.56841,0.5,0.0,Not present/background
2018-06-06,Bishops Point; E of (Sarasota Bay),27.3747,-82.6049,0.5,5000.0,Very low
2018-06-06,Stephens Point; W of (Sarasota Bay),27.37682,-82.57575,0.5,1000.0,Not present/background
2018-06-06,Mid-Sarasota Bay,27.37815,-82.58418,0.5,0.0,Not present/background
2018-06-06,Bishops Point; NE of (Sarasota Bay),27.3843,-82.6088,0.5,4000.0,Very low
2018-06-06,Weedon Island; E of (Old Tampa Bay),27.86111,-82.58911,0.5,0.0,Not present/background
2018-06-06,Big Island; 2.2 mi E of (Old Tampa Bay),27.9055,-82.6046,0.1,0.0,Not present/background
2018-06-06,Big Island; 2.2 mi E of (Old Tampa Bay),27.9055,-82.6046,0.5,0.0,Not present/background
2018-06-06,Big Island; 2.2 mi E of (Old Tampa Bay),27.9055,-82.6046,3.0,0.0,Not present/background
2018-06-06,San Jose St; W of (Old Tampa Bay),27.9244,-82.5496,0.5,0.0,Not present/background
2018-06-06,South Howard Avenue; SE of (Hillsborough Bay),27.924817,-82.482943,0.1,0.0,Not present/background
2018-06-06,South Albany Avenue; NE of (Hillsborough Bay),27.92732,-82.478748,0.0,0.0,Not present/background
2018-06-06,High Point; 2 mi NE of (Old Tampa Bay),27.942,-82.675,0.1,0.0,Not present/background
2018-06-06,High Point; 2 mi NE of (Old Tampa Bay),27.942,-82.675,0.5,0.0,Not present/background
2018-06-06,Howard Frankland Bridge; N of (Old Tampa Bay),27.949,-82.561,0.5,0.0,Not present/background
2018-06-06,C. Campbell Causeway; S of (Old Tampa Bay),27.957,-82.622,0.1,0.0,Not present/background
2018-06-06,C. Campbell Causeway; S of (Old Tampa Bay),27.957,-82.622,0.5,0.0,Not present/background
2018-06-06,C. Campbell Causeway; S of (Old Tampa Bay),27.957,-82.622,3.4,0.0,Not present/background
2018-06-06,Cooper Point; E of (Old Tampa Bay),27.972,-82.673,0.5,0.0,Not present/background
2018-06-06,Old Tampa Bay Park; 1.7 mi S of (Old Tampa Bay),27.98,-82.62,0.5,0.0,Not present/background
2018-06-06,Philippe Park; NE of (Safety Harbor),28.02,-82.675,0.1,0.0,Not present/background
2018-06-06,Philippe Park; NE of (Safety Harbor),28.02,-82.675,0.5,0.0,Not present/background
2018-06-06,Philippe Park; NE of (Safety Harbor),28.02,-82.675,2.5,0.0,Not present/background
2018-06-06,Geiger Point; Melbourne Causeway at (Indian River),28.08245,-80.59505,0.2,0.0,Not present/background
2018-06-06,Eau Gallie Pier (Indian River),28.13248,-80.62418,0.2,0.0,Not present/background
2018-06-06,Hawksbill Island Drive; canal E of (Banana River),28.198262,-80.612495,0.5,0.0,Not present/background
2018-06-06,Ramp Road Park Boat Ramp (Banana River),28.309033,-80.614283,0.2,0.0,Not present/background
2018-06-06,520 Slick Boat Ramp (Banana River),28.357133,-80.62844,0.2,0.0,Not present/background
2018-06-06,Kelly Park (Banana River),28.4017,-80.66245,0.2,0.0,Not present/background
2018-06-06,Port St. John Boat Ramp (Indian River),28.475083,-80.766533,0.2,0.0,Not present/background
2018-06-06,NASA Causeway; SE side of (Indian River),28.52641,-80.7391,0.2,0.0,Not present/background
2018-06-06,Parrish Park Boat Ramp (Indian River),28.62365,-80.795517,0.2,0.0,Not present/background
2018-06-06,Millender Street; S of (St. George Sound),29.7301,-84.88478,0.1,0.0,Not present/background
2018-06-06,Shell Point; E of (West Bay),30.212,-85.733556,0.2,0.0,Not present/background
2018-06-06,Cedar Hammock; W of (West Bay),30.259694,-85.749083,0.2,0.0,Not present/background
2018-06-06,Coon Point; 1.1 mi SW of (West Bay),30.271361,-85.826611,0.2,0.0,Not present/background
2018-06-06,Navarre Pier,30.376,-86.8631,0.5,0.0,Not present/background
2018-06-07,Sawyer Key; 2 mi NW of,24.769483,-81.601017,0.2,0.0,Not present/background
2018-06-07,Sawyer Key; 3.2 mi NW of,24.78372,-81.61275,0.2,0.0,Not present/background
2018-06-07,Sawyer Key; 5.1 mi NW of,24.79875,-81.638667,0.2,0.0,Not present/background
2018-06-07,Sawyer Key; 7 mi NW of,24.811917,-81.664667,0.2,0.0,Not present/background
2018-06-07,Sea Oat Island; N of,25.988486,-81.748338,0.5,0.0,Not present/background
2018-06-07,Gordon Pass; SW of,26.090353,-81.805893,0.5,0.0,Not present/background
2018-06-07,Sanibel Causeway; SE end of (San Carlos Bay),26.4835,-82.012,0.5,0.0,Not present/background
2018-06-07,Punta Rassa Road; SE of (San Carlos Bay),26.4848,-82.0019,0.5,0.0,Not present/background
2018-06-07,Don Quixote Drive; canal N of,26.91183,-82.08607,0.5,0.0,Not present/background
2018-06-07,Pittman Park (Peace River),26.93044,-82.0599,0.5,0.0,Not present/background
2018-06-07,Bay Dock (Sarasota Bay),27.3316,-82.5779,0.5,166000.0,Medium
2018-06-07,New Pass Dock (Sarasota Bay),27.33375,-82.57938,0.5,68000.0,Low
2018-06-07,Quick Point (New Pass),27.33717,-82.58067,0.2,22667.0,Low
2018-06-07,Coon Key; S of (Sarasota Bay),27.438,-82.6435,0.2,0.0,Not present/background
2018-06-07,Longboat Pass (Sarasota Bay),27.443167,-82.688,0.2,23333.0,Low
2018-06-07,Madeira Beach,27.796667,-82.7975,0.1,0.0,Not present/background
2018-06-07,Redington Shores Beach,27.831667,-82.8352,0.1,0.0,Not present/background
2018-06-07,Rock Island; NW of,28.82472,-82.74168,0.1,0.0,Not present/background
2018-06-07,Sikes Cut; N of (Apalachicola Bay),29.622,-84.963333,0.5,0.0,Not present/background
2018-06-07,Peninsular Circle; N of (Alligator Harbor),29.904,-84.3715,0.1,0.0,Not present/background
2018-06-07,Alligator Point Marina; N of (Alligator Harbor),29.906333,-84.418,0.1,0.0,Not present/background
2018-06-07,St. Teresa; S of (Alligator Harbor),29.925667,-84.45083,0.1,0.0,Not present/background
2018-06-07,West Bay Point; SE of (North Bay),30.224222,-85.713972,0.1,0.0,Not present/background
2018-06-07,Little Oyster Bar Point; NW of (North Bay),30.256889,-85.684222,0.1,0.0,Not present/background
2018-06-07,Bailey Bridge; E of (North Bay),30.258667,-85.645806,0.1,0.0,Not present/background
2018-06-08,Court of Palms; NW of (Caloosahatchee River),26.531733,-81.95245,0.5,0.0,Not present/background
2018-06-08,Laverne Street; S of (Peace River),26.965411,-82.05364,0.5,0.0,Not present/background
2018-06-08,Bay Dock (Sarasota Bay),27.3316,-82.5779,0.5,16000.0,Low
2018-06-08,New Pass Dock (Sarasota Bay),27.33375,-82.57938,0.5,213000.0,Medium
2018-06-08,Pine Island; 18 mi W of,28.583333,-82.953333,0.5,0.0,Not present/background
2018-06-08,Lemon Grove Island; 6 mi W of,28.595,-82.765,0.5,0.0,Not present/background
2018-06-08,Sunrise Park (Mosquito Lagoon),28.874937,-80.840174,1.0,0.0,Not present/background
2018-06-08,River Breeze Park (Mosquito Lagoon),28.898542,-80.851515,1.0,0.0,Not present/background
2018-06-08,George R. Kennedy Memorial Park; E of (Indian River North),28.9947,-80.9002,0.5,0.0,Not present/background
2018-06-08,Snake Key; 3.5 mi S of,29.044783,-83.040067,0.5,0.0,Not present/background
2018-06-09,Pavilion Key; 9.2 mi SW of,25.6161,-81.4735,0.2,0.0,Not present/background
2018-06-09,Pavilion Key; 5.8 mi SW of,25.6379,-81.4241,0.2,0.0,Not present/background
2018-06-09,Pavilion Key; 2.9 mi SW of,25.6614,-81.3856,0.2,0.0,Not present/background
2018-06-09,Pavilion Key; SW of,25.6817,-81.3579,0.2,0.0,Not present/background
2018-06-09,Anna Maria Island; 38 mi W of,27.47,-83.37,0.5,0.0,Not present/background
2018-06-09,Menard-May Park (Indian River North),28.9889,-80.9009,0.3,0.0,Not present/background
2018-06-10,Coral Reef Park; N of (Bahia Honda Channel),24.660193,-81.27674,0.5,0.0,Not present/background
2018-06-10,Big Carlos Pass; 5.5 mi W of,26.397333,-81.9742,0.5,0.0,Not present/background
2018-06-10,Lynn Hall Beach; 1.2 mi SW of,26.442283,-81.97395,0.5,0.0,Not present/background
2018-06-10,Sirenia Vista Canoe & Kayak Launch,26.64413,-82.05578,1.0,0.0,Not present/background
2018-06-10,North Shore Park (Caloosahatchee River),26.6573,-81.8829,1.0,0.0,Not present/background
2018-06-10,Charlotte Harbor Preserve State Park (Charlotte Harbor),26.80596,-82.14948,0.5,0.0,Not present/background
2018-06-10,Dixie Highway Bridge; E of (Indian River),27.85566,-80.49085,1.2,0.0,Not present/background
2018-06-10,Hurricane Pass; S of,28.0483,-82.82068,0.5,0.0,Not present/background
2018-06-10,Hurricane Pass; E of,28.055349,-82.8068,0.5,0.0,Not present/background
2018-06-10,Tropic; SW of (Indian River),28.1505,-80.635,0.5,0.0,Not present/background
2018-06-10,Cocoa Beach Golf Course; E of (Banana River),28.31338,-80.6298,0.2,0.0,Not present/background
2018-06-10,Government Cut; 2.0 mi S of,29.58535,-84.952533,1.0,0.0,Not present/background
2018-06-10,Government Cut; 1.6 mi SE of,29.601414,-84.934639,1.0,0.0,Not present/background
2018-06-11,Harbor Key; 4.2 mi NW of,24.8887,-81.4529,0.2,0.0,Not present/background
2018-06-11,Harbor Key; 5.8 mi N of,24.9128,-81.4392,0.2,0.0,Not present/background
2018-06-11,Big Spanish Key; 8 mi N of,24.9317,-81.4076,0.2,0.0,Not present/background
2018-06-11,Big Spanish Key; 9 mi N of,24.9436,-81.3729,0.2,0.0,Not present/background
2018-06-11,Rattlesnake Key; 4.5 mi SE of,25.1396,-80.294,0.5,0.0,Not present/background
2018-06-11,South Marco Beach,25.91165,-81.72805,0.5,2667.0,Very low
2018-06-11,Cutlass Lane; W of,26.09759,-81.811367,0.5,0.0,Not present/background
2018-06-11,Naples Pier; W of,26.131223,-81.816913,0.5,22667.0,Low
2018-06-11,Naples Pier,26.13163,-81.8063,0.5,0.0,Not present/background
2018-06-11,Seagate,26.2073,-81.8169,0.5,0.0,Not present/background
2018-06-11,Vanderbilt Beach,26.25375,-81.82377,0.5,0.0,Not present/background
2018-06-11,Barefoot Beach State Preserve,26.30481,-81.8362,0.5,0.0,Not present/background
2018-06-11,Merwin Key; W of (San Carlos Bay),26.500278,-82.0475,0.2,0.0,Not present/background
2018-06-11,Buck Key; 1.9 mi NE of (Pine Island Sound),26.532117,-82.15667,0.2,0.0,Not present/background
2018-06-11,Regla Island; 1.4 mi W of (Pine Island Sound),26.53618,-82.14646,0.2,0.0,Not present/background
2018-06-11,Regla Island; W of (Pine Island Sound),26.538,-82.1257,0.2,0.0,Not present/background
2018-06-11,Redfish Pass; 1.8 mi E of (Pine Island Sound),26.560417,-82.170817,0.2,82413.0,Low
2018-06-11,Deer Stop Keys; SW of (Matlacha Pass),26.5627,-82.0704,1.6,0.0,Not present/background
2018-06-11,Cork Island; W of (Pine Island Sound),26.5767,-82.1347,0.2,0.0,Not present/background
2018-06-11,McCardle Island; SW of (Matlacha Pass),26.5857,-82.0645,0.2,667.0,Not present/background
2018-06-11,Hemp Key; S of (Pine Island Sound),26.5902,-82.1561,0.2,2667.0,Very low
2018-06-11,Captiva Rocks; SW of (Pine Island Sound),26.59925,-82.18463,0.2,284088.0,Medium
2018-06-11,Porpoise Point Island; SW of (Matlacha Pass),26.625,-82.0742,1.8,0.0,Not present/background
2018-06-11,Ben Coleman Keys (Matlacha Pass),26.6678,-82.0946,1.3,0.0,Not present/background
2018-06-11,Jug Creek Point; E of (Matlacha Pass),26.7003,-82.1208,0.2,0.0,Not present/background
2018-06-11,Boca Grande Pass; 16 mi W of,26.704067,-82.523667,0.5,0.0,Not present/background
2018-06-11,Boca Grande Pass; 11 mi W of,26.705567,-82.433533,0.5,0.0,Not present/background
2018-06-11,Boca Grande Pass; 21 mi W of,26.705617,-82.598217,0.5,0.0,Not present/background
2018-06-11,Boca Grande Pass,26.7117,-82.2583,0.2,124533.0,Medium
2018-06-11,Boca Grande Pass; 3.8 mi W of,26.719417,-82.319967,0.5,54333.0,Low
2018-06-11,Cayo Pelau; 2 mi S of (Charlotte Harbor),26.74065,-82.2145,0.2,1667.0,Very low
2018-06-11,Bull Key; NW of (Bull Bay),26.782417,-82.209383,0.2,2333.0,Very low
2018-06-11,Cayo Pelau; N of (Gasparilla Sound),26.786021,-82.223062,0.2,53000.0,Low
2018-06-11,Sandfly Key; NE of (Gasparilla Sound),26.798,-82.231,0.2,15667.0,Low
2018-06-11,Gasparilla Pass,26.816167,-82.2805,0.2,814656.0,Medium
2018-06-11,Catfish Creek; mouth of (Gasparilla Sound),26.8164,-82.2526,0.2,30667.0,Low
2018-06-11,Blind Pass Beach,26.96324,-82.38565,0.5,2913000.0,High
2018-06-11,Manasota Beach,27.01031,-82.41312,0.5,2413000.0,High
2018-06-11,Caspersen Beach,27.05703,-82.4436,0.5,18000.0,Low
2018-06-11,Brohard Beach,27.06631,-82.448,0.5,47000.0,Low
2018-06-11,Venice Fishing Pier; N of,27.0735,-82.4515,0.5,41000.0,Low
2018-06-11,Service Club Park,27.07827,-82.45286,0.5,180000.0,Medium
2018-06-11,Venice; 44 mi W of,27.08665,-83.17295,0.5,0.0,Not present/background
2018-06-11,Venice; 44 mi W of,27.08665,-83.17295,18.3,0.0,Not present/background
2018-06-11,Venice; 44 mi W of,27.08665,-83.17295,36.7,0.0,Not present/background
2018-06-11,Venice; 44 mi W of,27.08665,-83.17295,0.5,0.0,Not present/background
2018-06-11,Venice Beach,27.10034,-82.46089,0.5,133000.0,Medium
2018-06-11,North Jetty,27.11382,-82.46883,0.5,53000.0,Low
2018-06-11,Nokomis Beach,27.12332,-82.47122,0.5,63000.0,Low
2018-06-11,Siesta Key; 22 mi W of,27.21646,-82.87366,0.5,0.0,Not present/background
2018-06-11,Siesta Key; 22 mi W of,27.21646,-82.87366,9.7,0.0,Not present/background
2018-06-11,Siesta Key; 22 mi W of,27.21646,-82.87366,19.4,0.0,Not present/background
2018-06-11,Turtle Beach,27.21843,-82.51711,0.5,8000.0,Very low
2018-06-11,Siesta Key; 52 mi W of,27.25483,-83.41,0.5,0.0,Not present/background
2018-06-11,Siesta Key; 52 mi W of,27.25483,-83.41,20.6,0.0,Not present/background
2018-06-11,Siesta Key; 52 mi W of,27.25483,-83.41,41.2,0.0,Not present/background
2018-06-11,Siesta Beach,27.26518,-82.5531,0.5,385000.0,Medium
2018-06-11,South Lido Park,27.29818,-82.56739,0.5,77000.0,Low
2018-06-11,Lido Beach Casino,27.311,-82.57718,0.5,596000.0,Medium
2018-06-11,North Lido Beach,27.31561,-82.58171,0.5,575000.0,Medium
2018-06-11,Ringling Causeway,27.32682,-82.56244,0.5,22000.0,Low
2018-06-11,Bay Dock (Sarasota Bay),27.3316,-82.5779,0.5,160000.0,Medium
2018-06-11,New Pass Dock (Sarasota Bay),27.33375,-82.57938,0.5,273000.0,Medium
2018-06-11,Longboat Key; 31 mi W of,27.37236,-83.14009,0.5,0.0,Not present/background
2018-06-11,Longboat Key; 31 mi W of,27.37236,-83.14009,14.3,0.0,Not present/background
2018-06-11,Longboat Key; 31 mi W of,27.37236,-83.14009,28.6,0.0,Not present/background
2018-06-11,Longboat Key Beach,27.37317,-82.63202,0.5,6000.0,Very low
2018-06-11,Longboat Pass Boat Ramp (Sarasota Bay),27.44602,-82.68798,0.5,14667.0,Low
2018-06-11,Anna Maria Island; 9.1 mi W of,27.48405,-82.8574,0.5,0.0,Not present/background
2018-06-11,Anna Maria Island; 9.1 mi W of,27.48405,-82.8574,11.1,0.0,Not present/background
2018-06-11,Anna Maria Island; 9.1 mi W of,27.48405,-82.8574,12.2,0.0,Not present/background
2018-06-11,Palma Sola Bay Bridge,27.4959,-82.6522,0.5,3667.0,Very low
2018-06-11,Anna Maria Island; 40 mi W of,27.51662,-83.39452,0.5,0.0,Not present/background
2018-06-11,Anna Maria Island; 40 mi W of,27.51662,-83.39452,18.1,0.0,Not present/background
2018-06-11,Anna Maria Island; 40 mi W of,27.51662,-83.39452,36.2,0.0,Not present/background
2018-06-11,Anna Maria Island Rod & Reel Pier (Lower Tampa Bay),27.5385,-82.7402,0.5,1333.0,Very low
2018-06-11,Fletcher Point (Lower Tampa Bay),27.58512,-82.61482,0.5,0.0,Not present/background
2018-06-11,Skyway Fishing Pier; South (Lower Tampa Bay),27.6055,-82.6508,0.5,0.0,Not present/background
2018-06-11,Mullet Key; Gulf Pier,27.6133,-82.7391,0.5,1000.0,Not present/background
2018-06-11,Mullet Key; 23 mi W of,27.63045,-83.11113,0.5,0.0,Not present/background
2018-06-11,Mullet Key; 23 mi W of,27.63045,-83.11113,10.6,0.0,Not present/background
2018-06-11,Mullet Key; 23 mi W of,27.63045,-83.11113,21.1,0.0,Not present/background
2018-06-11,FWRI Peninsula; SE tip of (Bayboro Harbor),27.759803,-82.631267,0.5,0.0,Not present/background
2018-06-11,FWRI Peninsula; SE tip of (Bayboro Harbor),27.759803,-82.631267,4.5,0.0,Not present/background
2018-06-11,Johns Pass (Boca Ciega Bay),27.7824,-82.78193,0.5,0.0,Not present/background
2018-06-11,La Contessa Pier,27.8121,-82.81915,0.5,0.0,Not present/background
2018-06-11,Indian Rocks Beach,27.895115,-82.850448,0.5,0.0,Not present/background
2018-06-11,Clearwater Beach Pier 60,27.9777,-82.8323,0.5,0.0,Not present/background
2018-06-11,Anclote Gulf Park Pier (Anclote Anchorage),28.1925,-82.7881,1.0,0.0,Not present/background
2018-06-11,Green Key Beach,28.25353,-82.75738,1.0,0.0,Not present/background
2018-06-11,Diamond Bay (Banana River),28.35034,-80.61298,0.5,0.0,Not present/background
2018-06-11,Hudson Beach Park; canal N of,28.362534,-82.708952,1.0,0.0,Not present/background
2018-06-11,Harbor Pointe Marina (Indian River),28.615731,-80.802278,0.5,0.0,Not present/background
2018-06-11,Black Point; 1.2 mi NW of (Indian River),28.69283,-80.80489,0.5,0.0,Not present/background
2018-06-11,East Halifax Avenue; S of (Mosquito Lagoon),28.86552,-80.83251,0.5,0.0,Not present/background
2018-06-11,Shell Island; 2.6 mi W of (Crystal Bay),28.925,-82.74167,0.1,0.0,Not present/background
2018-06-11,Cedar Island; N of (Cedar Creek),28.95616,-80.85202,0.5,0.0,Not present/background
2018-06-11,Ranken Drive; E of (Mosquito Lagoon),28.95677,-80.88196,0.5,0.0,Not present/background
2018-06-11,Marineland Beach,29.66628,-81.21073,0.1,0.0,Not present/background
2018-06-11,Crescent Beach,29.7687,-81.251,0.1,0.0,Not present/background
2018-06-11,St. Augustine Beach,29.85138,-81.26473,0.1,0.0,Not present/background
2018-06-11,Vilano Beach,29.9378,-81.29897,0.1,0.0,Not present/background
2018-06-11,South Ponte Vedra,30.02262,-81.32263,0.1,0.0,Not present/background
2018-06-12,Captiva Island; 31 mi W of,26.49486,-82.68271,0.5,0.0,Not present/background
2018-06-12,Captiva Island; 31 mi W of,26.49486,-82.68271,12.6,0.0,Not present/background
2018-06-12,Captiva Island; 31 mi W of,26.49486,-82.68271,25.3,0.0,Not present/background
2018-06-12,Captiva Pass; 12 mi W of,26.61448,-82.41352,0.5,0.0,Not present/background
2018-06-12,Captiva Pass; 12 mi W of,26.61448,-82.41352,7.1,24500.0,Low
2018-06-12,Captiva Pass; 12 mi W of,26.61448,-82.41352,14.3,141000.0,Medium
2018-06-12,Cayo Costa; 43 mi W of,26.6586,-82.93918,0.5,0.0,Not present/background
2018-06-12,Cayo Costa; 43 mi W of,26.6586,-82.93918,16.4,0.0,Not present/background
2018-06-12,Cayo Costa; 43 mi W of,26.6586,-82.93918,32.8,0.0,Not present/background
2018-06-12,Cayo Costa; 43 mi W of,26.6586,-82.93918,0.5,0.0,Not present/background
2018-06-12,Jean Lafitte Drive; SE of (Boca Grande Bayou),26.758475,-82.258792,0.5,217056.0,Medium
2018-06-12,Boca Grande; 23 mi W of,26.78111,-82.64156,0.5,500.0,Not present/background
2018-06-12,Boca Grande; 23 mi W of,26.78111,-82.64156,10.6,500.0,Not present/background
2018-06-12,Boca Grande; 23 mi W of,26.78111,-82.64156,21.1,0.0,Not present/background
2018-06-12,Little Gasparilla Island; 54 mi W of,26.81581,-83.16594,0.5,0.0,Not present/background
2018-06-12,Little Gasparilla Island; 54 mi W of,26.81581,-83.16594,20.6,0.0,Not present/background
2018-06-12,Little Gasparilla Island; 54 mi W of,26.81581,-83.16594,41.2,0.0,Not present/background
2018-06-12,Englewood Beach; 33 mi W of,26.93519,-82.90573,0.5,0.0,Not present/background
2018-06-12,Englewood Beach; 33 mi W of,26.93519,-82.90573,16.1,0.0,Not present/background
2018-06-12,Englewood Beach; 33 mi W of,26.93519,-82.90573,32.2,0.0,Not present/background
2018-06-12,South Venice; 12 mi W of,27.05309,-82.63172,0.5,0.0,Not present/background
2018-06-12,South Venice; 12 mi W of,27.05309,-82.63172,7.2,0.0,Not present/background
2018-06-12,South Venice; 12 mi W of,27.05309,-82.63172,15.1,0.0,Not present/background
2018-06-12,Bay Dock (Sarasota Bay),27.3316,-82.5779,0.5,381000.0,Medium
2018-06-12,New Pass Dock (Sarasota Bay),27.33375,-82.57938,0.5,177000.0,Medium
2018-06-12,Mead Point (Lower Tampa Bay),27.51477,-82.68395,0.2,333.0,Not present/background
2018-06-12,School Key; NE of (Lower Tampa Bay),27.529833,-82.704,0.2,1667.0,Very low
2018-06-12,Emerson Point Preserve Dock; NE of (Terra Ceia Bay),27.5395,-82.6285,0.2,0.0,Not present/background
2018-06-12,South Skyway Rest Area; NW of (Lower Tampa Bay),27.587433,-82.61895,0.2,0.0,Not present/background
2018-06-12,South Skyway Causeway; NE end of (Lower Tampa Bay),27.59275,-82.629067,0.2,0.0,Not present/background
2018-06-12,Joe Island; N of (Lower Tampa Bay),27.595514,-82.5912,0.5,0.0,Not present/background
2018-06-12,Little Redfish Creek; 1.1 mi NW of (Lower Tampa Bay),27.632617,-82.5782,0.2,0.0,Not present/background
2018-06-12,Barefoot Bay Pier (Indian River),27.88507,-80.5008,0.5,0.0,Not present/background
2018-06-12,Beach Woods Pier (Indian River),28.02968,-80.54599,0.5,0.0,Not present/background
2018-06-12,Three Rooker Island; 5.8 mi W of,28.1,-82.933333,0.5,0.0,Not present/background
2018-06-12,Three Rooker Island; 1.4 mi NE of (St. Joseph Sound),28.128056,-82.825556,0.5,0.0,Not present/background
2018-06-12,River Watch Boulevard Boat Ramp (Anclote River),28.17013,-82.737,0.5,0.0,Not present/background
2018-06-12,NASA Causeway; N of (Indian River),28.52811,-80.76569,0.5,0.0,Not present/background
2018-06-12,Menzo Park; 1.1 mi E of (Indian River),28.5808,-80.7806,0.5,0.0,Not present/background
2018-06-12,Space View Park; SE of (Indian River),28.60796,-80.79474,0.5,0.0,Not present/background
2018-06-12,Faver-Dykes (Pellicer Creek),29.66822,-81.2631,0.1,0.0,Not present/background
2018-06-12,Fort Matanzas (Matanzas Bay),29.7427,-81.2447,0.1,0.0,Not present/background
2018-06-12,San Sebastian (Matanzas River),29.8694,-81.3077,0.1,0.0,Not present/background
2018-06-12,Pine Island; S of (Tolomato River),30.0516,-81.3669,0.1,0.0,Not present/background
2018-06-12,Pelican Point Golf Course; W of (St. Andrew Bay),30.114444,-85.683333,0.1,0.0,Not present/background
2018-06-12,St. Andrew State Park Boat Ramp; N of (Grand Lagoon),30.135556,-85.732222,0.1,0.0,Not present/background
2018-06-12,St. Johns Inland,30.391,-81.4648,0.3,0.0,Not present/background
2018-06-12,St. Johns Inlet,30.4056,-81.4086,0.3,0.0,Not present/background
2018-06-12,Ft. George Inlet,30.4204,-81.4201,0.3,0.0,Not present/background
2018-06-12,Ft. George Inland,30.4411,-81.439,0.3,0.0,Not present/background
2018-06-12,Nassau Inlet,30.5134,-81.4576,0.3,0.0,Not present/background
2018-06-12,St. Marys Inlet,30.7012,-81.4269,0.3,0.0,Not present/background
2018-06-13,Bonita Beach Park,26.33105,-81.84574,0.5,0.0,Not present/background
2018-06-13,Sanibel Island; 62 mi W of,26.373333,-83.123017,0.5,0.0,Not present/background
2018-06-13,Lovers Key State Park,26.3901,-81.8795,0.5,0.0,Not present/background
2018-06-13,Tarpon Bay Road Beach,26.4217,-82.0801,0.5,0.0,Not present/background
2018-06-13,Lighthouse Beach,26.45157,-82.01543,0.5,0.0,Not present/background
2018-06-13,Lynn Hall Park,26.45398,-81.95776,0.5,0.0,Not present/background
2018-06-13,Alison Hagerup Beach Park,26.5264,-82.1945,0.5,0.0,Not present/background
2018-06-13,North Captiva Island; 22 mi W of,26.565817,-82.580433,0.5,0.0,Not present/background
2018-06-13,Boca Grande Pier (Gasparilla Sound),26.80562,-82.27415,0.5,238170.0,Medium
2018-06-13,Gasparilla Pass,26.816167,-82.2805,0.5,264936.0,Medium
2018-06-13,Garfield Court; SW of (Placida Harbor),26.8385,-82.2795,0.5,92333.0,Low
2018-06-13,Juno Beach Fishing Pier,26.893715,-80.0542,0.5,0.0,Not present/background
2018-06-13,Stump Pass (Lemon Bay),26.898667,-82.339333,0.5,280896.0,Medium
2018-06-13,Englewood Beach,26.92467,-82.36189,0.5,825033.0,Medium
2018-06-13,Tom Adams Bridge; S of (Lemon Bay),26.9307,-82.3498,0.5,371000.0,Medium
2018-06-13,Blind Pass Beach; E of (Lemon Bay),26.96324,-82.3747,0.5,18667.0,Low
2018-06-13,Long Island; 7.2 mi E of,27.127967,-80.026183,0.3,0.0,Not present/background
2018-06-13,Sandsprit Park; E of (St. Lucie River),27.164517,-80.189067,0.3,0.0,Not present/background
2018-06-13,Bay Dock (Sarasota Bay),27.3316,-82.5779,0.5,183000.0,Medium
2018-06-13,New Pass Dock (Sarasota Bay),27.33375,-82.57938,0.5,156000.0,Medium
2018-06-13,Geiger Point; Melbourne Causeway at (Indian River),28.08245,-80.59505,0.2,0.0,Not present/background
2018-06-13,Eau Gallie Pier (Indian River),28.13248,-80.62418,0.2,0.0,Not present/background
2018-06-13,Hawksbill Island Drive; canal E of (Banana River),28.198262,-80.612495,0.5,0.0,Not present/background
2018-06-13,Ramp Road Park Boat Ramp (Banana River),28.309033,-80.614283,0.2,0.0,Not present/background
2018-06-13,520 Slick Boat Ramp (Banana River),28.357133,-80.62844,0.2,0.0,Not present/background
2018-06-13,Kelly Park (Banana River),28.4017,-80.66245,0.2,0.0,Not present/background
2018-06-13,Nicol Park (Indian River),28.477267,-80.767533,0.2,0.0,Not present/background
2018-06-13,NASA Causeway; SE side of (Indian River),28.52641,-80.7391,0.2,0.0,Not present/background
2018-06-13,Parrish Park Boat Ramp (Indian River),28.62365,-80.795517,0.2,0.0,Not present/background
2018-06-13,Snake Key; 2.2 mi E of,29.10185,-82.991917,0.5,0.0,Not present/background
2018-06-13,North Key; 3 mi W of,29.131383,-83.143283,0.5,0.0,Not present/background
2018-06-13,Eventide Drive; 1.2 mi N of (St. Joseph Bay),29.70278,-85.33416,0.5,0.0,Not present/background
2018-06-13,Fort Matanzas Bridge (Matanzas Inlet),29.704917,-81.22786,0.5,0.0,Not present/background
2018-06-13,Fort Matanzas National Monument Dock (Matanzas Inlet),29.714528,-81.23508,0.5,0.0,Not present/background
2018-06-13,Alligator Harbor Boat Ramp; W of,29.9245,-84.426167,0.5,0.0,Not present/background
2018-06-14,South Marco Beach,25.91165,-81.72805,0.5,63333.0,Low
2018-06-14,Naples Pier,26.13163,-81.8063,0.5,0.0,Not present/background
2018-06-14,Seagate,26.2073,-81.8169,0.5,0.0,Not present/background
2018-06-14,Vanderbilt Beach,26.25375,-81.82377,0.5,0.0,Not present/background
2018-06-14,Barefoot Beach State Preserve,26.30481,-81.8362,0.5,0.0,Not present/background
2018-06-14,Venice Beach; W of,27.111042,-82.465587,0.5,601467.0,Medium
2018-06-14,Hosford Park (St. Lucie River),27.113662,-80.254308,,0.0,Not present/background
2018-06-14,Bay Dock (Sarasota Bay),27.3316,-82.5779,0.5,79000.0,Low
2018-06-14,New Pass Dock (Sarasota Bay),27.33375,-82.57938,0.5,178000.0,Medium
2018-06-14,Clearwater Beach Pier 60,27.9777,-82.8323,0.5,0.0,Not present/background
2018-06-14,Clearwater Pass; 3.4 mi NW of,27.9872,-82.883467,,0.0,Not present/background
2018-06-14,Sunny Point Court; W of (Old Tampa Bay),28.016917,-82.66835,0.5,0.0,Not present/background
2018-06-14,Bird Key; 1.7 mi W of,28.017533,-82.854917,0.5,0.0,Not present/background
2018-06-14,Bird Key; 5 mi W of,28.019133,-82.90905,0.5,0.0,Not present/background
2018-06-14,Dakar Drive; E of (Sykes Creek),28.3744,-80.6869,0.2,0.0,Not present/background
2018-06-14,Pine Island; 2.1 mi W of,28.575,-82.69167,0.5,0.0,Not present/background
2018-06-14,Chambers Island; 3.9 mi W of,29.0083,-82.82525,0.1,0.0,Not present/background
2018-06-14,Tyndall AFB; W of (St. Andrew Bay),30.0768,-85.6222,0.2,0.0,Not present/background
2018-06-14,Davis Point; SE of (St. Andrew Bay),30.11367,-85.682,0.2,0.0,Not present/background
2018-06-14,Redfish Point; SW of (St. Andrew Bay),30.136333,-85.67683,0.2,0.0,Not present/background
2018-06-14,Delwood Beach (St. Andrew Bay),30.1415,-85.7125,0.2,0.0,Not present/background
2018-06-15,Bay Dock (Sarasota Bay),27.3316,-82.5779,0.5,48000.0,Low
2018-06-15,New Pass Dock (Sarasota Bay),27.33375,-82.57938,0.5,410000.0,Medium
2018-06-15,Snake Key; 2.3 mi S of,29.062533,-83.028683,0.5,0.0,Not present/background
2018-06-15,Seahorse Key; SE of,29.090733,-83.05815,0.5,0.0,Not present/background
2018-06-15,Snake Key; 2.2 mi E of,29.10185,-82.991917,0.5,0.0,Not present/background
2018-06-15,Rattlesnake Key; 2.7 mi W of,29.155833,-83.109233,0.5,0.0,Not present/background
2018-06-15,Millender Street; S of (St. George Sound),29.7301,-84.88478,0.1,0.0,Not present/background
2018-06-16,Bay Dock (Sarasota Bay),27.3316,-82.5779,0.5,718000.0,Medium
2018-06-16,Sand Key; 43 mi W of,28.750117,-83.461283,0.5,0.0,Not present/background
2018-06-16,Drum Island; 35 mi W of,28.8871,-83.317467,0.5,0.0,Not present/background
2018-06-16,Seahorse Key; 2.0 mi S of,29.06785,-83.0738,0.5,0.0,Not present/background
2018-06-16,Government Cut; 1.9 mi S of,29.58535,-84.952533,1.0,0.0,Not present/background
2018-06-16,Dolphin Drive; 1.4 mi SE of,29.601414,-84.934639,1.0,0.0,Not present/background
2018-06-17,Calusa Beach; N of (Bahia Honda Channel),24.659944,-81.279583,0.5,0.0,Not present/background
2018-06-17,Caxambas Park Boat Ramp (Caxambas Pass),25.912484,-81.717091,0.5,126000.0,Medium
2018-06-17,Tropical drive; E of,26.510278,-80.05,0.5,0.0,Not present/background
2018-06-17,Sandsprit Park Boat Ramp (Manatee Pocket),27.162256,-80.1939,0.7,0.0,Not present/background
2018-06-17,Indian Riverside Park Pier (Indian River),27.224761,-80.211264,0.7,0.0,Not present/background
2018-06-17,Bay Dock (Sarasota Bay),27.3316,-82.5779,0.5,484000.0,Medium
2018-06-17,East Midway Road; N of (Indian River),27.38745,-80.2971,0.5,0.0,Not present/background
2018-06-17,Indian River Veterans Memorial Park Boat Ramp (Indian River),27.451811,-80.322742,1.0,0.0,Not present/background
2018-06-17,Tropic; SW of (Indian River),28.1505,-80.635,0.5,0.0,Not present/background
2018-06-17,Cocoa Beach Golf Course; E of (Banana River),28.31338,-80.6298,0.2,0.0,Not present/background
2018-06-17,Pine Island; 18 mi W of,28.583333,-82.953333,0.5,0.0,Not present/background
2018-06-17,Lemon Grove Island; 6 mi W of,28.595,-82.765,0.5,0.0,Not present/background
2018-06-17,South Atlantic Avenue; S of (Ponce de Leon Inlet),29.077013,-80.92288,0.2,0.0,Not present/background
2018-06-18,South Marco Beach,25.91165,-81.72805,0.5,19000.0,Low
2018-06-18,Caxambas Park,25.9124,-81.7171,0.5,6333.0,Very low
2018-06-18,Goodland Bridge,25.9334,-81.6496,0.5,0.0,Not present/background
2018-06-18,Lee Avenue; docks NE of (Big Marco Pass),25.9733,-81.7275,0.5,42333.0,Low
2018-06-18,951 Boat Ramp (Big Marco Pass),25.9804,-81.7029,0.5,31333.0,Low
2018-06-18,Naples Pier,26.13163,-81.8063,0.5,0.0,Not present/background
2018-06-18,Seagate,26.2073,-81.8169,0.5,0.0,Not present/background
2018-06-18,Vanderbilt Beach,26.25375,-81.82377,0.5,0.0,Not present/background
2018-06-18,Barefoot Beach State Preserve,26.30481,-81.8362,0.5,0.0,Not present/background
2018-06-18,Knowles Park Boat Ramp (ICW),26.446944,-80.065833,0.5,0.0,Not present/background
2018-06-18,Merwin Key; W of (San Carlos Bay),26.500278,-82.0475,0.2,0.0,Not present/background
2018-06-18,Buck Key; 1.9 mi NE of (Pine Island Sound),26.532117,-82.15667,0.2,0.0,Not present/background
2018-06-18,Regla Island; 1.4 mi W of (Pine Island Sound),26.53618,-82.14646,0.2,0.0,Not present/background
2018-06-18,Regla Island; W of (Pine Island Sound),26.538,-82.1257,0.2,0.0,Not present/background
2018-06-18,Redfish Pass; 1.8 mi E of (Pine Island Sound),26.560417,-82.170817,0.2,0.0,Not present/background
2018-06-18,Cork Island; W of (Pine Island Sound),26.5767,-82.1347,0.2,0.0,Not present/background
2018-06-18,McCardle Island; SW of (Matlacha Pass),26.5857,-82.0645,0.2,0.0,Not present/background
2018-06-18,Hemp Key; S of (Pine Island Sound),26.5902,-82.1561,0.2,1000.0,Not present/background
2018-06-18,Captiva Rocks; SW of (Pine Island Sound),26.59925,-82.18463,0.2,0.0,Not present/background
2018-06-18,Jug Creek Point; E of (Matlacha Pass),26.7003,-82.1208,0.2,0.0,Not present/background
2018-06-18,Boca Grande Pass,26.7117,-82.2583,0.2,304589.0,Medium
2018-06-18,Cayo Pelau; 2 mi S of (Charlotte Harbor),26.74065,-82.2145,0.2,0.0,Not present/background
2018-06-18,Bull Key; NW of (Bull Bay),26.782417,-82.209383,0.2,0.0,Not present/background
2018-06-18,Cayo Pelau; N of (Gasparilla Sound),26.786021,-82.223062,0.2,0.0,Not present/background
2018-06-18,Sandfly Key; NE of (Gasparilla Sound),26.798,-82.231,0.2,1667.0,Very low
2018-06-18,Gasparilla Pass,26.816167,-82.2805,0.2,624600.0,Medium
2018-06-18,Catfish Creek; mouth of (Gasparilla Sound),26.8164,-82.2526,0.2,20333.0,Low
2018-06-18,Blind Pass Beach,26.96324,-82.38565,0.5,248000.0,Medium
2018-06-18,Manasota Beach,27.01031,-82.41312,0.5,1250000.0,High
2018-06-18,Caspersen Beach,27.05703,-82.4436,0.5,522000.0,Medium
2018-06-18,Brohard Beach,27.06631,-82.448,0.5,138000.0,Medium
2018-06-18,Venice Fishing Pier; N of,27.0735,-82.4515,0.5,289000.0,Medium
2018-06-18,Service Club Park,27.07827,-82.45286,0.5,238000.0,Medium
2018-06-18,Venice Beach,27.10034,-82.46089,0.5,366000.0,Medium
2018-06-18,North Jetty,27.11382,-82.46883,0.5,475000.0,Medium
2018-06-18,Nokomis Beach,27.12332,-82.47122,0.5,408000.0,Medium
2018-06-18,Turtle Beach,27.21843,-82.51711,0.5,34000.0,Low
2018-06-18,Siesta Beach,27.26518,-82.5531,0.5,51000.0,Low
2018-06-18,South Lido Park,27.29818,-82.56739,0.5,31000.0,Low
2018-06-18,Lido Beach Casino,27.311,-82.57718,0.5,56000.0,Low
2018-06-18,North Lido Beach,27.31561,-82.58171,0.5,32000.0,Low
2018-06-18,Ringling Causeway,27.32682,-82.56244,0.5,20000.0,Low
2018-06-18,Bay Dock (Sarasota Bay),27.3316,-82.5779,0.5,147000.0,Medium
2018-06-18,New Pass Dock (Sarasota Bay),27.33375,-82.57938,0.5,228442.0,Medium
2018-06-18,New Pass Dock (Sarasota Bay),27.33375,-82.57938,0.5,130000.0,Medium
2018-06-18,Longboat Key Beach,27.37317,-82.63202,0.5,69000.0,Low
2018-06-18,Longboat Pass Boat Ramp (Sarasota Bay),27.44602,-82.68798,0.5,15667.0,Low
2018-06-18,Palma Sola Bay Bridge,27.4959,-82.6522,0.5,0.0,Not present/background
2018-06-18,Anna Maria Island Rod & Reel Pier (Lower Tampa Bay),27.5385,-82.7402,0.5,333.0,Not present/background
2018-06-18,Fletcher Point (Lower Tampa Bay),27.58512,-82.61482,0.5,0.0,Not present/background
2018-06-18,Skyway Fishing Pier; South (Lower Tampa Bay),27.6055,-82.6508,0.5,333.0,Not present/background
2018-06-18,Mullet Key; Gulf Pier,27.6133,-82.7391,0.5,333.0,Not present/background
2018-06-18,FWRI Peninsula; SE tip of (Bayboro Harbor),27.759803,-82.631267,0.5,0.0,Not present/background
2018-06-18,FWRI Peninsula; SE tip of (Bayboro Harbor),27.759803,-82.631267,5.5,0.0,Not present/background
2018-06-18,La Contessa Pier,27.8121,-82.81915,0.5,0.0,Not present/background
2018-06-18,Roseate Island; NE of (Indian River),27.82037,-80.44951,0.5,0.0,Not present/background
2018-06-18,Barefoot Bay Pier; NE of (Indian River),27.88805,-80.49474,0.5,0.0,Not present/background
2018-06-18,Clearwater Beach Pier 60,27.9777,-82.8323,0.5,0.0,Not present/background
2018-06-18,Diamond Bay (Banana River),28.35034,-80.61298,0.5,0.0,Not present/background
2018-06-18,Harbor Pointe Marina (Indian River),28.615731,-80.802278,0.5,0.0,Not present/background
2018-06-18,Bald Point; 1.2 mi NE of,29.958167,-84.323667,0.5,0.0,Not present/background
2018-06-18,Shell Point; 1.3 mi S of (Apalachee Bay),30.039167,-84.2945,0.5,0.0,Not present/background
2018-06-19,Aregood Lane; marina S of,24.97125,-80.553028,0.5,0.0,Not present/background
2018-06-19,Cape Romano; S of (Gullivan Bay),25.844,-81.678,0.2,35000.0,Low
2018-06-19,Round Key; N of (Fakahatchee Pass),25.851667,-81.524667,0.2,0.0,Not present/background
2018-06-19,Coon Key; S of (Gullivan Bay),25.8815,-81.632167,0.2,0.0,Not present/background
2018-06-19,Shell Key; S of (Gullivan Bay),25.891667,-81.608833,0.2,0.0,Not present/background
2018-06-19,Cherry Estates Parkway; NE of (Monroe Canal),26.50495,-82.082898,0.5,0.0,Not present/background
2018-06-19,Bay Dock (Sarasota Bay),27.3316,-82.5779,0.5,244000.0,Medium
2018-06-19,New Pass Dock (Sarasota Bay),27.33375,-82.57938,0.5,510000.0,Medium
2018-06-19,Johns Pass (Boca Ciega Bay),27.7824,-82.78193,0.5,0.0,Not present/background
2018-06-19,Dixie Highway Bridge; E of (Indian River),27.85566,-80.49085,1.4,0.0,Not present/background
2018-06-19,Indian Rocks Beach,27.895115,-82.850448,0.5,0.0,Not present/background
2018-06-19,Clearwater Pass,27.966333,-82.829017,0.5,0.0,Not present/background
2018-06-19,Clearwater Beach Island; 1.9 mi W of,27.990083,-82.860633,0.5,0.0,Not present/background
2018-06-19,Bird Key; 4 mi W of,28.016517,-82.89315,0.5,0.0,Not present/background
2018-06-19,Beach Woods Pier (Indian River),28.02968,-80.54599,0.5,0.0,Not present/background
2018-06-19,Howard Park,28.155344,-82.807374,0.5,0.0,Not present/background
2018-06-19,Bird Island; W of (Chassahowitzka Bay),28.675,-82.69167,0.3,0.0,Not present/background
2018-06-19,Millender Street; S of (St. George Sound),29.7301,-84.88478,0.1,0.0,Not present/background
2018-06-19,Butchpen Cove; 1.7 mi N of (Pensacola Bay),30.400472,-87.159028,0.5,0.0,Not present/background
2018-06-19,Hernandez Point; 1.7 mi NW of (Escambia Bay),30.466833,-87.122056,0.5,0.0,Not present/background
2018-06-20,John Pennekamp Coral Reef State Park (Largo Sound),25.125743,-80.405312,0.5,0.0,Not present/background
2018-06-20,John Pennekamp Coral Reef State Park (Largo Sound),25.125743,-80.405312,,0.0,Not present/background
2018-06-20,Bonita Beach Park,26.33105,-81.84574,0.5,0.0,Not present/background
2018-06-20,Lovers Key State Park,26.3901,-81.8795,0.5,0.0,Not present/background
2018-06-20,Tarpon Bay Road Beach,26.4217,-82.0801,0.5,0.0,Not present/background
2018-06-20,Lighthouse Beach,26.45157,-82.01543,0.5,0.0,Not present/background
2018-06-20,Lynn Hall Park,26.45398,-81.95776,0.5,0.0,Not present/background
2018-06-20,Alison Hagerup Beach Park,26.5264,-82.1945,0.5,0.0,Not present/background
2018-06-20,Boca Grande Pier (Gasparilla Sound),26.80562,-82.27415,0.5,2313360.0,High
2018-06-20,Don Pedro Island State Park Beach,26.84762,-82.30514,0.5,266000.0,Medium
2018-06-20,Juno Beach Fishing Pier,26.893715,-80.0542,0.5,0.0,Not present/background
2018-06-20,Englewood Beach,26.92467,-82.36189,0.5,548053.0,Medium
2018-06-20,Bay Dock (Sarasota Bay),27.3316,-82.5779,0.5,135000.0,Medium
2018-06-20,New Pass Dock (Sarasota Bay),27.33375,-82.57938,0.5,132000.0,Medium
2018-06-20,Mead Point (Lower Tampa Bay),27.51477,-82.68395,0.5,0.0,Not present/background
2018-06-20,School Key; NE of (Lower Tampa Bay),27.529833,-82.704,0.5,333.0,Not present/background
2018-06-20,Emerson Point Preserve Dock; NE of (Terra Ceia Bay),27.5395,-82.6285,0.5,0.0,Not present/background
2018-06-20,South Skyway Rest Area; NW of (Lower Tampa Bay),27.587433,-82.61895,0.5,0.0,Not present/background
2018-06-20,South Skyway Causeway; NE end of (Lower Tampa Bay),27.59275,-82.629067,0.5,0.0,Not present/background
2018-06-20,Joe Island; N of (Lower Tampa Bay),27.595514,-82.5912,0.5,0.0,Not present/background
2018-06-20,Little Redfish Creek; 1.1 mi NW of (Lower Tampa Bay),27.632617,-82.5782,0.5,0.0,Not present/background
2018-06-20,Bunces Pass; 41 mi W of,27.64966,-83.410366,0.5,0.0,Not present/background
2018-06-20,Bunces Pass; 41 mi W of,27.64966,-83.410366,17.6,0.0,Not present/background
2018-06-20,Bunces Pass; 41 mi W of,27.64966,-83.410366,35.1,0.0,Not present/background
2018-06-20,Bunces Pass; 31 mi W of,27.64966,-83.2474,0.5,0.0,Not present/background
2018-06-20,Bunces Pass; 31 mi W of,27.64966,-83.2474,14.0,0.0,Not present/background
2018-06-20,Bunces Pass; 31 mi W of,27.64966,-83.2474,20.1,0.0,Not present/background
2018-06-20,Bunces Pass; 21 mi W of,27.64966,-83.084434,0.5,0.0,Not present/background
2018-06-20,Bunces Pass; 21 mi W of,27.64966,-83.084434,10.0,0.0,Not present/background
2018-06-20,Bunces Pass; 21 mi W of,27.64966,-83.084434,19.0,0.0,Not present/background
2018-06-20,Bunces Pass; 11 mi W of,27.64966,-82.921468,0.5,0.0,Not present/background
2018-06-20,Bunces Pass; 11 mi W of,27.64966,-82.921468,11.3,0.0,Not present/background
2018-06-20,Bunces Pass; 5.8 mi W of,27.64966,-82.84019,0.5,0.0,Not present/background
2018-06-20,Bunces Pass; 5.8 mi W of,27.64966,-82.84019,9.0,0.0,Not present/background
2018-06-20,Redington Shores; 47 mi W of,27.8291,-83.6118,0.5,0.0,Not present/background
2018-06-20,Redington Shores; 47 mi W of,27.8291,-83.6118,15.0,0.0,Not present/background
2018-06-20,Redington Shores; 47 mi W of,27.8291,-83.6118,29.4,0.0,Not present/background
2018-06-20,Barefoot Bay Pier (Indian River),27.88507,-80.5008,0.6,0.0,Not present/background
2018-06-20,Moonshine Island; 16 mi W of,28.0063,-83.08608,0.5,333.0,Not present/background
2018-06-20,Moonshine Island; 16 mi W of,28.0063,-83.08608,22.1,0.0,Not present/background
2018-06-20,Moonshine Island; 36 mi W of,28.00808,-83.41197,0.5,0.0,Not present/background
2018-06-20,Moonshine Island; 36 mi W of,28.00808,-83.41197,12.5,0.0,Not present/background
2018-06-20,Moonshine Island; 36 mi W of,28.00808,-83.41197,25.1,0.0,Not present/background
2018-06-20,Moonshine Island; 26 mi W of,28.0088,-83.2503,0.5,0.0,Not present/background
2018-06-20,Moonshine Island; 26 mi W of,28.0088,-83.2503,10.1,0.0,Not present/background
2018-06-20,Moonshine Island; 26 mi W of,28.0088,-83.2503,30.9,0.0,Not present/background
2018-06-20,Moonshine Island; 5.8 mi W of,28.00893,-82.92327,0.5,0.0,Not present/background
2018-06-20,Moonshine Island; 5.8 mi W of,28.00893,-82.92327,17.1,0.0,Not present/background
2018-06-20,Geiger Point; Melbourne Causeway at (Indian River),28.08245,-80.59505,0.2,0.0,Not present/background
2018-06-20,Eau Gallie Pier (Indian River),28.13248,-80.62418,0.2,0.0,Not present/background
2018-06-20,Hawksbill Island Drive; canal E of (Banana River),28.198262,-80.612495,0.5,0.0,Not present/background
2018-06-20,Ramp Road Park Boat Ramp (Banana River),28.309033,-80.614283,0.2,0.0,Not present/background
2018-06-20,520 Slick Boat Ramp (Banana River),28.357133,-80.62844,0.2,0.0,Not present/background
2018-06-20,Kelly Park (Banana River),28.4017,-80.66245,0.2,0.0,Not present/background
2018-06-20,Highway 401; S of (Banana River),28.4025,-80.6301,0.1,0.0,Not present/background
2018-06-20,Highway 401; S of (Banana River),28.4025,-80.6301,0.4,0.0,Not present/background
2018-06-20,Port St. John Boat Ramp (Indian River),28.475083,-80.766533,0.2,0.0,Not present/background
2018-06-20,NASA Causeway; SE side of (Indian River),28.52641,-80.7391,0.2,0.0,Not present/background
2018-06-20,Parrish Park Boat Ramp (Indian River),28.62365,-80.795517,0.2,0.0,Not present/background
2018-06-20,Pine Log Island; 3.3 mi SW of,29.625,-83.45833,0.3,0.0,Not present/background
2018-06-20,Pensacola Beach Pier,30.3273,-87.1419,1.0,0.0,Not present/background
2018-06-20,Navarre Pier,30.376,-86.8631,0.5,0.0,Not present/background
2018-06-21,Hudgins Drive; canal SE of,24.644763,-81.44448,0.5,0.0,Not present/background
2018-06-21,Sawyer Key; 2 mi NW of,24.769483,-81.601017,0.2,0.0,Not present/background
2018-06-21,Sawyer Key; 3.2 mi NW of,24.78372,-81.61275,0.2,0.0,Not present/background
2018-06-21,Sawyer Key; 5.1 mi NW of,24.79875,-81.638667,0.2,0.0,Not present/background
2018-06-21,Sawyer Key; 7 mi NW of,24.811917,-81.664667,0.2,0.0,Not present/background
2018-06-21,Caesar Creek (Biscayne Bay),25.3951,-80.23246,3.0,0.0,Not present/background
2018-06-21,Sands Cut (Biscayne Bay),25.49465,-80.17763,1.0,0.0,Not present/background
2018-06-21,Lewis Cut (Biscayne Bay),25.52142,-80.17476,2.0,0.0,Not present/background
2018-06-21,South Marco Beach,25.91165,-81.72805,0.5,3667.0,Very low
2018-06-21,Naples Pier,26.13163,-81.8063,0.5,0.0,Not present/background
2018-06-21,Seagate,26.2073,-81.8169,0.5,0.0,Not present/background
2018-06-21,Vanderbilt Beach,26.25375,-81.82377,0.5,0.0,Not present/background
2018-06-21,Barefoot Beach State Preserve,26.30481,-81.8362,0.5,0.0,Not present/background
2018-06-21,Wheeler Road; NW of,26.743117,-82.264712,0.5,869139.0,Medium
2018-06-21,Hog Island; S of (Charlotte Harbor),26.911667,-82.158833,0.2,0.0,Not present/background
2018-06-21,La Mancha Court; canal S of,26.91191,-82.08591,0.5,0.0,Not present/background
2018-06-21,Shreve Park (Charlotte Harbor),26.93051,-82.05977,0.5,0.0,Not present/background
2018-06-21,Sandsprit Park; E of (St. Lucie River),27.16415,-80.190517,0.3,0.0,Not present/background
2018-06-21,Bay Dock (Sarasota Bay),27.3316,-82.5779,0.5,288000.0,Medium
2018-06-21,New Pass Dock (Sarasota Bay),27.33375,-82.57938,0.5,83000.0,Low
2018-06-21,Snell Isle; 2.3 mi SE of (Middle Tampa Bay),27.7723,-82.5789,0.5,0.0,Not present/background
2018-06-21,Weedon Island; E of (Old Tampa Bay),27.86111,-82.58911,0.5,0.0,Not present/background
2018-06-21,Big Island; 2.2 mi E of (Old Tampa Bay),27.9055,-82.6046,0.5,0.0,Not present/background
2018-06-21,Big Island; 2.2 mi E of (Old Tampa Bay),27.9055,-82.6046,3.0,0.0,Not present/background
2018-06-21,San Jose St; W of (Old Tampa Bay),27.9244,-82.5496,0.5,0.0,Not present/background
2018-06-21,High Point; 2 mi NE of (Old Tampa Bay),27.942,-82.675,0.5,0.0,Not present/background
2018-06-21,High Point; 2 mi NE of (Old Tampa Bay),27.942,-82.675,3.7,0.0,Not present/background
2018-06-21,Howard Frankland Bridge; N of (Old Tampa Bay),27.949,-82.561,0.5,0.0,Not present/background
2018-06-21,C. Campbell Causeway; S of (Old Tampa Bay),27.957,-82.622,0.5,0.0,Not present/background
2018-06-21,C. Campbell Causeway; S of (Old Tampa Bay),27.957,-82.622,3.7,0.0,Not present/background
2018-06-21,Cooper Point; E of (Old Tampa Bay),27.972,-82.673,0.5,0.0,Not present/background
2018-06-21,Clearwater Beach Pier 60,27.9777,-82.8323,0.5,0.0,Not present/background
2018-06-21,Old Tampa Bay Park; 1.7 mi S of (Old Tampa Bay),27.98,-82.62,0.5,0.0,Not present/background
2018-06-21,Philippe Park; NE of (Safety Harbor),28.02,-82.675,0.5,0.0,Not present/background
2018-06-21,Philippe Park; NE of (Safety Harbor),28.02,-82.675,2.5,0.0,Not present/background
2018-06-21,Pine Island; 18 mi W of,28.583333,-82.953333,0.5,333.0,Not present/background
2018-06-21,West Granada Bridge; 2 mi N of (Halifax River),29.31553,-81.06041,0.5,0.0,Not present/background
2018-06-21,Tomoka Outpost; W of (Halifax River),29.34955,-81.092083,0.5,0.0,Not present/background
2018-06-21,Tomoka Outpost; E of (Halifax River),29.3519,-81.08305,0.5,0.0,Not present/background
2018-06-21,High Bridge Road; S of (Halifax River),29.40195,-81.09755,0.5,0.0,Not present/background
2018-06-21,Baker Point; NE of (East Bay),30.025611,-85.473,0.5,0.0,Not present/background
2018-06-21,Cedar Point; NE of (East Bay),30.103611,-85.556528,0.5,0.0,Not present/background
2018-06-22,Molasses Reef Lighthouse; SW of,25.01,-80.38,1.0,0.0,Not present/background
2018-06-22,Molasses Reef Lighthouse; SW of,25.01,-80.38,4.5,0.0,Not present/background
2018-06-22,Pavilion Key; 9.2 mi SW of,25.6161,-81.4735,0.2,0.0,Not present/background
2018-06-22,Pavilion Key; 5.8 mi SW of,25.6379,-81.4241,0.2,0.0,Not present/background
2018-06-22,Pavilion Key; 2.9 mi SW of,25.6614,-81.3856,0.2,0.0,Not present/background
2018-06-22,Pavilion Key; SW of,25.6817,-81.3579,0.2,0.0,Not present/background
2018-06-22,951 Boat Ramp (Big Marco Pass),25.9804,-81.7029,0.5,26333.0,Low
2018-06-22,Bay Dock (Sarasota Bay),27.3316,-82.5779,0.5,3000.0,Very low
2018-06-22,New Pass Dock (Sarasota Bay),27.33375,-82.57938,0.5,67000.0,Low
2018-06-22,Tampa Bay Yacht and Country Club (Hillsborough Bay),27.8878,-82.480667,0.5,0.0,Not present/background
2018-06-22,Anclote Gulf Park Pier (Anclote Anchorage),28.1925,-82.7881,3.0,0.0,Not present/background
2018-06-22,Green Key Beach,28.253409,-82.756975,1.0,0.0,Not present/background
2018-06-22,Hudson Beach Park; canal N of,28.36258,-82.70894,2.0,0.0,Not present/background
2018-06-22,Bairs Cove Boat Ramp (Haulover Canal),28.734014,-80.756779,1.0,0.0,Not present/background
2018-06-22,Lopez Marina; S of (Mosquito Lagoon),28.874677,-80.840263,1.0,0.0,Not present/background
2018-06-22,Axe Island; 4.1 mi W of,29.30833,-83.24167,0.3,0.0,Not present/background
2018-06-22,Bird Island; 7.4 mi W of,29.583333,-83.531667,0.5,0.0,Not present/background
2018-06-22,Bird Island; 2.5 mi SW of,29.5928,-83.4471,0.5,0.0,Not present/background
2018-06-23,Boca Chica Key; 5.4 mi S of,24.478,-81.717,1.0,0.0,Not present/background
2018-06-23,Boca Chica Key; 5.4 mi S of,24.478,-81.717,19.0,0.0,Not present/background
2018-06-23,Looe Key; SW of,24.5383,-81.4133,1.0,0.0,Not present/background
2018-06-23,Looe Key; SW of,24.5383,-81.4133,29.0,0.0,Not present/background
2018-06-23,Little Duck Key; 6.4 mi S of,24.5983,-81.1833,1.0,0.0,Not present/background
2018-06-23,Money Key; SE of,24.675,-81.205,1.0,0.0,Not present/background
2018-06-23,Conch Key; 6.2 mi SE of,24.7133,-80.8317,1.0,0.0,Not present/background
2018-06-23,Conch Key; 1.5 mi E of,24.7883,-80.86,1.0,0.0,Not present/background
2018-06-23,Craig Key; 1.1 mi S of,24.8208,-80.7567,1.0,0.0,Not present/background
2018-06-23,Lower Arsnicker Keys; 7.2 mi W of,24.9159,-80.943,0.2,0.0,Not present/background
2018-06-23,Upper Arsnicker Keys; 8.5 mi NW of,24.93815,-80.9653,0.2,0.0,Not present/background
2018-06-23,Sandy Key; 5.2 mi SW of,24.96038,-80.98737,0.2,0.0,Not present/background
2018-06-23,Sandy Key; 3.4 mi S of,24.98417,-81.0118,0.2,0.0,Not present/background
2018-06-23,Ft. Myers Beach; 3.2 mi S of,26.404167,-81.962467,0.5,0.0,Not present/background
2018-06-23,Ft. Myers Beach; 1.7 mi SW of,26.430667,-81.968083,0.5,333.0,Not present/background
2018-06-23,Fred Howard Park,28.152594,-82.805503,1.0,0.0,Not present/background
2018-06-23,John Beasley Park; 4.7 mi S of,30.32705,-86.56225,0.5,0.0,Not present/background
2018-06-23,Alconese Avenue SE; SE of (ICW),30.401,-86.599983,0.5,0.0,Not present/background
2018-06-24,Channelview Drive; E of (Pine Channel),24.668333,-81.38375,0.5,0.0,Not present/background
2018-06-24,Shark River Island; 5.3 mi W of,25.35,-81.2273,1.0,0.0,Not present/background
2018-06-24,Marquesas Keys; 56 mi N of,25.4017,-82.21,1.0,0.0,Not present/background
2018-06-24,Broad River; 8.9 mi W of,25.4533,-81.3083,1.0,0.0,Not present/background
2018-06-24,Wood Key; 3.3 mi W of,25.5833,-81.2917,1.0,0.0,Not present/background
2018-06-24,Wood Key; 14 mi W of,25.5835,-81.4707,1.0,0.0,Not present/background
2018-06-24,Kingston Key; 8.6 mi SW of,25.7333,-81.575,1.0,0.0,Not present/background
2018-06-24,Crate Key; 36 mi W of,25.7417,-81.9433,1.0,0.0,Not present/background
2018-06-24,Marco Island; 4.4 mi W of,25.9117,-81.8,1.0,1242739.0,High
2018-06-24,Big Island; SE of (San Carlos Bay),26.496467,-82.0298,0.5,0.0,Not present/background
2018-06-24,Sirenia Vista Canoe & Kayak Launch,26.64413,-82.05578,1.0,0.0,Not present/background
2018-06-24,North Shore Park (Caloosahatchee River),26.6573,-81.8829,1.0,0.0,Not present/background
2018-06-24,Barefoot Bay Pier (Indian River),27.88507,-80.5008,0.7,0.0,Not present/background
2018-06-24,North Anclote Key; NE of (Anclote Anchorage),28.226767,-82.8381,0.3,0.0,Not present/background
2018-06-24,Cocoa Beach Golf Course; E of (Banana River),28.31338,-80.6298,1.0,0.0,Not present/background
2018-06-25,Curry Hammock State Park,24.745329,-80.982141,0.5,0.0,Not present/background
2018-06-25,Curry Hammock State Park,24.745329,-80.982141,0.5,0.0,Not present/background
2018-06-25,East Bahia Honda Key; 11 mi N of,24.93,-81.1667,1.0,0.0,Not present/background
2018-06-25,Cape Sable; 1.1 mi S of,25.1017,-81.0933,1.0,0.0,Not present/background
2018-06-25,Cape Sable; 32 mi W of,25.1667,-81.6533,1.0,0.0,Not present/background
2018-06-25,Cape Sable; 12 mi W of,25.1667,-81.336,1.0,0.0,Not present/background
2018-06-25,Cape Sable; 5.9 mi W of,25.1667,-81.235,1.0,0.0,Not present/background
2018-06-25,Shark River Island; NW of,25.3453,-81.1528,1.0,0.0,Not present/background
2018-06-25,Shark River Island; 3.2 mi W of,25.3502,-81.1933,1.0,0.0,Not present/background
2018-06-25,Shark River Island; 32 mi W of,25.3517,-81.6533,1.0,0.0,Not present/background
2018-06-25,Shark River Island; 22 mi W of,25.3517,-81.49,10.8,0.0,Not present/background
2018-06-25,Shark River Island; 12 mi W of,25.3517,-81.336,1.0,0.0,Not present/background
2018-06-25,Shark River Island; 7.7 mi W of,25.3517,-81.265,1.0,0.0,Not present/background
2018-06-25,South Marco Beach,25.91165,-81.72805,1.0,667.0,Not present/background
2018-06-25,Naples Pier,26.13163,-81.8063,1.0,0.0,Not present/background
2018-06-25,Seagate,26.2073,-81.8169,1.0,0.0,Not present/background
2018-06-25,Vanderbilt Beach,26.25375,-81.82377,1.0,0.0,Not present/background
2018-06-25,Barefoot Beach State Preserve,26.30481,-81.8362,1.0,0.0,Not present/background
2018-06-25,Buck Key; S of (Blind Pass),26.488,-82.1815,0.2,0.0,Not present/background
2018-06-25,York Island; W of (Pine Island Sound),26.4887,-82.1073,0.2,0.0,Not present/background
2018-06-25,Merwin Key; W of (San Carlos Bay),26.500278,-82.0475,0.2,0.0,Not present/background
2018-06-25,Givney Key; E of (Matlacha Pass),26.51625,-82.049583,0.5,0.0,Not present/background
2018-06-25,Buck Key; 1.9 mi NE of (Pine Island Sound),26.532117,-82.15667,0.2,1333.0,Very low
2018-06-25,Regla Island; 1.4 mi W of (Pine Island Sound),26.53618,-82.14646,0.2,0.0,Not present/background
2018-06-25,Regla Island; W of (Pine Island Sound),26.538,-82.1257,0.2,0.0,Not present/background
2018-06-25,Redfish Pass (Pine Island Sound),26.5535,-82.1963,0.2,322230.0,Medium
2018-06-25,Redfish Pass; 1.8 mi E of (Pine Island Sound),26.560417,-82.170817,0.2,396950.0,Medium
2018-06-25,Cork Island; W of (Pine Island Sound),26.5767,-82.1347,0.2,333.0,Not present/background
2018-06-25,McCardle Island; SW of (Matlacha Pass),26.5857,-82.0645,0.2,0.0,Not present/background
2018-06-25,Hemp Key; S of (Pine Island Sound),26.5902,-82.1561,0.2,4111.0,Very low
2018-06-25,Captiva Rocks; SW of (Pine Island Sound),26.59925,-82.18463,0.2,667.0,Not present/background
2018-06-25,Captiva Pass,26.6092,-82.221,0.2,240000.0,Medium
2018-06-25,Mondongo Island; W of (Pine Island Sound),26.6798,-82.2196,0.2,1258839.0,High
2018-06-25,Jug Creek Point; E of (Matlacha Pass),26.7003,-82.1208,0.2,0.0,Not present/background
2018-06-25,Little Bokeelia Island; N of (Charlotte Harbor),26.705,-82.1837,0.2,1000.0,Not present/background
2018-06-25,Boca Grande Pass,26.7117,-82.2583,0.2,25000.0,Low
2018-06-25,South Harbor Drive; NE of (Charlotte Harbor),26.72451,-82.259342,0.5,599317.0,Medium
2018-06-25,Gasparilla Island; W of,26.75955,-82.266,0.5,333.0,Not present/background
2018-06-25,Gasparilla Island; NW of (Gasparilla Pass),26.8117,-82.288017,0.5,1000517.0,High
2018-06-25,Little Gasparilla Island; SW of (Gasparilla Pass),26.813567,-82.288333,0.5,18392869.0,High
2018-06-25,Blind Pass Beach,26.96324,-82.38565,0.5,685000.0,Medium
2018-06-25,Manasota Beach,27.01031,-82.41312,0.5,343000.0,Medium
2018-06-25,Caspersen Beach,27.05703,-82.4436,0.5,182000.0,Medium
2018-06-25,Brohard Beach,27.06631,-82.448,0.5,4000.0,Very low
2018-06-25,Venice Fishing Pier; N of,27.0735,-82.4515,0.5,1000.0,Not present/background
2018-06-25,Service Club Park,27.07827,-82.45286,0.5,20000.0,Low
2018-06-25,Venice Beach,27.10034,-82.46089,0.5,1788000.0,High
2018-06-25,North Jetty,27.11382,-82.46883,0.5,3227000.0,High
2018-06-25,Nokomis Beach,27.12332,-82.47122,0.5,245000.0,Medium
2018-06-25,Turtle Beach,27.21843,-82.51711,0.5,23000.0,Low
2018-06-25,Siesta Beach,27.26518,-82.5531,0.5,30000.0,Low
2018-06-25,South Lido Park,27.29818,-82.56739,0.5,1000.0,Not present/background
2018-06-25,Lido Beach Casino,27.311,-82.57718,0.5,0.0,Not present/background
2018-06-25,North Lido Beach,27.31561,-82.58171,0.5,3000.0,Very low
2018-06-25,Ringling Causeway,27.32682,-82.56244,0.5,0.0,Not present/background
2018-06-25,Bay Dock (Sarasota Bay),27.3316,-82.5779,0.5,7000.0,Very low
2018-06-25,New Pass Dock (Sarasota Bay),27.33375,-82.57938,0.5,6333.0,Very low
2018-06-25,New Pass Dock (Sarasota Bay),27.33375,-82.57938,0.5,7000.0,Very low
2018-06-25,Longboat Key Beach,27.37317,-82.63202,0.5,0.0,Not present/background
2018-06-25,Longboat Pass Boat Ramp (Sarasota Bay),27.44602,-82.68798,0.5,0.0,Not present/background
2018-06-25,Palma Sola Bay Bridge,27.4959,-82.6522,0.5,0.0,Not present/background
2018-06-25,Anna Maria Island Rod & Reel Pier (Lower Tampa Bay),27.5385,-82.7402,0.5,0.0,Not present/background
2018-06-25,Fletcher Point (Lower Tampa Bay),27.58512,-82.61482,0.5,0.0,Not present/background
2018-06-25,Skyway Fishing Pier; South (Lower Tampa Bay),27.6055,-82.6508,0.5,0.0,Not present/background
2018-06-25,Mullet Key; Gulf Pier,27.6133,-82.7391,0.5,0.0,Not present/background
2018-06-25,FWRI Peninsula; SE tip of (Bayboro Harbor),27.759803,-82.631267,0.5,0.0,Not present/background
2018-06-25,FWRI Peninsula; SE tip of (Bayboro Harbor),27.759803,-82.631267,5.5,0.0,Not present/background
2018-06-25,La Contessa Pier,27.8121,-82.81915,0.5,0.0,Not present/background
2018-06-25,South Howard Avenue; S of (Hillsborough Bay),27.924797,-82.482938,0.1,0.0,Not present/background
2018-06-25,Clearwater Beach Pier 60,27.9777,-82.8323,0.5,0.0,Not present/background
2018-06-25,Tropic; SW of (Indian River),28.1505,-80.635,0.5,0.0,Not present/background
2018-06-25,Anclote Gulf Park,28.19376,-82.789063,0.5,0.0,Not present/background
2018-06-25,Harbor Pointe Marina (Indian River),28.615731,-80.802278,0.5,0.0,Not present/background
2018-06-25,Sikes Cut; 1.3 mi S of,29.595433,-84.9652,1.0,0.0,Not present/background
2018-06-25,Sikes Cut; 1.1 mi E of,29.608483,-84.941167,1.0,0.0,Not present/background
2018-06-25,Marineland Marina; N of (Matanzas River),29.6752,-81.2201,0.3,0.0,Not present/background
2018-06-25,Rattlesnake Island; N of (Matanzas River),29.7194,-81.2458,0.3,0.0,Not present/background
2018-06-25,Devils Elbow Fishing Resort; W of (Matanzas River),29.7532,-81.2511,0.3,0.0,Not present/background
2018-06-26,Bonita Beach (Estero Bay),26.35497,-81.84452,0.7,333.0,Not present/background
2018-06-26,Long Key (Estero Bay),26.38591,-81.84631,0.9,0.0,Not present/background
2018-06-26,Estero Island (Estero Bay),26.43494,-81.91138,1.0,0.0,Not present/background
2018-06-26,Boca Grande Pass,26.7117,-82.2583,0.2,381444.0,Medium
2018-06-26,Cayo Pelau; 2 mi S of (Charlotte Harbor),26.74065,-82.2145,0.2,1525533.0,High
2018-06-26,Three Sisters Island; SE of (Charlotte Harbor),26.760389,-82.245444,0.5,16667.0,Low
2018-06-26,Bull Key; NW of (Bull Bay),26.782417,-82.209383,0.2,0.0,Not present/background
2018-06-26,Cayo Pelau; N of (Gasparilla Sound),26.786021,-82.223062,0.2,23000.0,Low
2018-06-26,Sandfly Key; NE of (Gasparilla Sound),26.798,-82.231,0.2,18333.0,Low
2018-06-26,Gasparilla Pass,26.816167,-82.2805,0.2,1895250.0,High
2018-06-26,Catfish Creek; mouth of (Gasparilla Sound),26.8164,-82.2526,0.2,557806.0,Medium
2018-06-26,Bird Key; SE of (Gasparilla Sound),26.816417,-82.274944,0.5,848383.0,Medium
2018-06-26,Garfield Court; SW of (Placida Harbor),26.8385,-82.2795,0.2,402906.0,Medium
2018-06-26,Stump Pass (Lemon Bay),26.898667,-82.339333,0.2,2272733.0,High
2018-06-26,Tom Adams Bridge; S of (Lemon Bay),26.9307,-82.3498,0.2,5657534.0,High
2018-06-26,Blind Pass Beach; E of (Lemon Bay),26.96324,-82.3747,0.2,2000.0,Very low
2018-06-26,Bay Dock (Sarasota Bay),27.3316,-82.5779,0.5,42000.0,Low
2018-06-26,New Pass Dock (Sarasota Bay),27.33375,-82.57938,0.5,4000.0,Very low
2018-06-26,Round Island; 3 mi W of,28.514533,-82.73455,0.5,0.0,Not present/background
2018-06-26,Centipede Bay; 4.9 mi W of,28.516317,-82.7489,0.5,0.0,Not present/background
2018-06-26,NASA Causeway; N of (Indian River),28.52811,-80.76569,0.5,0.0,Not present/background
2018-06-26,Rock Island; 7.7 mi W of,28.564917,-82.78085,0.5,0.0,Not present/background
2018-06-26,Pine Island; N of,28.57895,-82.654267,0.5,0.0,Not present/background
2018-06-26,Menzo Park; 1.1 mi E of (Indian River),28.5808,-80.7806,0.5,0.0,Not present/background
2018-06-26,Space View Park; SE of (Indian River),28.60796,-80.79474,0.5,0.0,Not present/background
2018-06-26,Black Point; 1.2 mi NW of (Indian River),28.69283,-80.80489,0.5,0.0,Not present/background
2018-06-26,Seahorse Key; 8.4 mi SW of,29.02313,-83.18087,0.5,0.0,Not present/background
2018-06-26,Seahorse Key; 2.5 mi SW of,29.08132,-83.1102,0.5,0.0,Not present/background
2018-06-26,Compass Point; 1.7 mi SW of (Waccasassa Bay),29.14167,-82.85833,0.5,0.0,Not present/background
2018-06-26,Black Point; W of,29.1798,-83.0691,0.5,0.0,Not present/background
2018-06-26,McClamory Key; SW of,29.1803,-83.0851,0.5,0.0,Not present/background
2018-06-26,Pensacola Beach Pier,30.3273,-87.1419,1.0,0.0,Not present/background
2018-06-26,Okaloosa Island Fishing Pier,30.393311,-86.592428,0.5,0.0,Not present/background
2018-06-27,Flagship Drive; canal N of,24.661567,-81.439933,0.5,0.0,Not present/background
2018-06-27,Helen Street; canal S of,24.695417,-81.349567,0.5,0.0,Not present/background
2018-06-27,Avenue M; canal W of,24.732467,-80.999267,0.5,0.0,Not present/background
2018-06-27,Lower Matecumbe Beach; S of,24.84805,-80.7343,0.5,0.0,Not present/background
2018-06-27,Lower Matecumbe Beach,24.848417,-80.734667,0.5,0.0,Not present/background
2018-06-27,Robbie's Marina,24.883467,-80.690467,0.5,0.0,Not present/background
2018-06-27,Treasure Harbor Drive; S of,24.9535,-80.5714,0.5,0.0,Not present/background
2018-06-27,South Drive; E of,24.957183,-80.56555,0.5,0.0,Not present/background
2018-06-27,Normandy Drive; canal W of,25.01715,-80.5056,0.5,0.0,Not present/background
2018-06-27,Sea Fan Road; Marina S of,25.042883,-80.4884,0.5,0.0,Not present/background
2018-06-27,Sea Dog Road;  SE of,25.043017,-80.488167,0.5,0.0,Not present/background
2018-06-27,John Pennekamp Coral Reef State Park (Largo Sound),25.124917,-80.405433,0.5,0.0,Not present/background
2018-06-27,Bonita Beach Park,26.33105,-81.84574,0.5,0.0,Not present/background
2018-06-27,Lovers Key State Park,26.3901,-81.8795,0.5,0.0,Not present/background
2018-06-27,Tarpon Bay Road Beach,26.4217,-82.0801,0.5,333.0,Not present/background
2018-06-27,Lighthouse Beach,26.45157,-82.01543,0.5,0.0,Not present/background
2018-06-27,Lynn Hall Park,26.45398,-81.95776,0.5,0.0,Not present/background
2018-06-27,Sanibel Causeway: SE end of (San Carlos Bay),26.4836,-82.012,,333.0,Not present/background
2018-06-27,Punta Rassa Road; S of (San Carlos Bay),26.4848,-82.0019,0.5,333.0,Not present/background
2018-06-27,Alison Hagerup Beach Park,26.5264,-82.1945,0.5,3667.0,Very low
2018-06-27,Boca Grande Pier (Gasparilla Sound),26.80562,-82.27415,0.5,0.0,Not present/background
2018-06-27,Juno Beach Fishing Pier,26.893715,-80.0542,0.5,0.0,Not present/background
2018-06-27,Bay Dock (Sarasota Bay),27.3316,-82.5779,0.5,52000.0,Low
2018-06-27,New Pass Dock (Sarasota Bay),27.33375,-82.57938,0.5,11000.0,Low
2018-06-27,New Pass Dock (Sarasota Bay),27.33375,-82.57938,0.5,4333.0,Very low
2018-06-27,Mead Point (Lower Tampa Bay),27.51477,-82.68395,0.5,0.0,Not present/background
2018-06-27,School Key; NE of (Lower Tampa Bay),27.529833,-82.704,0.5,0.0,Not present/background
2018-06-27,South Skyway Rest Area; NW of (Lower Tampa Bay),27.587433,-82.61895,0.5,0.0,Not present/background
2018-06-27,South Skyway Causeway; NE end of (Lower Tampa Bay),27.59275,-82.629067,0.5,0.0,Not present/background
2018-06-27,Joe Island; N of (Lower Tampa Bay),27.595514,-82.5912,0.5,0.0,Not present/background
2018-06-27,Little Redfish Creek; 1.1 mi NW of (Lower Tampa Bay),27.632617,-82.5782,0.5,0.0,Not present/background
2018-06-27,Beach Woods Pier (Indian River),28.02968,-80.54599,0.5,0.0,Not present/background
2018-06-27,Geiger Point; Melbourne Causeway at (Indian River),28.08245,-80.59505,0.2,0.0,Not present/background
2018-06-27,Eau Gallie Pier (Indian River),28.13248,-80.62418,0.2,0.0,Not present/background
2018-06-27,Hawksbill Island Drive; canal E of (Banana River),28.198262,-80.612495,0.5,0.0,Not present/background
2018-06-27,Ramp Road Park Boat Ramp (Banana River),28.309033,-80.614283,0.2,0.0,Not present/background
2018-06-27,520 Slick Boat Ramp (Banana River),28.357133,-80.62844,0.2,0.0,Not present/background
2018-06-27,Kelly Park (Banana River),28.4017,-80.66245,0.2,0.0,Not present/background
2018-06-27,Port St. John Boat Ramp (Indian River),28.475083,-80.766533,0.2,0.0,Not present/background
2018-06-27,NASA Causeway; SE side of (Indian River),28.52641,-80.7391,0.2,0.0,Not present/background
2018-06-27,Parrish Park Boat Ramp (Indian River),28.62365,-80.795517,0.2,0.0,Not present/background
2018-06-27,Big Pine Island; 1.3 mi W of,29.382833,-83.224,0.5,0.0,Not present/background
2018-06-27,Cotton Island; 1.5 mi SE of (Horseshoe Cove),29.408833,-83.2655,0.5,0.0,Not present/background
2018-06-27,Millender Street; S of (St. George Sound),29.7301,-84.88478,0.1,0.0,Not present/background
2018-06-27,Navarre Pier,30.376,-86.8631,0.5,0.0,Not present/background
2018-06-28,Harbor Key; 4.2 mi NW of,24.8887,-81.4529,0.2,0.0,Not present/background
2018-06-28,Harbor Key; 5.8 mi N of,24.9128,-81.4392,0.2,0.0,Not present/background
2018-06-28,Big Spanish Key; 8 mi N of,24.9317,-81.4076,0.2,0.0,Not present/background
2018-06-28,Big Spanish Key; 9 mi N of,24.9436,-81.3729,0.2,0.0,Not present/background
2018-06-28,South Marco Beach,25.91165,-81.72805,0.5,5667.0,Very low
2018-06-28,Naples Pier,26.13163,-81.8063,0.5,0.0,Not present/background
2018-06-28,Seagate,26.2073,-81.8169,0.5,0.0,Not present/background
2018-06-28,Vanderbilt Beach,26.25375,-81.82377,0.5,0.0,Not present/background
2018-06-28,Wiggins Pass; 32 mi W of,26.28597,-82.34245,0.5,52000.0,Low
2018-06-28,Wiggins Pass; 32 mi W of,26.28597,-82.34245,14.9,2000.0,Very low
2018-06-28,Barefoot Beach State Preserve,26.30481,-81.8362,0.5,0.0,Not present/background
2018-06-28,Barefoot Beach; 10 mi W of,26.3141,-82.00202,0.5,0.0,Not present/background
2018-06-28,Barefoot Beach; 10 mi W of,26.3141,-82.00202,9.4,4000.0,Very low
2018-06-28,Bonita Beach Park,26.33148,-81.846456,0.5,0.0,Not present/background
2018-06-28,Tarpon Bay Road Beach; 6.2 mi SW of,26.339,-82.119,0.5,18000.0,Low
2018-06-28,Tarpon Bay Road Beach; 6.2 mi SW of,26.339,-82.119,9.3,52000.0,Low
2018-06-28,Sanibel Beach; 4.9 mi SE of,26.3878,-81.97891,0.5,1000.0,Not present/background
2018-06-28,Sanibel Beach; 4.9 mi SE of,26.3878,-81.97891,6.8,2000.0,Very low
2018-06-28,Sanibel Beach; 4.9 mi SE of,26.3878,-81.97891,0.5,0.0,Not present/background
2018-06-28,Bowmans Beach; 4 mi SW of,26.41634,-82.2026,0.5,84000.0,Low
2018-06-28,Bowmans Beach; 4 mi SW of,26.41634,-82.2026,8.0,114000.0,Medium
2018-06-28,Sanibel Fishing Pier; NE of (San Carlos Bay),26.455817,-82.014,0.5,0.0,Not present/background
2018-06-28,Captiva Island; 5.2 mi W of,26.50312,-82.27413,0.5,261000.0,Medium
2018-06-28,Captiva Island; 5.2 mi W of,26.50312,-82.27413,9.0,175000.0,Medium
2018-06-28,5.7 mi West of Captiva Island,26.53886,-82.27969,0.5,683000.0,Medium
2018-06-28,Regla Island; 1.1 mi W of (Pine Island Sound),26.5416,-82.13975,0.5,0.0,Not present/background
2018-06-28,4 mi WSW of North Captiva Island,26.57338,-82.285,0.5,796000.0,Medium
2018-06-28,Captiva Pass; 18 mi W of,26.603433,-82.5067,0.5,2000.0,Very low
2018-06-28,Captiva Pass; 4.2 mi W of,26.61003,-82.29105,0.5,1809000.0,High
2018-06-28,Captiva Pass; 4.2 mi W of,26.61003,-82.29105,9.8,327000.0,Medium
2018-06-28,Captiva Pass; 14 mi W of,26.623517,-82.4396,0.5,0.0,Not present/background
2018-06-28,3.7 mi WSW of Nokomis Key,26.63501,-82.28841,0.5,613000.0,Medium
2018-06-28,Captiva Pass; 10 mi W of,26.660067,-82.37795,0.5,119667.0,Medium
2018-06-28,2.4 mi WSW of Costa Cayo,26.66334,-82.2856,0.5,1085000.0,High
2018-06-28,Old Bridge Park (Caloosahatchee River),26.672041,-81.866473,0.5,0.0,Not present/background
2018-06-28,Boca Grande Pass; 4.3 mi W of,26.688367,-82.32245,0.5,675640.0,Medium
2018-06-28,Boca Grande Pass; 2 mi W of,26.70117,-82.28919,0.5,1380000.0,High
2018-06-28,Boca Grande Pass; 2 mi W of,26.70117,-82.28919,4.8,410000.0,Medium
2018-06-28,Gasparilla Pass; 18 mi W of,26.79666,-82.57846,0.5,0.0,Not present/background
2018-06-28,Gasparilla Pass; 18 mi W of,26.79666,-82.57846,18.0,0.0,Not present/background
2018-06-28,Little Gasparilla Island; 3.8 mi W of,26.82491,-82.3501,0.5,216000.0,Medium
2018-06-28,Little Gasparilla Island; 3.8 mi W of,26.82491,-82.3501,9.9,100000.0,Low
2018-06-28,Punta Gorda Beach; 3.3 mi W of,26.91813,-82.41211,0.5,64000.0,Low
2018-06-28,Punta Gorda Beach; 3.3 mi W of,26.91813,-82.41211,9.7,277000.0,Medium
2018-06-28,Englewood Beach,26.92467,-82.36189,0.5,27746720.0,High
2018-06-28,Manasota Beach; 3.4 mi W of,27.01283,-82.46982,0.5,352000.0,Medium
2018-06-28,Manasota Beach; 3.4 mi W of,27.01283,-82.46982,9.5,244000.0,Medium
2018-06-28,Venice Inlet; 3 mi W of,27.11184,-82.51702,0.5,267000.0,Medium
2018-06-28,Venice Inlet; 3 mi W of,27.11184,-82.51702,10.3,379000.0,Medium
2018-06-28,Bay Dock (Sarasota Bay),27.3316,-82.5779,0.5,3000.0,Very low
2018-06-28,New Pass Dock (Sarasota Bay),27.33375,-82.57938,0.5,2000.0,Very low
2018-06-29,Stingaree Island; SW of (Big Marco Pass),25.971533,-81.72124,0.5,479972.0,Medium
2018-06-29,Bay Dock (Sarasota Bay),27.3316,-82.5779,0.5,3000.0,Very low
2018-06-29,New Pass Dock (Sarasota Bay),27.33375,-82.57938,0.5,0.0,Not present/background
2018-06-29,Clearwater Beach Pier 60,27.9777,-82.8323,0.5,0.0,Not present/background
2018-06-29,Legendary Marina (Choctawhatchee Bay),30.4032,-86.4246,0.5,0.0,Not present/background
2018-06-30,Wildlife Drive; NE of (Hardworking Bayou),26.472289,-82.138826,0.5,0.0,Not present/background
2018-06-30,Caspersen Beach,27.05703,-82.4436,0.3,175125.0,Medium
2018-06-30,Venice Beach,27.10034,-82.46089,0.3,1385433.0,High
2018-06-30,Nokomis Beach,27.12332,-82.47122,0.3,531861.0,Medium
2018-06-30,Avenida Messina; W of,27.27605,-82.571767,0.5,0.0,Not present/background
2018-06-30,South Lido County Park; 1.1 mi W of,27.301217,-82.589883,0.5,333.0,Not present/background
2018-06-30,Barefoot Bay Pier (Indian River),27.88507,-80.5008,0.5,0.0,Not present/background
2018-06-30,Destin Beach; S of,30.372167,-86.495267,0.1,0.0,Not present/background
2018-06-30,Brooks Bridge; E of (Choctawhatchee Bay),30.400933,-86.599817,0.1,0.0,Not present/background
2018-07-01,Bahia Honda State Park (Bahia Honda Channel),24.660581,-81.27549,0.5,0.0,Not present/background
2018-07-01,Sandsprit Park Boat Ramp (Manatee Pocket),27.162256,-80.1939,0.7,0.0,Not present/background
2018-07-01,Indian Riverside Park Pier (Indian River),27.224761,-80.211264,0.7,0.0,Not present/background
2018-07-01,East Midway Road; N of (Indian River),27.38745,-80.2971,0.5,0.0,Not present/background
2018-07-01,Indian River Veterans Memorial Park Boat Ramp (Indian River),27.451811,-80.322742,1.0,0.0,Not present/background
2018-07-01,Tropic; SW of (Indian River),28.1505,-80.635,0.5,0.0,Not present/background
2018-07-01,Cocoa Beach Golf Course; E of (Banana River),28.31338,-80.6298,0.2,0.0,Not present/background
2018-07-01,East 28th Avenue; E of,29.009753,-80.875643,1.0,0.0,Not present/background
2018-07-01,Flagler Avenue; E of,29.038519,-80.892892,1.0,0.0,Not present/background
2018-07-02,South Marco Beach,25.91165,-81.72805,1.0,380380.0,Medium
2018-07-02,Caxambas Park,25.9124,-81.7171,0.5,431822.0,Medium
2018-07-02,Goodland Bridge,25.9334,-81.6496,0.5,0.0,Not present/background
2018-07-02,Lee Avenue; docks NE of (Big Marco Pass),25.9733,-81.7275,0.5,204333.0,Medium
2018-07-02,951 Boat Ramp (Big Marco Pass),25.9804,-81.7029,0.5,2667.0,Very low
2018-07-02,Naples Pier,26.13163,-81.8063,1.0,0.0,Not present/background
2018-07-02,Seagate,26.2073,-81.8169,1.0,0.0,Not present/background
2018-07-02,Vanderbilt Beach,26.25375,-81.82377,1.0,333.0,Not present/background
2018-07-02,Barefoot Beach State Preserve,26.30481,-81.8362,1.0,0.0,Not present/background
2018-07-02,Bonita Beach Park,26.33105,-81.84574,0.5,0.0,Not present/background
2018-07-02,Lovers Key State Park,26.3901,-81.8795,0.5,1333.0,Very low
2018-07-02,Tarpon Bay Road Beach,26.4217,-82.0801,0.5,0.0,Not present/background
2018-07-02,Lighthouse Beach,26.45157,-82.01543,0.5,0.0,Not present/background
2018-07-02,Lynn Hall Park,26.45398,-81.95776,0.5,0.0,Not present/background
2018-07-02,Buck Key; S of (Blind Pass),26.488,-82.1815,0.2,2000.0,Very low
2018-07-02,York Island; W of (Pine Island Sound),26.4887,-82.1073,0.2,0.0,Not present/background
2018-07-02,Merwin Key; W of (San Carlos Bay),26.500278,-82.0475,0.2,0.0,Not present/background
2018-07-02,Alison Hagerup Beach Park,26.5264,-82.1945,0.5,1974924.0,High
2018-07-02,Buck Key; 1.9 mi NE of (Pine Island Sound),26.532117,-82.15667,0.2,0.0,Not present/background
2018-07-02,Regla Island; W of (Pine Island Sound),26.538,-82.1257,0.2,0.0,Not present/background
2018-07-02,Redfish Pass (Pine Island Sound),26.5535,-82.1963,0.2,917700.0,Medium
2018-07-02,Redfish Pass; 1.8 mi E of (Pine Island Sound),26.560417,-82.170817,0.2,2667.0,Very low
2018-07-02,Cork Island; W of (Pine Island Sound),26.5767,-82.1347,0.2,333.0,Not present/background
2018-07-02,McCardle Island; SW of (Matlacha Pass),26.5857,-82.0645,0.2,0.0,Not present/background
2018-07-02,Hemp Key; S of (Pine Island Sound),26.5902,-82.1561,0.2,14667.0,Low
2018-07-02,Captiva Rocks; SW of (Pine Island Sound),26.59925,-82.18463,0.2,710220.0,Medium
2018-07-02,Captiva Pass,26.6092,-82.221,0.2,539980.0,Medium
2018-07-02,Mondongo Island; W of (Pine Island Sound),26.6798,-82.2196,0.2,33000.0,Low
2018-07-02,Jug Creek Point; E of (Matlacha Pass),26.7003,-82.1208,0.2,0.0,Not present/background
2018-07-02,Little Bokeelia Island; N of (Charlotte Harbor),26.705,-82.1837,0.2,19667.0,Low
2018-07-02,Boca Grande Pass,26.7117,-82.2583,0.2,607250.0,Medium
2018-07-02,Blind Pass Beach,26.96324,-82.38565,0.5,5400000.0,High
2018-07-02,Manasota Beach,27.01031,-82.41312,0.5,23900000.0,High
2018-07-02,Caspersen Beach,27.05703,-82.4436,0.5,23400000.0,High
2018-07-02,Brohard Beach,27.06631,-82.448,0.5,14300000.0,High
2018-07-02,Venice Fishing Pier; N of,27.0735,-82.4515,0.5,6400000.0,High
2018-07-02,Service Club Park,27.07827,-82.45286,0.5,14800000.0,High
2018-07-02,Venice Beach,27.10034,-82.46089,0.5,737000.0,Medium
2018-07-02,North Jetty,27.11382,-82.46883,0.5,32000.0,Low
2018-07-02,Nokomis Beach,27.12332,-82.47122,0.5,30000.0,Low
2018-07-02,Turtle Beach,27.21843,-82.51711,0.5,5000.0,Very low
2018-07-02,Siesta Beach,27.26518,-82.5531,0.5,0.0,Not present/background
2018-07-02,South Lido Park,27.29818,-82.56739,0.5,1000.0,Not present/background
2018-07-02,Lido Beach Casino,27.311,-82.57718,0.5,0.0,Not present/background
2018-07-02,North Lido Beach,27.31561,-82.58171,0.5,1000.0,Not present/background
2018-07-02,Ringling Causeway,27.32682,-82.56244,0.5,8000.0,Very low
2018-07-02,New Pass Dock (Sarasota Bay),27.33375,-82.57938,0.5,333.0,Not present/background
2018-07-02,Longboat Key Beach,27.37317,-82.63202,0.5,0.0,Not present/background
2018-07-02,Longboat Pass Boat Ramp (Sarasota Bay),27.44602,-82.68798,0.5,0.0,Not present/background
2018-07-02,Longboat Pass Boat Ramp (Sarasota Bay),27.447844,-82.688725,0.5,0.0,Not present/background
2018-07-02,Palma Sola Bay Bridge,27.4959,-82.6522,0.5,0.0,Not present/background
2018-07-02,Anna Maria Island Rod & Reel Pier (Lower Tampa Bay),27.5385,-82.7402,0.5,0.0,Not present/background
2018-07-02,Fletcher Point (Lower Tampa Bay),27.58512,-82.61482,0.5,0.0,Not present/background
2018-07-02,Skyway Fishing Pier; South (Lower Tampa Bay),27.6055,-82.6508,0.5,0.0,Not present/background
2018-07-02,Mullet Key; Gulf Pier,27.6133,-82.7391,0.5,0.0,Not present/background
2018-07-02,FWRI Peninsula; SE tip of (Bayboro Harbor),27.759803,-82.631267,0.5,0.0,Not present/background
2018-07-02,FWRI Peninsula; SE tip of (Bayboro Harbor),27.759803,-82.631267,5.5,0.0,Not present/background
2018-07-02,La Contessa Pier,27.8121,-82.81915,0.5,0.0,Not present/background
2018-07-02,Dixie Highway Bridge; E of (Indian River),27.85566,-80.49085,1.3,0.0,Not present/background
2018-07-02,Clearwater Pass,27.96035,-82.8243,0.5,0.0,Not present/background
2018-07-02,Clearwater Beach Pier 60,27.9777,-82.8323,0.5,0.0,Not present/background
2018-07-02,Honeymoon Island State Park; South Beach,28.0586,-82.8267,0.5,0.0,Not present/background
2018-07-02,Diamond Bay (Banana River),28.35034,-80.61298,0.5,0.0,Not present/background
2018-07-02,Chambers Island; 3.9 mi W of,29.0083,-82.82525,0.1,0.0,Not present/background
2018-07-02,Big Pine Island; 1.3 mi W of,29.382833,-83.224,0.5,0.0,Not present/background
2018-07-02,Cotton Island; 1.5 mi SE of (Horseshoe Cove),29.408833,-83.2655,0.5,0.0,Not present/background
2018-07-02,Sikes Cut; SE of,29.606683,-84.94665,0.5,0.0,Not present/background
2018-07-02,West Pass; NE of (Apalachicola Bay),29.637983,-85.089017,0.5,0.0,Not present/background
2018-07-02,Mid-Apalachicola Bay,29.667683,-84.994017,0.5,0.0,Not present/background
2018-07-02,St. Vincent Point; E of (Apalachicola Bay),29.674667,-85.058333,1.5,0.0,Not present/background
2018-07-02,Old St. George Island Causeway; E of (St. George Sound),29.702133,-84.880183,1.5,0.0,Not present/background
2018-07-02,Long Point; S of (East Bay),29.7308,-84.945183,0.5,0.0,Not present/background
2018-07-02,Pensacola Beach Pier,30.3273,-87.1419,1.0,0.0,Not present/background
2018-07-03,Boca Grande Pier (Gasparilla Sound),26.80562,-82.27415,0.5,284540.0,Medium
2018-07-03,La Mancha Court; canal S of (Charlotte Harbor),26.91192,-82.0859,0.5,0.0,Not present/background
2018-07-03,Englewood Beach,26.92467,-82.36189,0.5,14333.0,Low
2018-07-03,Sarah Street; N of (Peace River),26.93115,-82.05953,0.5,0.0,Not present/background
2018-07-03,Siesta Beach; 12 mi W of,27.268,-82.761983,0.5,0.0,Not present/background
2018-07-03,Big Sarasota Pass; 3.9 mi W of,27.2925,-82.63095,0.5,0.0,Not present/background
2018-07-03,Snell Isle; 2.3 mi SE of (Middle Tampa Bay),27.7723,-82.5789,0.5,0.0,Not present/background
2018-07-03,Weedon Island; E of (Old Tampa Bay),27.86111,-82.58911,0.5,0.0,Not present/background
2018-07-03,Big Island; 2.2 mi E of (Old Tampa Bay),27.9055,-82.6046,0.1,0.0,Not present/background
2018-07-03,Big Island; 2.2 mi E of (Old Tampa Bay),27.9055,-82.6046,0.5,0.0,Not present/background
2018-07-03,Big Island; 2.2 mi E of (Old Tampa Bay),27.9055,-82.6046,2.9,0.0,Not present/background
2018-07-03,San Jose St; W of (Old Tampa Bay),27.9244,-82.5496,0.5,0.0,Not present/background
2018-07-03,High Point; 2 mi NE of (Old Tampa Bay),27.942,-82.675,0.1,0.0,Not present/background
2018-07-03,High Point; 2 mi NE of (Old Tampa Bay),27.942,-82.675,0.5,0.0,Not present/background
2018-07-03,High Point; 2 mi NE of (Old Tampa Bay),27.942,-82.675,3.7,0.0,Not present/background
2018-07-03,Howard Frankland Bridge; N of (Old Tampa Bay),27.949,-82.561,0.5,0.0,Not present/background
2018-07-03,C. Campbell Causeway; S of (Old Tampa Bay),27.957,-82.622,0.1,0.0,Not present/background
2018-07-03,C. Campbell Causeway; S of (Old Tampa Bay),27.957,-82.622,0.5,0.0,Not present/background
2018-07-03,C. Campbell Causeway; S of (Old Tampa Bay),27.957,-82.622,4.6,0.0,Not present/background
2018-07-03,Clearwater Pass; W of,27.97,-82.846667,1.0,0.0,Not present/background
2018-07-03,Cooper Point; E of (Old Tampa Bay),27.972,-82.673,0.5,0.0,Not present/background
2018-07-03,Old Tampa Bay Park; 1.7 mi S of (Old Tampa Bay),27.98,-82.62,0.5,0.0,Not present/background
2018-07-03,Philippe Park; NE of (Safety Harbor),28.02,-82.675,0.1,0.0,Not present/background
2018-07-03,Philippe Park; NE of (Safety Harbor),28.02,-82.675,0.5,0.0,Not present/background
2018-07-03,Philippe Park; NE of (Safety Harbor),28.02,-82.675,2.4,0.0,Not present/background
2018-07-03,Beach Woods Pier (Indian River),28.02968,-80.54599,0.5,0.0,Not present/background
2018-07-03,Hawksbill Island Drive; canal E of (Banana River),28.198262,-80.612495,0.5,0.0,Not present/background
2018-07-03,Shell Island; 2.6 mi W of (Crystal Bay),28.925,-82.74167,0.1,0.0,Not present/background
2018-07-03,St. Johns Inland,30.391,-81.4648,0.3,0.0,Not present/background
2018-07-03,St. Johns Inlet,30.4056,-81.4086,0.3,0.0,Not present/background
2018-07-03,Ft. George Inlet,30.4204,-81.4201,0.3,0.0,Not present/background
2018-07-03,Ft. George Inland,30.4411,-81.439,0.3,0.0,Not present/background
2018-07-03,Nassau Inlet,30.5134,-81.4576,0.3,0.0,Not present/background
2018-07-03,St. Marys Inlet,30.7012,-81.4269,0.3,0.0,Not present/background
2018-07-04,Clearwater Pass,27.966276,-82.829158,0.5,0.0,Not present/background
2018-07-04,Clearwater Pass; W of,27.968833,-82.842333,0.5,0.0,Not present/background
2018-07-05,South Marco Beach,25.91165,-81.72805,0.5,617478.0,Medium
2018-07-05,Naples Pier,26.13163,-81.8063,0.5,333.0,Not present/background
2018-07-05,Seagate,26.2073,-81.8169,0.5,0.0,Not present/background
2018-07-05,Vanderbilt Beach,26.25375,-81.82377,0.5,0.0,Not present/background
2018-07-05,Barefoot Beach State Preserve,26.30481,-81.8362,0.5,11000.0,Low
2018-07-05,Sirenia Vista Canoe & Kayak Launch,26.64413,-82.05578,1.0,0.0,Not present/background
2018-07-05,North Shore Park (Caloosahatchee River),26.6573,-81.8829,1.0,0.0,Not present/background
2018-07-05,Juno Beach Fishing Pier,26.893715,-80.0542,0.5,0.0,Not present/background
2018-07-05,Bay Dock (Sarasota Bay),27.3316,-82.5779,0.5,0.0,Not present/background
2018-07-05,New Pass Dock (Sarasota Bay),27.33375,-82.57938,0.5,0.0,Not present/background
2018-07-05,Tidewater Preserve pond,27.51975,-82.502317,0.5,0.0,Not present/background
2018-07-05,Swift River Court; canal NW of (Manatee River),27.521233,-82.490983,0.5,0.0,Not present/background
2018-07-05,Clearwater Beach Pier 60,27.9777,-82.8323,0.5,0.0,Not present/background
2018-07-05,Geiger Point; Melbourne Causeway at (Indian River),28.08245,-80.59505,0.2,0.0,Not present/background
2018-07-05,Eau Gallie Pier (Indian River),28.13248,-80.62418,0.2,0.0,Not present/background
2018-07-05,Ramp Road Park Boat Ramp (Banana River),28.309033,-80.614283,0.2,0.0,Not present/background
2018-07-05,520 Slick Boat Ramp (Banana River),28.357133,-80.62844,0.2,0.0,Not present/background
2018-07-05,Kelly Park (Banana River),28.4017,-80.66245,0.2,0.0,Not present/background
2018-07-05,Port St. John Boat Ramp (Indian River),28.475083,-80.766533,0.2,0.0,Not present/background
2018-07-05,NASA Causeway; SE side of (Indian River),28.52641,-80.7391,0.2,0.0,Not present/background
2018-07-05,Harbor Pointe Marina (Indian River),28.615731,-80.802278,0.5,0.0,Not present/background
2018-07-05,Parrish Park Boat Ramp (Indian River),28.62365,-80.795517,0.2,0.0,Not present/background
2018-07-05,George R. Kennedy Memorial Park; E of (Indian River North),28.993885,-80.902633,0.3,0.0,Not present/background
2018-07-05,Riverfront Veterans Memorial Park; E of (Halifax River),29.177485,-80.99488,0.3,0.0,Not present/background
2018-07-05,Bird Island; 7.4 mi W of,29.583333,-83.531667,0.5,0.0,Not present/background
2018-07-05,Bird Island; 2.5 mi SW of,29.5928,-83.4471,0.5,0.0,Not present/background
2018-07-06,Manasota Key Road; NW of,27.036297,-82.428965,1.0,14333.0,Low
2018-07-06,South Venice Public Beach,27.038176,-82.430419,1.0,667.0,Not present/background
2018-07-06,Pine Island; 18 mi W of,28.583333,-82.953333,0.5,0.0,Not present/background
2018-07-06,Water Street Marina (Scipio Creek),29.7319,-84.988,0.5,0.0,Not present/background
2018-07-06,Water Street Marina (Scipio Creek),29.7319,-84.988,0.5,0.0,Not present/background
2018-07-07,Dixie Highway Bridge; E of (Indian River),27.85566,-80.49085,1.3,0.0,Not present/background
2018-07-08,Calusa Beach; NW of (Bahia Honda Channel),24.661667,-81.291528,0.5,0.0,Not present/background
2018-07-08,Barefoot Bay Pier (Indian River),27.88507,-80.5008,0.5,0.0,Not present/background
2018-07-08,Tropic; SW of (Indian River),28.1505,-80.635,0.5,0.0,Not present/background
2018-07-08,Cocoa Beach Golf Course; E of (Banana River),28.31338,-80.6298,0.2,0.0,Not present/background
2018-07-08,Seahorse Key; 12 mi SW of,28.982083,-83.212333,0.5,0.0,Not present/background
2018-07-08,St. Marks Lighthouse; 2.4 mi S of (Apalachee Bay),30.0367,-84.1667,3.6,0.0,Not present/background
2018-07-08,St. Marks Lighthouse; 2.4 mi S of (Apalachee Bay),30.0367,-84.1667,0.5,0.0,Not present/background
2018-07-09,South Marco Beach,25.91165,-81.72805,0.3,37333.0,Low
2018-07-09,Naples Pier,26.13163,-81.8063,0.3,0.0,Not present/background
2018-07-09,Seagate,26.2073,-81.8169,0.3,0.0,Not present/background
2018-07-09,Vanderbilt Beach,26.25375,-81.82377,0.3,0.0,Not present/background
2018-07-09,Barefoot Beach State Preserve,26.30481,-81.8362,0.3,0.0,Not present/background
2018-07-09,Pelican Bay Nature Park Pier (Estero Bay),26.3584,-81.8375,0.5,0.0,Not present/background
2018-07-09,Carl Johnson Park Boat Ramp (Estero Bay),26.3936,-81.8655,0.5,0.0,Not present/background
2018-07-09,Coon Key; N of (Estero Bay),26.4287,-81.8832,0.5,0.0,Not present/background
2018-07-09,Estero River; mouth of (Estero Bay),26.4294,-81.858,0.5,0.0,Not present/background
2018-07-09,Estero River; upstream,26.43861,-81.84,0.5,0.0,Not present/background
2018-07-09,Mound House Dock (Estero Bay),26.4462,-81.9272,0.5,0.0,Not present/background
2018-07-09,Matanzas Pass (Estero Bay),26.4577,-81.9532,0.5,0.0,Not present/background
2018-07-09,Buck Key; S of (Blind Pass),26.488,-82.1815,0.2,0.0,Not present/background
2018-07-09,York Island; W of (Pine Island Sound),26.4887,-82.1073,0.2,0.0,Not present/background
2018-07-09,Buck Key; 1.9 mi NE of (Pine Island Sound),26.532117,-82.15667,0.2,0.0,Not present/background
2018-07-09,Regla Island; W of (Pine Island Sound),26.538,-82.1257,0.2,0.0,Not present/background
2018-07-09,Redfish Pass (Pine Island Sound),26.5535,-82.1963,0.2,9667.0,Very low
2018-07-09,Redfish Pass; 1.8 mi E of (Pine Island Sound),26.560417,-82.170817,0.2,0.0,Not present/background
2018-07-09,Cork Island; W of (Pine Island Sound),26.5767,-82.1347,0.2,23000.0,Low
2018-07-09,Hemp Key; S of (Pine Island Sound),26.5902,-82.1561,0.2,3333.0,Very low
2018-07-09,Captiva Rocks; SW of (Pine Island Sound),26.59925,-82.18463,0.2,15333.0,Low
2018-07-09,Captiva Pass,26.6092,-82.221,0.2,667.0,Not present/background
2018-07-09,Mondongo Island; W of (Pine Island Sound),26.6798,-82.2196,0.2,31000.0,Low
2018-07-09,Little Bokeelia Island; N of (Charlotte Harbor),26.705,-82.1837,0.2,2333.0,Very low
2018-07-09,Boca Grande Pass,26.7117,-82.2583,0.2,333.0,Not present/background
2018-07-09,Burnt Store Marina (Charlotte Harbor),26.7614,-82.0611,0.5,0.0,Not present/background
2018-07-09,Don Pedro Island State Park Pier (Lemon Bay),26.855833,-82.3031,0.5,85333.0,Low
2018-07-09,Punta Gorda Boat Ramp (Charlotte Harbor),26.9092,-82.0953,0.5,0.0,Not present/background
2018-07-09,Blind Pass Beach,26.96324,-82.38565,0.5,35000.0,Low
2018-07-09,Manasota Beach,27.01031,-82.41312,0.5,24000.0,Low
2018-07-09,Caspersen Beach,27.05703,-82.4436,0.5,11000.0,Low
2018-07-09,Brohard Beach,27.06631,-82.448,0.5,111000.0,Medium
2018-07-09,Venice Fishing Pier; N of,27.0735,-82.4515,0.5,3000.0,Very low
2018-07-09,Service Club Park,27.07827,-82.45286,0.5,0.0,Not present/background
2018-07-09,Venice Beach,27.10034,-82.46089,0.5,3000.0,Very low
2018-07-09,North Jetty,27.11382,-82.46883,0.5,0.0,Not present/background
2018-07-09,Nokomis Beach,27.12332,-82.47122,0.5,0.0,Not present/background
2018-07-09,Turtle Beach,27.21843,-82.51711,0.5,3000.0,Very low
2018-07-09,Siesta Beach,27.26518,-82.5531,0.5,197000.0,Medium
2018-07-09,South Lido Park,27.29818,-82.56739,0.5,5000.0,Very low
2018-07-09,Lido Beach Casino,27.311,-82.57718,0.5,19000.0,Low
2018-07-09,North Lido Beach,27.31561,-82.58171,0.5,0.0,Not present/background
2018-07-09,Ringling Causeway,27.32682,-82.56244,0.5,0.0,Not present/background
2018-07-09,Bay Dock (Sarasota Bay),27.3316,-82.5779,0.5,0.0,Not present/background
2018-07-09,New Pass Dock (Sarasota Bay),27.33375,-82.57938,0.5,21000.0,Low
2018-07-09,Longboat Key Beach,27.37317,-82.63202,0.5,1000.0,Not present/background
2018-07-09,Longboat Pass Boat Ramp (Sarasota Bay),27.44602,-82.68798,0.5,0.0,Not present/background
2018-07-09,Palma Sola Bay Bridge,27.4959,-82.6522,0.5,0.0,Not present/background
2018-07-09,Anna Maria Island Rod & Reel Pier (Lower Tampa Bay),27.5385,-82.7402,0.5,333.0,Not present/background
2018-07-09,Fletcher Point (Lower Tampa Bay),27.58512,-82.61482,0.5,0.0,Not present/background
2018-07-09,Skyway Fishing Pier; South (Lower Tampa Bay),27.6055,-82.6508,0.5,0.0,Not present/background
2018-07-09,Mullet Key; Gulf Pier,27.6133,-82.7391,0.5,0.0,Not present/background
2018-07-09,FWRI Peninsula; SE tip of (Bayboro Harbor),27.759803,-82.631267,0.5,0.0,Not present/background
2018-07-09,FWRI Peninsula; SE tip of (Bayboro Harbor),27.759803,-82.631267,5.3,0.0,Not present/background
2018-07-09,La Contessa Pier,27.8121,-82.81915,0.5,0.0,Not present/background
2018-07-09,Barefoot Bay Pier; NE of (Indian River),27.88805,-80.49474,0.5,0.0,Not present/background
2018-07-09,Clearwater Pass,27.96035,-82.8243,0.5,0.0,Not present/background
2018-07-09,Anclote Gulf Park Pier (Anclote Anchorage),28.1925,-82.7881,1.0,0.0,Not present/background
2018-07-09,NASA Causeway; N of (Indian River),28.52811,-80.76569,0.5,0.0,Not present/background
2018-07-09,Pine Island Beach Park; 7.5 mi W of,28.563967,-82.781467,0.5,0.0,Not present/background
2018-07-09,Menzo Park; 1.1 mi E of (Indian River),28.5808,-80.7806,0.5,0.0,Not present/background
2018-07-09,Space View Park; SE of (Indian River),28.60796,-80.79474,0.5,0.0,Not present/background
2018-07-09,Cedar Point; NE of (East Bay),30.103611,-85.556528,0.5,0.0,Not present/background
2018-07-09,Military Point; W of (East Bay),30.124111,-85.631,0.5,0.0,Not present/background
2018-07-10,Boca Grande Pass,26.7117,-82.2583,0.2,31000.0,Low
2018-07-10,Cayo Pelau; 2 mi S of (Charlotte Harbor),26.74065,-82.2145,0.2,667.0,Not present/background
2018-07-10,Bull Key; NW of (Bull Bay),26.782417,-82.209383,0.2,0.0,Not present/background
2018-07-10,Cayo Pelau; N of (Gasparilla Sound),26.786021,-82.223062,0.2,0.0,Not present/background
2018-07-10,Sandfly Key; NE of (Gasparilla Sound),26.798,-82.231,0.2,3000.0,Very low
2018-07-10,Gasparilla Pass,26.816167,-82.2805,0.2,126757.0,Medium
2018-07-10,Catfish Creek; mouth of (Gasparilla Sound),26.8164,-82.2526,0.2,15667.0,Low
2018-07-10,Caspersen Beach,27.05703,-82.4436,0.6,0.0,Not present/background
2018-07-10,Service Club Park,27.07827,-82.45286,0.6,667.0,Not present/background
2018-07-10,Bay Dock (Sarasota Bay),27.3316,-82.5779,0.5,0.0,Not present/background
2018-07-10,New Pass Dock (Sarasota Bay),27.33375,-82.57938,0.5,1000.0,Not present/background
2018-07-10,Moonshine Island; N of (Dunedin Channel),28.006917,-82.820417,0.2,0.0,Not present/background
2018-07-10,Beach Woods Pier (Indian River),28.02968,-80.54599,0.5,0.0,Not present/background
2018-07-10,Hawksbill Island Drive; canal E of (Banana River),28.198262,-80.612495,0.5,0.0,Not present/background
2018-07-10,Diamond Bay (Banana River),28.35034,-80.61298,0.5,0.0,Not present/background
2018-07-10,Bennett Causeway; 1.9 mi N of (Banana River),28.4336,-80.6394,0.4,0.0,Not present/background
2018-07-10,Marineland Beach,29.66628,-81.21073,0.1,0.0,Not present/background
2018-07-10,Crescent Beach,29.7687,-81.251,0.1,0.0,Not present/background
2018-07-10,St. Augustine Beach,29.85138,-81.26473,0.1,0.0,Not present/background
2018-07-10,Vilano Beach,29.9378,-81.29897,0.1,0.0,Not present/background
2018-07-10,South Ponte Vedra,30.02262,-81.32263,0.1,0.0,Not present/background
2018-07-10,Posten Bayou; NW of (West Bay),30.195556,-85.7225,0.5,0.0,Not present/background
2018-07-10,Cedar Hammock; W of (West Bay),30.259694,-85.749083,0.5,0.0,Not present/background
2018-07-10,Coon Point; 1.1 mi SW of (West Bay),30.271361,-85.826611,0.5,0.0,Not present/background
2018-07-11,Bonita Beach Park,26.33105,-81.84574,0.5,0.0,Not present/background
2018-07-11,Lovers Key State Park,26.3901,-81.8795,0.5,0.0,Not present/background
2018-07-11,Tarpon Bay Road Beach,26.4217,-82.0801,0.5,333.0,Not present/background
2018-07-11,Lighthouse Beach,26.45157,-82.01543,0.5,0.0,Not present/background
2018-07-11,Lynn Hall Park,26.45398,-81.95776,0.5,0.0,Not present/background
2018-07-11,John Morris Road; W of (San Carlos Bay),26.473967,-81.97545,0.5,0.0,Not present/background
2018-07-11,Alison Hagerup Beach Park,26.5264,-82.1945,0.5,333.0,Not present/background
2018-07-11,Lisa Avenue; SE of (Back Bay),26.704522,-82.164172,0.5,0.0,Not present/background
2018-07-11,Boca Grande Pier (Gasparilla Sound),26.80562,-82.27415,0.5,320796.0,Medium
2018-07-11,Juno Beach Fishing Pier,26.893715,-80.0542,0.5,0.0,Not present/background
2018-07-11,Englewood Beach,26.92467,-82.36189,1.5,4333.0,Very low
2018-07-11,Indian Mound Park; SW of (Lemon Bay),26.95236,-82.37059,0.5,47000.0,Low
2018-07-11,Indian Mound Park; SW of (Lemon Bay),26.95236,-82.37059,0.5,42000.0,Low
2018-07-11,Leachs Key; NE of (Lemon Bay),26.97569,-82.3873,0.5,0.0,Not present/background
2018-07-11,Forked Creek; NW of (Lemon Bay),27.00063,-82.403,0.5,0.0,Not present/background
2018-07-11,Manasota Beach Bridge; NW of (ICW),27.01602,-82.41381,0.5,0.0,Not present/background
2018-07-11,Alligator Creek; S of (ICW),27.03506,-82.42608,0.5,0.0,Not present/background
2018-07-11,Venice Municiple Airport; E of (ICW),27.0748,-82.4301,0.5,0.0,Not present/background
2018-07-11,Venice Beach,27.10034,-82.46089,0.5,0.0,Not present/background
2018-07-11,Bird Island; S of (Roberts Bay; Venice),27.1079,-82.4584,0.5,0.0,Not present/background
2018-07-11,Roberts Bay; Nokomis,27.1103,-82.4563,0.5,0.0,Not present/background
2018-07-11,Lyons Bay,27.12,-82.4634,0.5,0.0,Not present/background
2018-07-11,Dona Bay,27.1232,-82.4502,0.5,0.0,Not present/background
2018-07-11,Nokomis Beach,27.12332,-82.47122,0.5,0.0,Not present/background
2018-07-11,Albee Road Bridge; N of (Blackburn Bay),27.12788,-82.46935,0.5,0.0,Not present/background
2018-07-11,Albee Road Bridge; N of (Blackburn Bay),27.12788,-82.46935,0.5,0.0,Not present/background
2018-07-11,Southern Blackburn Bay,27.14008,-82.47017,0.5,0.0,Not present/background
2018-07-11,Mid-Blackburn Bay,27.14879,-82.47383,0.5,1000.0,Not present/background
2018-07-11,Northern Blackburn Bay,27.16011,-82.48224,0.5,0.0,Not present/background
2018-07-11,Dryman Bay,27.17459,-82.49121,0.5,2000.0,Very low
2018-07-11,Blackburn Point Road; N of (Little Sarasota Bay),27.1812,-82.49282,0.5,0.0,Not present/background
2018-07-11,Spanish Point; S of (Little Sarasota Bay),27.20046,-82.50259,0.5,0.0,Not present/background
2018-07-11,Bird Keys; N of (Little Sarasota Bay),27.22112,-82.50561,0.5,0.0,Not present/background
2018-07-11,Blind Pass; NE of (Little Sarasota Bay),27.2255,-82.51247,0.5,0.0,Not present/background
2018-07-11,Coral Cove; S of (Little Sarasota Bay),27.24116,-82.51845,0.5,0.0,Not present/background
2018-07-11,Stickney Point Bridge; N of (Roberts Bay; Sarasota),27.25261,-82.52955,0.5,0.0,Not present/background
2018-07-11,Stickney Point Bridge; N of (Roberts Bay; Sarasota),27.2547,-82.53196,0.5,0.0,Not present/background
2018-07-11,Philippe Creek; Canal W of,27.27038,-82.54272,0.5,1000.0,Not present/background
2018-07-11,Philippe Creek; Canal W of,27.27038,-82.54272,0.5,2000.0,Very low
2018-07-11,Philippe Creek; N of (Roberts Bay; Sarasota),27.27946,-82.54573,0.5,0.0,Not present/background
2018-07-11,Edwards Island; S of (Roberts Bay; Sarasota),27.29164,-82.54427,0.5,0.0,Not present/background
2018-07-11,Bay Island; N of (Sarasota Bay),27.30575,-82.54863,0.5,0.0,Not present/background
2018-07-11,Bay Island Park; NE of (Sarasota Bay),27.31022,-82.54121,0.5,1000.0,Not present/background
2018-07-11,Coon Key; E of (Sarasota Bay),27.32052,-82.56628,0.5,0.0,Not present/background
2018-07-11,Coon Key; E of (Sarasota Bay),27.32052,-82.56628,0.5,1000.0,Not present/background
2018-07-11,Island Park; S of (Sarasota Bay),27.32226,-82.54559,0.5,1000.0,Not present/background
2018-07-11,Bay Dock (Sarasota Bay),27.3316,-82.5779,0.5,0.0,Not present/background
2018-07-11,New Pass Dock (Sarasota Bay),27.33375,-82.57938,0.5,2000.0,Very low
2018-07-11,New Pass (Sarasota Bay),27.334,-82.58137,0.5,0.0,Not present/background
2018-07-11,Causeway Park; NW of (Sarasota Bay),27.33725,-82.55643,0.5,0.0,Not present/background
2018-07-11,Quick Point; N of (Sarasota Bay),27.34424,-82.58265,0.5,0.0,Not present/background
2018-07-11,City Island; N of (Sarasota Bay),27.34924,-82.56986,0.5,4000.0,Very low
2018-07-11,Centennial Park; NW of (Sarasota Bay),27.35321,-82.55562,0.5,0.0,Not present/background
2018-07-11,Longboat Key; E of (Sarasota Bay),27.3544,-82.5976,0.5,0.0,Not present/background
2018-07-11,Indian Beach; W of (Sarasota Bay),27.36571,-82.56273,0.5,0.0,Not present/background
2018-07-11,Bishops Point; SE of (Sarasota Bay),27.3724,-82.6021,0.5,0.0,Not present/background
2018-07-11,Stephens Point; NW of (Sarasota Bay),27.37907,-82.5729,0.5,0.0,Not present/background
2018-07-11,Mid-Sarasota Bay,27.38777,-82.59458,0.5,0.0,Not present/background
2018-07-11,Whale Key; SW of (Sarasota Bay),27.3892,-82.634,0.5,0.0,Not present/background
2018-07-11,Mead Point (Lower Tampa Bay),27.51477,-82.68395,0.2,0.0,Not present/background
2018-07-11,School Key; NE of (Lower Tampa Bay),27.529833,-82.704,0.2,0.0,Not present/background
2018-07-11,Round Island; W of (Indian River),27.55483,-80.3425,0.5,0.0,Not present/background
2018-07-11,South Skyway Rest Area; NW of (Lower Tampa Bay),27.587433,-82.61895,0.2,0.0,Not present/background
2018-07-11,South Skyway Causeway; NE end of (Lower Tampa Bay),27.59275,-82.629067,0.2,0.0,Not present/background
2018-07-11,Joe Island; N of (Lower Tampa Bay),27.595514,-82.5912,0.2,0.0,Not present/background
2018-07-11,Little Redfish Creek; 1.1 mi NW of (Lower Tampa Bay),27.632617,-82.5782,0.2,0.0,Not present/background
2018-07-11,Geiger Point; Melbourne Causeway at (Indian River),28.08245,-80.59505,0.2,0.0,Not present/background
2018-07-11,Eau Gallie Pier (Indian River),28.13248,-80.62418,0.2,0.0,Not present/background
2018-07-11,POW/MIA Park (Indian River),28.206083,-80.659813,0.5,0.0,Not present/background
2018-07-11,Ramp Road Park Boat Ramp (Banana River),28.309033,-80.614283,0.2,0.0,Not present/background
2018-07-11,520 Slick Boat Ramp (Banana River),28.357133,-80.62844,0.2,0.0,Not present/background
2018-07-11,Kelly Park (Banana River),28.4017,-80.66245,0.2,0.0,Not present/background
2018-07-11,Port St. John Boat Ramp (Indian River),28.475083,-80.766533,0.2,0.0,Not present/background
2018-07-11,NASA Causeway; SE side of (Indian River),28.52641,-80.7391,0.2,0.0,Not present/background
2018-07-11,Parrish Park Boat Ramp (Indian River),28.62365,-80.795517,0.2,0.0,Not present/background
2018-07-11,Black Point; 1.2 mi NW of (Indian River),28.69283,-80.80489,0.5,0.0,Not present/background
2018-07-11,Pardon Island; 1.8 mi W of (Mosquito Lagoon),28.7645,-80.76573,0.5,0.0,Not present/background
2018-07-11,Seahorse Key; 8.4 mi SW of,29.02313,-83.18087,0.5,333.0,Not present/background
2018-07-11,Seahorse Key; 2.5 mi SW of,29.08132,-83.1102,0.5,0.0,Not present/background
2018-07-11,Sikes Cut; N of (Apalachicola Bay),29.622,-84.963333,0.5,0.0,Not present/background
2018-07-11,Rick Seltzer Park,30.1582,-85.779,0.5,0.0,Not present/background
2018-07-11,Panama City Beach Access 66,30.224898,-85.896955,0.5,0.0,Not present/background
2018-07-11,Pensacola Beach Pier,30.3273,-87.1419,1.0,0.0,Not present/background
2018-07-11,Navarre Pier,30.376,-86.8631,0.5,0.0,Not present/background
2018-07-11,Butchpen Cove; 1.7 mi N of (Pensacola Bay),30.400472,-87.159028,0.5,0.0,Not present/background
2018-07-11,Hernandez Point; 1.7 mi NW of (Escambia Bay),30.466833,-87.122056,0.5,0.0,Not present/background
2018-07-12,Cape Romano; SE of (Gullivan Bay),25.839906,-81.668542,0.5,61667.0,Low
2018-07-12,South Marco Beach,25.91165,-81.72805,0.5,19667.0,Low
2018-07-12,East Coconut Avenue; E of (Coon Key Pass),25.922782,-81.641628,0.5,2000.0,Very low
2018-07-12,Naples Pier,26.13163,-81.8063,1.5,0.0,Not present/background
2018-07-12,Seagate,26.2073,-81.8169,0.5,0.0,Not present/background
2018-07-12,Vanderbilt Beach,26.25375,-81.82377,0.5,0.0,Not present/background
2018-07-12,Barefoot Beach State Preserve,26.30481,-81.8362,0.5,0.0,Not present/background
2018-07-12,Sanibel Island; 14 mi W of,26.4432,-82.39935,1.7,2667.0,Very low
2018-07-12,Sanibel Island; 14 mi W of,26.4432,-82.39935,5.0,168000.0,Medium
2018-07-12,Sanibel Island; 14 mi W of,26.4432,-82.39935,18.0,7000.0,Very low
2018-07-12,North Captiva Island; 3.3 mi W of,26.50436,-82.24264,1.6,667.0,Not present/background
2018-07-12,North Captiva Island; 3.3 mi W of,26.50436,-82.24264,9.4,333.0,Not present/background
2018-07-12,Redfish Pass; 18 mi W of,26.55727,-82.49052,1.2,95333.0,Low
2018-07-12,Redfish Pass; 18 mi W of,26.55727,-82.49052,11.0,64333.0,Low
2018-07-12,Redfish Pass; 18 mi W of,26.55727,-82.49052,20.1,2333.0,Very low
2018-07-12,Captiva Pass; 3.1 mi W of,26.6067,-82.27245,3.0,368206.0,Medium
2018-07-12,Captiva Pass; 3.1 mi W of,26.6067,-82.27245,1.6,47000.0,Low
2018-07-12,Captiva Pass; 3.1 mi W of,26.6067,-82.27245,9.0,11333.0,Low
2018-07-12,Captiva Pass; 9.7 mi W of,26.6289,-82.37872,1.4,1667.0,Very low
2018-07-12,Captiva Pass; 9.7 mi W of,26.6289,-82.37872,3.0,108667.0,Medium
2018-07-12,Captiva Pass; 9.7 mi W of,26.6289,-82.37872,15.5,4333.0,Very low
2018-07-12,Cayo Costa; 7.1 mi W of,26.64721,-82.35668,1.1,2984200.0,High
2018-07-12,Cayo Costa; 19 mi W of,26.6654,-82.57169,1.2,5333.0,Very low
2018-07-12,Cayo Costa; 19 mi W of,26.6654,-82.57169,17.0,6000.0,Very low
2018-07-12,Cayo Costa; 19 mi W of,26.6654,-82.57169,22.2,5667.0,Very low
2018-07-12,Boca Grande Pass; 3.3 mi W of,26.70706,-82.31118,1.3,351953.0,Medium
2018-07-12,Boca Grande Pass; 3.3 mi W of,26.70706,-82.31118,8.3,27000.0,Low
2018-07-12,Boca Grande Beach; 11.3 mi W of,26.73638,-82.44789,1.2,15000.0,Low
2018-07-12,Boca Grande Beach; 11.3 mi W of,26.73638,-82.44789,17.4,1000.0,Not present/background
2018-07-12,Gasparilla Pass; 3.3 mi W of,26.80306,-82.33792,10.5,6333.0,Very low
2018-07-12,Gasparilla Pass; 3.3 mi W of,26.80306,-82.33792,1.6,75000.0,Low
2018-07-12,Gasparilla Pass; 3.3 mi W of,26.80498,-82.33651,2.3,93979.0,Low
2018-07-12,Gasparilla Pass; 3.3 mi W of,26.80498,-82.33651,10.7,21667.0,Low
2018-07-12,Gasparillia Pass,26.812523,-82.281797,0.5,3568317.0,High
2018-07-12,Shepard Park; SW of (St. Lucie River),27.19485,-80.2606,0.5,0.0,Not present/background
2018-07-12,Roosevelt Bridge; E of (St. Lucie River),27.203817,-80.252367,0.1,0.0,Not present/background
2018-07-12,Bay Dock (Sarasota Bay),27.3316,-82.5779,0.5,0.0,Not present/background
2018-07-12,New Pass Dock (Sarasota Bay),27.33375,-82.57938,0.5,0.0,Not present/background
2018-07-12,Allens Creek Drive; SE of (Allens Creek),27.9338,-82.7345,0.5,0.0,Not present/background
2018-07-12,Bayside Bridge; E of (Old Tampa Bay),27.94285,-82.69205,0.5,0.0,Not present/background
2018-07-12,RE Olds Park; S of (Safety Harbor),28.02895,-82.670417,0.5,0.0,Not present/background
2018-07-12,Harbor Pointe Marina (Indian River),28.615731,-80.802278,0.5,0.0,Not present/background
2018-07-12,Tripod Point; 2.9 mi S of,29.1234,-82.9124,0.5,0.0,Not present/background
2018-07-12,Ramsey Point; 2.2 mi W of (Waccasassa Bay),29.1245,-82.840167,0.5,0.0,Not present/background
2018-07-12,Earl Gilbert Park Boat Ramp (East Bay),30.10516,-85.60401,0.5,0.0,Not present/background
2018-07-12,Pensacola Pass,30.335556,-87.304444,0.5,0.0,Not present/background
2018-07-12,White Point; 1.6 mi SE of (East Bay),30.427472,-87.05425,0.5,0.0,Not present/background
2018-07-13,Cayo Costa; 20 mi W of,26.66195,-82.577567,0.5,333.0,Not present/background
2018-07-13,Cayo Costa; 13 mi W of,26.668083,-82.457483,0.5,33667.0,Low
2018-07-13,Boca Grande Pass; 6.2 mi W of,26.69435,-82.356383,0.5,742011.0,Medium
2018-07-13,Ainger Creek Park Boat Ramp (Ainger Creek),26.930148,-82.335994,0.5,3454740.0,High
2018-07-13,Bay Dock (Sarasota Bay),27.3316,-82.5779,0.5,2000.0,Very low
2018-07-13,New Pass Dock (Sarasota Bay),27.33375,-82.57938,0.5,0.0,Not present/background
2018-07-13,Fort Matanzas Bridge (Matanzas Inlet),29.704917,-81.22786,0.5,0.0,Not present/background
2018-07-13,Fort Matanzas National Monument Dock (Matanzas Inlet),29.714528,-81.23508,0.5,0.0,Not present/background
2018-07-14,Hobe Sound Beach; 11 mi NE of,27.1496,-79.97185,1.0,0.0,Not present/background
2018-07-14,Rocky Point; W of (Manatee Pocket),27.1637,-80.190367,1.0,0.0,Not present/background
2018-07-14,Dixie Highway Bridge; E of (Indian River),27.85566,-80.49085,1.0,0.0,Not present/background
2018-07-14,Clearwater Beach Pier 60,27.9777,-82.8323,0.5,0.0,Not present/background
2018-07-14,Goode Park Boat Ramp (Turkey Creek),28.029814,-80.582846,0.3,0.0,Not present/background
2018-07-15,Bahia Honda State Park,24.663859,-81.271446,0.5,0.0,Not present/background
2018-07-15,Gordon Pass; SW of,26.087967,-81.80735,0.5,333.0,Not present/background
2018-07-15,Bowman's Beach; 37 mi SW of,26.162167,-82.645533,0.5,1333.0,Very low
2018-07-15,Big Sarasota Pass; 20 mi W of,27.23935,-82.89105,0.5,0.0,Not present/background
2018-07-15,War Veterans Memorial Park (Boca Ciega Bay),27.801757,-82.773973,0.3,0.0,Not present/background
2018-07-15,Barefoot Bay Pier (Indian River),27.88507,-80.5008,0.5,0.0,Not present/background
2018-07-15,Cocoa Beach Golf Course; E of (Banana River),28.31338,-80.6298,0.2,0.0,Not present/background
2018-07-16,Caesar Creek (Biscayne Bay),25.3951,-80.23246,0.5,0.0,Not present/background
2018-07-16,Sands Cut (Biscayne Bay),25.49465,-80.17763,0.5,0.0,Not present/background
2018-07-16,Lewis Cut (Biscayne Bay),25.52142,-80.17476,0.5,0.0,Not present/background
2018-07-16,South Marco Beach,25.91165,-81.72805,1.0,1000.0,Not present/background
2018-07-16,Naples Pier,26.13163,-81.8063,1.0,0.0,Not present/background
2018-07-16,Seagate,26.2073,-81.8169,1.0,0.0,Not present/background
2018-07-16,Vanderbilt Beach,26.25375,-81.82377,1.0,1000.0,Not present/background
2018-07-16,Barefoot Beach State Preserve,26.30481,-81.8362,1.0,0.0,Not present/background
2018-07-16,Merwin Key; W of (San Carlos Bay),26.500278,-82.0475,0.2,0.0,Not present/background
2018-07-16,Black Skimmer Island; N of (Caloosahatchee River),26.515683,-82.02345,0.2,0.0,Not present/background
2018-07-16,Sword Point; SW of (Matlacha Pass),26.5226,-82.042433,0.2,0.0,Not present/background
2018-07-16,Buck Key; 1.9 mi NE of (Pine Island Sound),26.532117,-82.15667,0.2,0.0,Not present/background
2018-07-16,Regla Island; 1.4 mi W of (Pine Island Sound),26.53618,-82.14646,0.2,0.0,Not present/background
2018-07-16,Regla Island; W of (Pine Island Sound),26.538,-82.1257,0.2,0.0,Not present/background
2018-07-16,Redfish Pass; 1.8 mi E of (Pine Island Sound),26.560417,-82.170817,0.2,2444.0,Very low
2018-07-16,Cork Island; W of (Pine Island Sound),26.5767,-82.1347,0.2,0.0,Not present/background
2018-07-16,McCardle Island; SW of (Matlacha Pass),26.5857,-82.0645,0.2,0.0,Not present/background
2018-07-16,Hemp Key; S of (Pine Island Sound),26.5902,-82.1561,0.2,333.0,Not present/background
2018-07-16,Captiva Rocks; SW of (Pine Island Sound),26.59925,-82.18463,0.2,333.0,Not present/background
2018-07-16,Jug Creek Point; E of (Matlacha Pass),26.7003,-82.1208,0.2,0.0,Not present/background
2018-07-16,Blind Pass Beach,26.96324,-82.38565,0.5,418000.0,Medium
2018-07-16,Manasota Beach,27.01031,-82.41312,0.5,301000.0,Medium
2018-07-16,Caspersen Beach,27.05703,-82.4436,0.5,8240000.0,High
2018-07-16,Brohard Beach,27.06631,-82.448,0.5,0.0,Not present/background
2018-07-16,Venice Fishing Pier; N of,27.0735,-82.4515,0.5,0.0,Not present/background
2018-07-16,Service Club Park,27.07827,-82.45286,0.5,0.0,Not present/background
2018-07-16,Venice Beach,27.10034,-82.46089,0.5,5000.0,Very low
2018-07-16,North Jetty,27.11382,-82.46883,0.5,1000.0,Not present/background
2018-07-16,Nokomis Beach,27.12332,-82.47122,0.5,1000.0,Not present/background
2018-07-16,Sandsprit Park Boat Ramp (Manatee Pocket),27.162256,-80.1939,0.7,0.0,Not present/background
2018-07-16,Turtle Beach,27.21843,-82.51711,0.5,19000.0,Low
2018-07-16,Indian Riverside Park Pier (Indian River),27.224761,-80.211264,0.7,0.0,Not present/background
2018-07-16,Siesta Beach,27.26518,-82.5531,0.5,77000.0,Low
2018-07-16,South Lido Park,27.29818,-82.56739,0.5,0.0,Not present/background
2018-07-16,Lido Beach Casino,27.311,-82.57718,0.5,0.0,Not present/background
2018-07-16,North Lido Beach,27.31561,-82.58171,0.5,0.0,Not present/background
2018-07-16,Ringling Causeway,27.32682,-82.56244,0.5,0.0,Not present/background
2018-07-16,Bay Dock (Sarasota Bay),27.3316,-82.5779,0.5,0.0,Not present/background
2018-07-16,New Pass Dock (Sarasota Bay),27.33375,-82.57938,0.5,0.0,Not present/background
2018-07-16,New Pass Dock (Sarasota Bay),27.33375,-82.57938,0.5,0.0,Not present/background
2018-07-16,Longboat Key Beach,27.37317,-82.63202,0.5,0.0,Not present/background
2018-07-16,East Midway Road; N of (Indian River),27.387452,-80.29708,0.5,0.0,Not present/background
2018-07-16,Longboat Pass Boat Ramp (Sarasota Bay),27.44602,-82.68798,0.5,0.0,Not present/background
2018-07-16,Indian River Veterans Memorial Park Boat Ramp (Indian River),27.451811,-80.322742,1.0,0.0,Not present/background
2018-07-16,Palma Sola Bay Bridge,27.4959,-82.6522,0.5,0.0,Not present/background
2018-07-16,Anna Maria Island Rod & Reel Pier (Lower Tampa Bay),27.5385,-82.7402,0.5,0.0,Not present/background
2018-07-16,Fletcher Point (Lower Tampa Bay),27.58512,-82.61482,0.5,0.0,Not present/background
2018-07-16,Skyway Fishing Pier; South (Lower Tampa Bay),27.6055,-82.6508,0.5,0.0,Not present/background
2018-07-16,Mullet Key; Gulf Pier,27.6133,-82.7391,0.5,0.0,Not present/background
2018-07-16,FWRI Peninsula; SE tip of (Bayboro Harbor),27.759803,-82.631267,0.5,0.0,Not present/background
2018-07-16,FWRI Peninsula; SE tip of (Bayboro Harbor),27.759803,-82.631267,4.3,0.0,Not present/background
2018-07-16,La Contessa Pier,27.8121,-82.81915,0.5,0.0,Not present/background
2018-07-16,Clearwater Pass,27.96035,-82.8243,0.5,0.0,Not present/background
2018-07-16,Rattlesnake Island; N of (Matanzas River),29.7194,-81.2458,0.3,0.0,Not present/background
2018-07-16,Pensacola Beach Pier,30.3273,-87.1419,1.0,0.0,Not present/background
2018-07-17,Caxambas Park,25.9124,-81.7171,0.5,0.0,Not present/background
2018-07-17,Goodland Bridge,25.9334,-81.6496,0.5,0.0,Not present/background
2018-07-17,Lee Avenue; docks NE of (Big Marco Pass),25.9733,-81.7275,0.5,14000.0,Low
2018-07-17,951 Boat Ramp (Big Marco Pass),25.9804,-81.7029,0.5,6333.0,Very low
2018-07-17,Harbour Point Drive; NE of (Punta Rassa Cove),26.4963,-82.0056,0.5,0.0,Not present/background
2018-07-17,Dorset Lane; N of (Iona Cove),26.5134,-81.9792,0.5,0.0,Not present/background
2018-07-17,Bird Island; N of (Caloosahatchee River),26.5138,-82.0327,0.5,0.0,Not present/background
2018-07-17,Harbour Isle Drive; N of (Caloosahatchee River),26.5272,-81.9561,0.5,0.0,Not present/background
2018-07-17,Boca Grande Pass,26.7117,-82.2583,0.2,32333.0,Low
2018-07-17,Cayo Pelau; 2 mi S of (Charlotte Harbor),26.74065,-82.2145,0.2,0.0,Not present/background
2018-07-17,Bull Key; NW of (Bull Bay),26.782417,-82.209383,0.2,0.0,Not present/background
2018-07-17,Cayo Pelau; N of (Gasparilla Sound),26.786021,-82.223062,0.2,0.0,Not present/background
2018-07-17,Sandfly Key; NE of (Gasparilla Sound),26.798,-82.231,0.2,21000.0,Low
2018-07-17,Boca Grande Pier (Gasparilla Sound),26.80562,-82.27415,0.5,8569450.0,High
2018-07-17,Gasparilla Pass,26.816167,-82.2805,0.2,1393217.0,High
2018-07-17,Catfish Creek; mouth of (Gasparilla Sound),26.8164,-82.2526,0.2,924120.0,Medium
2018-07-17,Garfield Court; SW of (Placida Harbor),26.8385,-82.2795,0.2,168000.0,Medium
2018-07-17,Stump Pass (Lemon Bay),26.898667,-82.339333,0.2,1940644.0,High
2018-07-17,Englewood Beach,26.92467,-82.36189,0.5,184000.0,Medium
2018-07-17,Tom Adams Bridge; S of (Lemon Bay),26.9307,-82.3498,0.2,1066317.0,High
2018-07-17,Blind Pass Beach; E of (Lemon Bay),26.96324,-82.3747,0.2,6667.0,Very low
2018-07-17,Beach Woods Pier (Indian River),28.02968,-80.54599,0.5,0.0,Not present/background
2018-07-17,Honeymoon Island State Park; South Beach,28.0586,-82.8267,0.5,0.0,Not present/background
2018-07-17,Three Rooker Island; E of (St. Joseph Sound),28.129167,-82.825,0.5,0.0,Not present/background
2018-07-17,Three Rooker Island; 2.3 mi W of,28.133333,-82.872222,0.5,0.0,Not present/background
2018-07-17,Diamond Bay (Banana River),28.35034,-80.61298,0.5,0.0,Not present/background
2018-07-17,Deer Island; 2.9 mi W of (Suwannee Sound),29.231333,-83.128667,0.5,0.0,Not present/background
2018-07-17,St. Andrew State Park (St. Andrew Pass),30.1242,-85.7328,0.5,0.0,Not present/background
2018-07-17,Caribbean Way; S of,30.225011,-85.89733,0.5,0.0,Not present/background
2018-07-18,Bonita Beach Park,26.33105,-81.84574,0.5,0.0,Not present/background
2018-07-18,Bonita Beach (Estero Bay),26.35497,-81.84452,0.3,333.0,Not present/background
2018-07-18,Long Key (Estero Bay),26.38591,-81.84631,0.6,0.0,Not present/background
2018-07-18,Lovers Key State Park,26.3901,-81.8795,0.5,206333.0,Medium
2018-07-18,Tarpon Bay Road Beach,26.4217,-82.0801,0.5,0.0,Not present/background
2018-07-18,Estero Island (Estero Bay),26.43494,-81.91138,0.6,0.0,Not present/background
2018-07-18,Lighthouse Beach,26.45157,-82.01543,0.5,7000.0,Very low
2018-07-18,Lynn Hall Park,26.45398,-81.95776,0.5,1333.0,Very low
2018-07-18,Sanibel Causeway; SE end of (San Carlos Bay),26.4836,-82.012,0.5,333.0,Not present/background
2018-07-18,Punta Rassa Road; S of (San Carlos Bay),26.4848,-82.0019,0.5,0.0,Not present/background
2018-07-18,Alison Hagerup Beach Park,26.5264,-82.1945,0.5,0.0,Not present/background
2018-07-18,Deer Stop Keys; SW of (Matlacha Pass),26.5627,-82.0704,1.3,0.0,Not present/background
2018-07-18,Porpoise Point Island; SW of (Matlacha Pass),26.625,-82.0742,1.2,0.0,Not present/background
2018-07-18,Ben Coleman Keys (Matlacha Pass),26.6678,-82.0946,1.5,0.0,Not present/background
2018-07-18,Juno Beach Fishing Pier,26.893715,-80.0542,0.5,0.0,Not present/background
2018-07-18,Hog Island; S of (Charlotte Harbor),26.911667,-82.158833,0.5,0.0,Not present/background
2018-07-18,Caspersen Beach,27.0447,-82.4349,0.5,2163767.0,High
2018-07-18,Brohard Paw Park,27.0672,-82.4486,0.5,3907233.0,High
2018-07-18,John Ringling Boulevard; SW of,27.31499,-82.58256,1.0,0.0,Not present/background
2018-07-18,Coon Key; NE of (Sarasota Bay),27.324817,-82.566867,,0.0,Not present/background
2018-07-18,Bay Dock (Sarasota Bay),27.3316,-82.5779,0.5,0.0,Not present/background
2018-07-18,New Pass Dock (Sarasota Bay),27.33375,-82.57938,0.5,0.0,Not present/background
2018-07-18,Snell Isle; 2.3 mi SE of (Middle Tampa Bay),27.7723,-82.5789,0.5,0.0,Not present/background
2018-07-18,Weedon Island; E of (Old Tampa Bay),27.86111,-82.58911,0.5,0.0,Not present/background
2018-07-18,Big Island; 2.2 mi E of (Old Tampa Bay),27.9055,-82.6046,0.5,0.0,Not present/background
2018-07-18,Big Island; 2.2 mi E of (Old Tampa Bay),27.9055,-82.6046,3.0,0.0,Not present/background
2018-07-18,San Jose St; W of (Old Tampa Bay),27.9244,-82.5496,0.5,0.0,Not present/background
2018-07-18,High Point; 2 mi NE of (Old Tampa Bay),27.942,-82.675,0.5,0.0,Not present/background
2018-07-18,High Point; 2 mi NE of (Old Tampa Bay),27.942,-82.675,3.9,0.0,Not present/background
2018-07-18,Damascus Rd; 1.7 mi SE of (Old Tampa Bay),27.94608,-82.67635,0.5,0.0,Not present/background
2018-07-18,Howard Frankland Bridge; N of (Old Tampa Bay),27.949,-82.561,0.5,0.0,Not present/background
2018-07-18,C. Campbell Causeway; S of (Old Tampa Bay),27.957,-82.622,0.5,0.0,Not present/background
2018-07-18,C. Campbell Causeway; S of (Old Tampa Bay),27.957,-82.622,3.8,0.0,Not present/background
2018-07-18,Cooper Point; E of (Old Tampa Bay),27.972,-82.673,0.5,0.0,Not present/background
2018-07-18,Old Tampa Bay Park; 1.7 mi S of (Old Tampa Bay),27.98,-82.62,0.5,0.0,Not present/background
2018-07-18,Philippe Park; NE of (Safety Harbor),28.02,-82.675,0.5,0.0,Not present/background
2018-07-18,Philippe Park; NE of (Safety Harbor),28.02,-82.675,2.4,0.0,Not present/background
2018-07-18,Geiger Point; Melbourne Causeway at (Indian River),28.08245,-80.59505,0.2,0.0,Not present/background
2018-07-18,Eau Gallie Pier (Indian River),28.13248,-80.62418,0.2,0.0,Not present/background
2018-07-18,Hawksbill Island Drive; canal E of (Banana River),28.198262,-80.612495,0.5,0.0,Not present/background
2018-07-18,Ramp Road Park Boat Ramp (Banana River),28.309033,-80.614283,0.2,0.0,Not present/background
2018-07-18,520 Slick Boat Ramp (Banana River),28.357133,-80.62844,0.2,0.0,Not present/background
2018-07-18,Kelly Park (Banana River),28.4017,-80.66245,0.2,0.0,Not present/background
2018-07-18,Port St. John Boat Ramp (Indian River),28.475083,-80.766533,0.2,0.0,Not present/background
2018-07-18,NASA Causeway; SE side of (Indian River),28.52641,-80.7391,0.2,0.0,Not present/background
2018-07-18,Parrish Park Boat Ramp (Indian River),28.62365,-80.795517,0.2,0.0,Not present/background
2018-07-18,Sunrise Park (Indian River North),28.874796,-80.840378,1.0,0.0,Not present/background
2018-07-18,River Breeze Park (Indian River North),28.898545,-80.85162,1.0,0.0,Not present/background
2018-07-18,Millender Street; S of (St. George Sound),29.7301,-84.88478,0.1,0.0,Not present/background
2018-07-18,Kurths Island; NE of (Tolomato River),29.92744,-81.30941,0.3,0.0,Not present/background
2018-07-18,Navarre Pier,30.376,-86.8631,0.5,0.0,Not present/background
2018-07-18,Live Oak Point; N of (Choctawhatchee Bay),30.437583,-86.242639,0.3,0.0,Not present/background
2018-07-19,Sawyer Key; 2 mi NW of,24.769483,-81.601017,0.2,0.0,Not present/background
2018-07-19,Sawyer Key; 3.2 mi NW of,24.78372,-81.61275,0.2,0.0,Not present/background
2018-07-19,Sawyer Key; 5.1 mi NW of,24.79875,-81.638667,0.2,0.0,Not present/background
2018-07-19,Sawyer Key; 7 mi NW of,24.811917,-81.664667,0.2,0.0,Not present/background
2018-07-19,South Marco Beach,25.91165,-81.72805,0.5,1333.0,Very low
2018-07-19,Dania Beach Pier,26.058028,-80.108933,0.5,0.0,Not present/background
2018-07-19,Naples Pier,26.13163,-81.8063,0.5,1667.0,Very low
2018-07-19,Seagate,26.2073,-81.8169,0.5,0.0,Not present/background
2018-07-19,Vanderbilt Beach,26.25375,-81.82377,0.5,333.0,Not present/background
2018-07-19,Barefoot Beach State Preserve,26.30481,-81.8362,0.5,57333.0,Low
2018-07-19,Deerfield Beach International Fishing Pier,26.316411,-80.072672,0.5,0.0,Not present/background
2018-07-19,San Carlos Bay Drive; canal S of,26.465892,-82.055058,0.3,0.0,Not present/background
2018-07-19,Maryland Avenue; SW of (Lemon Bay),26.905182,-82.328562,0.5,26833787.0,High
2018-07-19,Manasota Key Road; NW of,27.035835,-82.428738,1.0,21544068.0,High
2018-07-19,Saturn Road; W of,27.039867,-82.431548,1.0,4500720.0,High
2018-07-19,37th Avenue; W of,27.713156,-82.739826,1.0,0.0,Not present/background
2018-07-19,Williams Park Boat Ramp (Alafia River),27.860165,-82.384855,0.1,0.0,Not present/background
2018-07-19,Clearwater Beach Pier 60,27.9777,-82.8323,0.5,0.0,Not present/background
2018-07-19,Harbor Pointe Marina (Indian River),28.615731,-80.802278,0.5,0.0,Not present/background
2018-07-19,Pelican Point Golf Course; W of (St. Andrew Bay),30.114444,-85.683333,0.1,0.0,Not present/background
2018-07-19,St. Andrew State Park Boat Ramp; N of (Grand Lagoon),30.135556,-85.732222,0.1,0.0,Not present/background
2018-07-20,Lower Arsnicker Keys; 7.2 mi W of,24.9159,-80.943,0.2,0.0,Not present/background
2018-07-20,Upper Arsnicker Keys; 8.5 mi NW of,24.93815,-80.9653,0.2,0.0,Not present/background
2018-07-20,Sandy Key; 5.2 mi SW of,24.96038,-80.98737,0.2,0.0,Not present/background
2018-07-20,Sandy Key; 3.4 mi S of,24.98417,-81.0118,0.2,0.0,Not present/background
2018-07-20,Placida Park Boat Ramp (Placida Harbor),26.83271,-82.26962,0.3,130333.0,Medium
2018-07-20,Bay Point Drive; SW of (Lemon Bay),26.873554,-82.314488,0.3,1667.0,Very low
2018-07-20,Englewood Beach,26.933432,-82.367157,0.5,17616144.0,High
2018-07-20,Bay Dock (Sarasota Bay),27.3316,-82.5779,0.5,1000.0,Not present/background
2018-07-20,New Pass Dock (Sarasota Bay),27.33375,-82.57938,0.5,0.0,Not present/background
2018-07-20,Curtis Hixon Waterfront Park (Hillsborough River),27.949005,-82.46307,0.1,0.0,Not present/background
2018-07-20,Fred Howard Park,28.152668,-82.805531,1.0,0.0,Not present/background
2018-07-20,Anclote Gulf Park Pier (Anclote Anchorage),28.1925,-82.7881,1.0,0.0,Not present/background
2018-07-20,Green Key Beach,28.253418,-82.75717,1.0,0.0,Not present/background
2018-07-20,Hudson Beach Park; canal N of,28.36242,-82.70897,1.0,0.0,Not present/background
2018-07-20,Bird Island; 2.5 mi SW of,29.5928,-83.4471,0.5,0.0,Not present/background
2018-07-20,Peninsular Circle; N of (Alligator Harbor),29.904,-84.3715,0.1,0.0,Not present/background
2018-07-20,Alligator Point Marina; N of (Alligator Harbor),29.906333,-84.418,0.1,0.0,Not present/background
2018-07-20,St. Teresa; S of (Alligator Harbor),29.925667,-84.45083,0.1,0.0,Not present/background
2018-07-20,Santa Rosa Island Beach (East Pass),30.3916,-86.5214,0.5,0.0,Not present/background
2018-07-21,Harbor Key; 4.2 mi NW of,24.8887,-81.4529,0.2,0.0,Not present/background
2018-07-21,Harbor Key; 5.8 mi N of,24.9128,-81.4392,0.2,0.0,Not present/background
2018-07-21,Big Spanish Key; 8 mi N of,24.9317,-81.4076,0.2,0.0,Not present/background
2018-07-21,Big Spanish Key; 9 mi N of,24.9436,-81.3729,0.2,0.0,Not present/background
2018-07-21,Dixie Highway Bridge; E of (Indian River),27.85566,-80.49085,0.5,0.0,Not present/background
2018-07-21,North Midiron Point; N of (Kings Bay),28.880422,-82.591498,0.5,0.0,Not present/background
2018-07-22,Big Carlos Pass; 5.1 m W of,26.398667,-81.967733,0.6,784700.0,Medium
2018-07-22,Primo Drive; 1.6 mi SW of,26.428967,-81.9635,0.6,66000.0,Low
2018-07-22,Sirenia Vista Canoe & Kayak Launch,26.64413,-82.05578,1.0,0.0,Not present/background
2018-07-22,North Shore Park (Caloosahatchee River),26.6573,-81.8829,1.0,0.0,Not present/background
2018-07-22,Don Quixote Drive; canal N of (Peace River),26.91182,-82.08596,0.5,0.0,Not present/background
2018-07-22,Vivante Boulevard; N of (Charlotte Harbor),26.92549,-82.08728,0.5,0.0,Not present/background
2018-07-22,Kitchen Key; SE of (Bishop Harbor),27.60361,-82.56189,0.5,0.0,Not present/background
2018-07-22,Harbor Key; S of (Bishop Harbor),27.60669,-82.57042,0.5,0.0,Not present/background
2018-07-22,Barefoot Bay Pier (Indian River),27.88507,-80.5008,0.7,0.0,Not present/background
2018-07-22,Causeway Boat Ramp; 0.9 mi W of (Old Tampa Bay),27.97035,-82.625883,0.3,0.0,Not present/background
2018-07-22,Tropic; SW of (Indian River),28.1505,-80.635,0.5,0.0,Not present/background
2018-07-22,Cocoa Beach Golf Course; E of (Banana River),28.31338,-80.6298,0.2,0.0,Not present/background
2018-07-23,Bay Dock (Sarasota Bay),27.3316,-82.5779,0.5,0.0,Not present/background
2018-07-23,New Pass Dock (Sarasota Bay),27.33375,-82.57938,0.5,0.0,Not present/background
2018-07-23,Longboat Pass Boat Ramp (Sarasota Bay),27.44602,-82.68798,0.5,0.0,Not present/background
2018-07-23,Palma Sola Bay Bridge,27.4959,-82.6522,0.5,0.0,Not present/background
2018-07-23,Anna Maria Island Rod & Reel Pier (Lower Tampa Bay),27.5385,-82.7402,0.5,0.0,Not present/background
2018-07-23,Fletcher Point (Lower Tampa Bay),27.58512,-82.61482,0.5,0.0,Not present/background
2018-07-23,Skyway Fishing Pier; South (Lower Tampa Bay),27.6055,-82.6508,0.5,0.0,Not present/background
2018-07-23,Mullet Key; Gulf Pier,27.6133,-82.7391,0.5,0.0,Not present/background
2018-07-23,FWRI Peninsula; SE tip of (Bayboro Harbor),27.759803,-82.631267,0.5,0.0,Not present/background
2018-07-23,FWRI Peninsula; SE tip of (Bayboro Harbor),27.759803,-82.631267,5.5,0.0,Not present/background
2018-07-23,La Contessa Pier,27.8121,-82.81915,0.5,0.0,Not present/background
2018-07-23,Clearwater Pass,27.96035,-82.8243,0.5,0.0,Not present/background
2018-07-23,Pig Island; 0.7 mi E of (St. Joseph Bay),29.70403,-85.35882,0.5,333.0,Not present/background
2018-07-23,Blacks Island; SE of (St. Joseph Bay),29.71837,-85.32308,0.5,0.0,Not present/background
2018-07-23,Eagle Harbor; SE of (St. Joseph Bay),29.7588,-85.3847,0.5,0.0,Not present/background
2018-07-23,Mid-St. Joseph Bay,29.7848,-85.347,0.5,0.0,Not present/background
2018-07-23,Patton Bayou; W of (St. Joseph Bay),29.7987,-85.3045,0.5,0.0,Not present/background
2018-07-24,Buck Key; S of (Blind Pass),26.488,-82.1815,0.2,667.0,Not present/background
2018-07-24,York Island; W of (Pine Island Sound),26.4887,-82.1073,0.2,0.0,Not present/background
2018-07-24,Merwin Key; W of (San Carlos Bay),26.500278,-82.0475,0.2,11667.0,Low
2018-07-24,Buck Key; 1.9 mi NE of (Pine Island Sound),26.532117,-82.15667,0.2,504336.0,Medium
2018-07-24,Regla Island; W of (Pine Island Sound),26.538,-82.1257,0.2,0.0,Not present/background
2018-07-24,Redfish Pass (Pine Island Sound),26.5535,-82.1963,0.2,431000.0,Medium
2018-07-24,Redfish Pass; 1.8 mi E of (Pine Island Sound),26.560417,-82.170817,0.2,2505120.0,High
2018-07-24,Cork Island; W of (Pine Island Sound),26.5767,-82.1347,0.2,0.0,Not present/background
2018-07-24,McCardle Island; SW of (Matlacha Pass),26.5857,-82.0645,0.2,0.0,Not present/background
2018-07-24,Hemp Key; S of (Pine Island Sound),26.5902,-82.1561,0.2,62000.0,Low
2018-07-24,Captiva Rocks; SW of (Pine Island Sound),26.59925,-82.18463,0.2,110667.0,Medium
2018-07-24,Captiva Pass,26.6092,-82.221,0.2,1673140.0,High
2018-07-24,Mondongo Island; W of (Pine Island Sound),26.6798,-82.2196,0.2,1000.0,Not present/background
2018-07-24,Little Bokeelia Island; N of (Charlotte Harbor),26.705,-82.1837,0.2,333.0,Not present/background
2018-07-24,Boca Grande Pass,26.7117,-82.2583,0.2,832320.0,Medium
2018-07-24,Blind Pass Beach,26.96324,-82.38565,0.5,2590000.0,High
2018-07-24,Manasota Beach,27.01031,-82.41312,0.5,1520000.0,High
2018-07-24,Caspersen Beach,27.05703,-82.4436,0.5,177000.0,Medium
2018-07-24,Brohard Beach,27.06631,-82.448,0.5,196000.0,Medium
2018-07-24,Venice Fishing Pier; N of,27.0735,-82.4515,0.5,168000.0,Medium
2018-07-24,Service Club Park,27.07827,-82.45286,0.5,132000.0,Medium
2018-07-24,Venice Beach,27.10034,-82.46089,0.5,49000.0,Low
2018-07-24,North Jetty,27.11382,-82.46883,0.5,14000.0,Low
2018-07-24,Nokomis Beach,27.12332,-82.47122,0.5,47000.0,Low
2018-07-24,Turtle Beach,27.21843,-82.51711,0.5,0.0,Not present/background
2018-07-24,Siesta Beach,27.26518,-82.5531,0.5,0.0,Not present/background
2018-07-24,South Lido Park,27.29818,-82.56739,0.5,0.0,Not present/background
2018-07-24,Lido Beach Casino,27.311,-82.57718,0.5,1000.0,Not present/background
2018-07-24,North Lido Beach,27.31561,-82.58171,0.5,0.0,Not present/background
2018-07-24,Ringling Causeway,27.32682,-82.56244,0.5,0.0,Not present/background
2018-07-24,Longboat Key Beach,27.37317,-82.63202,0.5,0.0,Not present/background
2018-07-24,Roseate Island; NE of (Indian River),27.82037,-80.44951,0.3,0.0,Not present/background
2018-07-24,Beach Woods Pier (Indian River),28.02968,-80.54599,0.5,0.0,Not present/background
2018-07-24,Diamond Bay (Banana River),28.35034,-80.61298,0.5,0.0,Not present/background
2018-07-24,Fort Island Beach (Crystal Bay),28.908147,-82.691461,0.5,0.0,Not present/background
2018-07-24,Deadmans Key; W of,29.114833,-83.077833,0.5,0.0,Not present/background
2018-07-24,Atsena Otie Key; 1.5 mi E of,29.123,-83.000167,0.5,0.0,Not present/background
2018-07-24,Buck Island; 2.4 mi W of (Suwannee Sound),29.216833,-83.12,0.5,0.0,Not present/background
2018-07-24,Axe Island; 4.1 mi W of,29.30833,-83.24167,0.3,0.0,Not present/background
2018-07-24,Faver-Dykes (Pellicer Creek),29.66822,-81.2631,0.3,0.0,Not present/background
2018-07-24,Fort Matanzas (Matanzas Bay),29.7427,-81.2447,0.3,0.0,Not present/background
2018-07-24,San Sebastian (Matanzas River),29.8694,-81.3077,0.3,0.0,Not present/background
2018-07-24,Bald Point; 1.2 mi NE of,29.958167,-84.323667,0.5,0.0,Not present/background
2018-07-24,Pine Island; S of (Tolomato River),30.0516,-81.3669,0.3,0.0,Not present/background
2018-07-24,Piney Island; N of (Oyster Bay),30.0615,-84.347333,0.5,0.0,Not present/background
2018-07-24,Piney Point; 1.2 mi N of  (Choctawhatchee Bay),30.427583,-86.487306,0.5,0.0,Not present/background
2018-07-25,Cape Romano; S of (Gullivan Bay),25.844,-81.678,0.2,3333.0,Very low
2018-07-25,Round Key; N of (Fakahatchee Pass),25.851667,-81.524667,0.2,0.0,Not present/background
2018-07-25,Coon Key; S of (Gullivan Bay),25.8815,-81.632167,0.2,0.0,Not present/background
2018-07-25,South Marco Beach,25.91165,-81.72805,1.0,61333.0,Low
2018-07-25,Naples Pier,26.13163,-81.8063,1.0,187333.0,Medium
2018-07-25,Seagate,26.2073,-81.8169,1.0,2066820.0,High
2018-07-25,Vanderbilt Beach,26.25375,-81.82377,1.0,1734320.0,High
2018-07-25,Barefoot Beach State Preserve,26.30481,-81.8362,1.0,723850.0,Medium
2018-07-25,Bonita Beach Park,26.33105,-81.84574,0.5,210150.0,Medium
2018-07-25,Lovers Key State Park,26.3901,-81.8795,0.5,350250.0,Medium
2018-07-25,Tarpon Bay Road Beach,26.4217,-82.0801,0.5,1197150.0,High
2018-07-25,Lighthouse Beach,26.45157,-82.01543,0.5,928340.0,Medium
2018-07-25,Lynn Hall Park,26.45398,-81.95776,0.5,1296750.0,High
2018-07-25,Alison Hagerup Beach Park,26.5264,-82.1945,0.5,595683.0,Medium
2018-07-25,Boca Grande Pier (Gasparilla Sound),26.80562,-82.27415,0.5,3424667.0,High
2018-07-25,Juno Beach Fishing Pier,26.893715,-80.0542,0.5,0.0,Not present/background
2018-07-25,Englewood Beach,26.92467,-82.36189,0.5,5549517.0,High
2018-07-25,West Venice Avenue; W of,27.099074,-82.460569,0.5,40333.0,Low
2018-07-25,Albee Road West; W of,27.123808,-82.471361,0.5,20667.0,Low
2018-07-25,Bay Dock (Sarasota Bay),27.3316,-82.5779,0.5,0.0,Not present/background
2018-07-25,New Pass Dock (Sarasota Bay),27.33375,-82.57938,0.5,0.0,Not present/background
2018-07-25,Hawksbill Island Drive; canal E of (Banana River),28.198262,-80.612495,0.5,0.0,Not present/background
2018-07-25,Menzo Park; 1.1 mi E of (Indian River),28.5808,-80.7806,0.5,0.0,Not present/background
2018-07-25,Space View Park; SE of (Indian River),28.60796,-80.79474,0.5,0.0,Not present/background
2018-07-25,Bird Island; S of,29.589683,-83.410033,0.3,0.0,Not present/background
2018-07-25,Pine Log Island; 3.3 mi SW of,29.625,-83.45833,0.3,0.0,Not present/background
2018-07-25,Neptune Street; N of (Indian Lagoon),29.683,-85.237667,0.5,0.0,Not present/background
2018-07-25,Alligator Harbor Boat Ramp; W of,29.9245,-84.426167,0.5,0.0,Not present/background
2018-07-25,Pensacola Beach Pier,30.3273,-87.1419,1.0,0.0,Not present/background
2018-07-25,Navarre Pier,30.376,-86.8631,0.5,0.0,Not present/background
2018-07-26,Sea Oat Island (Hurricane Pass),25.988992,-81.748243,0.5,43333.0,Low
2018-07-26,Bay Road; S of (Gordon Pass),26.092331,-81.800331,0.5,259000.0,Medium
2018-07-26,West Bay Heights Road; S of (Lemon Bay),26.9438,-82.3522,0.3,8581602.0,High
2018-07-26,Caspersen Beach,27.0574,-82.4438,1.0,564667.0,Medium
2018-07-26,Venice Fishing Pier; SE of,27.0725,-82.4511,1.0,535333.0,Medium
2018-07-26,Bay Dock (Sarasota Bay),27.3316,-82.5779,0.5,0.0,Not present/background
2018-07-26,New Pass Dock (Sarasota Bay),27.33375,-82.57938,0.5,0.0,Not present/background
2018-07-26,Clearwater Beach Pier 60,27.9777,-82.8323,0.5,0.0,Not present/background
2018-07-26,Geiger Point; Melbourne Causeway at (Indian River),28.08245,-80.59505,0.2,0.0,Not present/background
2018-07-26,Eau Gallie Pier (Indian River),28.13248,-80.62418,0.2,0.0,Not present/background
2018-07-26,Ramp Road Park Boat Ramp (Banana River),28.309033,-80.614283,0.2,0.0,Not present/background
2018-07-26,520 Slick Boat Ramp (Banana River),28.357133,-80.62844,0.2,0.0,Not present/background
2018-07-26,Kelly Park (Banana River),28.4017,-80.66245,0.2,0.0,Not present/background
2018-07-26,Port St. John Boat Ramp (Indian River),28.475083,-80.766533,0.2,0.0,Not present/background
2018-07-26,NASA Causeway; SE side of (Indian River),28.52641,-80.7391,0.2,0.0,Not present/background
2018-07-26,Pine Island; 2.1 mi W of,28.575,-82.69167,0.3,0.0,Not present/background
2018-07-26,Harbor Pointe Marina (Indian River),28.615731,-80.802278,0.5,0.0,Not present/background
2018-07-26,Parrish Park Boat Ramp (Indian River),28.62365,-80.795517,0.2,0.0,Not present/background
2018-07-26,Millender Street; S of (St. George Sound),29.7301,-84.88478,0.1,0.0,Not present/background
2018-07-27,Cape Haze Marina,26.8743,-82.31275,0.5,38803126.0,High
2018-07-27,Cape Haze Marina; W of,26.874817,-82.314133,0.5,0.0,Not present/background
2018-07-27,Lear Road; canal S of,26.9299,-82.313483,0.5,0.0,Not present/background
2018-07-27,Oberon Road; canal N of,26.929917,-82.31425,0.5,0.0,Not present/background
2018-07-27,West Bay Heights Road; S of (Lemon Bay),26.9438,-82.3521,0.3,2688589.0,High
2018-07-27,Blind Pass Beach,26.988278,-82.401529,0.5,1207640.0,High
2018-07-27,Manasota Beach,26.995554,-82.405202,0.5,7357560.0,High
2018-07-27,Bay Dock (Sarasota Bay),27.3316,-82.5779,0.5,0.0,Not present/background
2018-07-27,New Pass Dock (Sarasota Bay),27.33375,-82.57938,0.5,0.0,Not present/background
2018-07-27,E.G. Simmons Regional Park; 1.6 mi N of (Tampa Bay),27.767583,-82.486442,0.6,0.0,Not present/background
2018-07-27,Sunken Island; W of (Hillsborough Bay),27.846478,-82.434415,0.6,0.0,Not present/background
2018-07-27,Howard Park Causeway; S side of,28.153244,-82.801186,0.5,0.0,Not present/background
2018-07-27,Robert K. Rees Memorial Park,28.2535,-82.7572,0.5,0.0,Not present/background
2018-07-27,Palm Island; S of,28.433119,-82.666731,0.5,0.0,Not present/background
2018-07-27,Compass Point; 1.7 mi SW of (Waccasassa Bay),29.14167,-82.85833,0.3,0.0,Not present/background
2018-07-27,Blacks Island; S of (St. Joseph Bay),29.719033,-85.332683,0.1,0.0,Not present/background
2018-07-27,Park Point Circle; E of (St. Joseph Bay),29.75845,-85.384433,0.1,0.0,Not present/background
2018-07-27,Dupont Drive; NW of (St. Joseph Bay),29.798433,-85.304683,0.1,0.0,Not present/background
2018-07-28,Contento Street; canal W of (Roberts Bay),27.271832,-82.551498,1.0,2667.0,Very low
2018-07-29,Bahia Honda State Park (Bahia Honda Channel),24.660448,-81.27583,0.5,0.0,Not present/background
2018-07-29,Oceanfront Park Kayak Launch (Hawk Channel),24.724222,-81.0445,0.1,0.0,Not present/background
2018-07-29,122nd Street Ocean; SW of (Hawk Channel),24.72865,-81.026,0.1,0.0,Not present/background
2018-07-29,Dixie Highway Bridge; E of (Indian River),27.85566,-80.49085,1.0,0.0,Not present/background
2018-07-29,Tropic; SW of (Indian River),28.1505,-80.635,0.5,0.0,Not present/background
2018-07-29,Cocoa Beach Golf Course; E of (Banana River),28.31338,-80.6298,0.2,0.0,Not present/background
2018-07-30,Caxambas Park,25.9124,-81.7171,0.5,76000.0,Low
2018-07-30,Goodland Bridge,25.9334,-81.6496,0.5,0.0,Not present/background
2018-07-30,Lee Avenue; docks NE of (Big Marco Pass),25.9733,-81.7275,0.5,1667.0,Very low
2018-07-30,951 Boat Ramp (Big Marco Pass),25.9804,-81.7029,0.5,2333.0,Very low
2018-07-30,West Bay Heights Road; S of (Lemon Bay),26.943643,-82.35242,0.3,30114084.0,High
2018-07-30,Blind Pass Beach,26.96324,-82.38565,0.5,88000.0,Low
2018-07-30,Manasota Beach,27.01031,-82.41312,0.5,13000.0,Low
2018-07-30,Southwest Venice Public Beach,27.034973,-82.428125,1.0,0.0,Not present/background
2018-07-30,Caspersen Beach,27.05703,-82.4436,0.5,31920000.0,High
2018-07-30,Brohard Beach,27.06631,-82.448,0.5,21440000.0,High
2018-07-30,Venice Fishing Pier; N of,27.0735,-82.4515,0.5,25840000.0,High
2018-07-30,Service Club Park,27.07827,-82.45286,0.5,21840000.0,High
2018-07-30,Venice Beach,27.10034,-82.46089,0.5,19440000.0,High
2018-07-30,North Jetty,27.11382,-82.46883,0.5,6560000.0,High
2018-07-30,Nokomis Beach,27.12332,-82.47122,0.5,13360000.0,High
2018-07-30,Turtle Beach,27.21843,-82.51711,0.5,5280000.0,High
2018-07-30,Siesta Beach,27.26518,-82.5531,0.5,296000.0,Medium
2018-07-30,South Lido Park,27.29818,-82.56739,0.5,2000.0,Very low
2018-07-30,Lido Beach Casino,27.311,-82.57718,0.5,0.0,Not present/background
2018-07-30,North Lido Beach,27.31561,-82.58171,0.5,0.0,Not present/background
2018-07-30,Ringling Causeway,27.32682,-82.56244,0.5,0.0,Not present/background
2018-07-30,Bay Dock (Sarasota Bay),27.3316,-82.5779,0.5,1500.0,Very low
2018-07-30,New Pass Dock (Sarasota Bay),27.33375,-82.57938,0.5,0.0,Not present/background
2018-07-30,New Pass Dock (Sarasota Bay),27.33375,-82.57938,0.5,6667.0,Very low
2018-07-30,Longboat Key Beach,27.37317,-82.63202,0.5,0.0,Not present/background
2018-07-30,Longboat Pass Boat Ramp (Sarasota Bay),27.44602,-82.68798,0.5,333.0,Not present/background
2018-07-30,Palma Sola Bay Bridge,27.4959,-82.6522,0.5,0.0,Not present/background
2018-07-30,Anna Maria Island Rod & Reel Pier (Lower Tampa Bay),27.5385,-82.7402,0.5,333.0,Not present/background
2018-07-30,Fletcher Point (Lower Tampa Bay),27.58512,-82.61482,0.5,0.0,Not present/background
2018-07-30,Skyway Fishing Pier; South (Lower Tampa Bay),27.6055,-82.6508,0.5,0.0,Not present/background
2018-07-30,Mullet Key; Gulf Pier,27.6133,-82.7391,0.5,0.0,Not present/background
2018-07-30,Bunces Pass; 41 mi W of,27.64966,-83.410366,0.5,0.0,Not present/background
2018-07-30,Bunces Pass; 41 mi W of,27.64966,-83.410366,17.0,0.0,Not present/background
2018-07-30,Bunces Pass; 41 mi W of,27.64966,-83.410366,34.0,0.0,Not present/background
2018-07-30,Bunces Pass; 31 mi W of,27.64966,-83.2474,0.5,0.0,Not present/background
2018-07-30,Bunces Pass; 31 mi W of,27.64966,-83.2474,14.0,0.0,Not present/background
2018-07-30,Bunces Pass; 31 mi W of,27.64966,-83.2474,28.0,0.0,Not present/background
2018-07-30,Bunces Pass; 21 mi W of,27.64966,-83.084434,0.5,0.0,Not present/background
2018-07-30,Bunces Pass; 21 mi W of,27.64966,-83.084434,10.0,0.0,Not present/background
2018-07-30,Bunces Pass; 21 mi W of,27.64966,-83.084434,19.0,5.0,Not present/background
2018-07-30,Bunces Pass; 11 mi W of,27.64966,-82.921468,0.5,0.0,Not present/background
2018-07-30,Bunces Pass; 11 mi W of,27.64966,-82.921468,11.0,0.0,Not present/background
2018-07-30,Bunces Pass; 5.8 mi W of,27.64966,-82.84019,0.5,0.0,Not present/background
2018-07-30,Bunces Pass; 5.8 mi W of,27.64966,-82.84019,8.5,0.0,Not present/background
2018-07-30,FWRI Peninsula; SE tip of (Bayboro Harbor),27.759803,-82.631267,0.5,0.0,Not present/background
2018-07-30,FWRI Peninsula; SE tip of (Bayboro Harbor),27.759803,-82.631267,5.0,0.0,Not present/background
2018-07-30,La Contessa Pier,27.8121,-82.81915,0.5,333.0,Not present/background
2018-07-30,Barefoot Bay Pier (Indian River),27.88507,-80.5008,0.5,0.0,Not present/background
2018-07-30,Clearwater Pass,27.96035,-82.8243,0.5,333.0,Not present/background
2018-07-30,Diamond Bay (Banana River),28.35034,-80.61298,0.5,0.0,Not present/background
2018-07-30,Round Island; 3 mi W of,28.514533,-82.73455,0.5,0.0,Not present/background
2018-07-30,Centipede Bay; 4.9 mi W of,28.516317,-82.7489,0.5,0.0,Not present/background
2018-07-30,Rock Island; 7.7 mi W of,28.564917,-82.78085,0.5,0.0,Not present/background
2018-07-30,Pine Island; N of,28.57895,-82.654267,0.5,0.0,Not present/background
2018-07-30,Rock Island; NW of,28.82472,-82.74168,0.1,0.0,Not present/background
2018-07-30,Baker Point; NE of (East Bay),30.025611,-85.473,0.5,0.0,Not present/background
2018-07-30,Richards Bayou; mouth of (East Bay),30.06075,-85.493611,0.5,0.0,Not present/background
2018-07-31,South Drive; W of (Blackwater Sound),25.163333,-80.405,0.5,0.0,Not present/background
2018-07-31,South Marco Beach,25.91165,-81.72805,1.0,1673417.0,High
2018-07-31,Naples Pier,26.13163,-81.8063,1.0,2465820.0,High
2018-07-31,Seagate,26.2073,-81.8169,1.0,4396980.0,High
2018-07-31,Vanderbilt Beach,26.25375,-81.82377,1.0,0.0,Not present/background
2018-07-31,Barefoot Beach State Preserve,26.30481,-81.8362,1.0,29518944.0,High
2018-07-31,Barefoot Beach; 10 mi W of,26.3141,-82.00202,0.5,3294000.0,High
2018-07-31,Barefoot Beach; 10 mi W of,26.3141,-82.00202,9.4,1410000.0,High
2018-07-31,Tarpon Bay Road Beach; 6.2 mi SW of,26.339,-82.119,0.5,1644000.0,High
2018-07-31,Tarpon Bay Road Beach; 6.2 mi SW of,26.339,-82.119,9.4,356000.0,Medium
2018-07-31,Sanibel Beach; 4.9 mi SE of,26.3878,-81.97891,0.5,1714000.0,High
2018-07-31,Sanibel Beach; 4.9 mi SE of,26.3878,-81.97891,6.7,804000.0,Medium
2018-07-31,Bowmans Beach; 4 mi SW of,26.41634,-82.2026,0.5,1326000.0,High
2018-07-31,Bowmans Beach; 4 mi SW of,26.41634,-82.2026,8.1,22000.0,Low
2018-07-31,Buck Key; S of (Blind Pass),26.488,-82.1815,0.2,482567.0,Medium
2018-07-31,York Island; W of (Pine Island Sound),26.4887,-82.1073,0.2,20097023.0,High
2018-07-31,Merwin Key; W of (San Carlos Bay),26.500278,-82.0475,0.2,485161.0,Medium
2018-07-31,Captiva Island; 5.2 mi W of,26.50312,-82.27413,0.5,1000.0,Not present/background
2018-07-31,Captiva Island; 5.2 mi W of,26.50312,-82.27413,8.8,43000.0,Low
2018-07-31,Givney Key; SE of (Matlacha Pass),26.513833,-82.05435,0.2,2333.0,Very low
2018-07-31,Buck Key; 1.9 mi NE of (Pine Island Sound),26.532117,-82.15667,0.2,539980.0,Medium
2018-07-31,Regla Island; 1.4 mi W of (Pine Island Sound),26.53618,-82.14646,0.2,268240.0,Medium
2018-07-31,Regla Island; W of (Pine Island Sound),26.538,-82.1257,0.2,649040.0,Medium
2018-07-31,Redfish Pass (Pine Island Sound),26.5535,-82.1963,0.2,237333.0,Medium
2018-07-31,Nassau Court; canal E of (Caloosahatchee River),26.560217,-81.94065,0.5,0.0,Not present/background
2018-07-31,Redfish Pass; 1.8 mi E of (Pine Island Sound),26.560417,-82.170817,0.2,1106560.0,High
2018-07-31,Cork Island; W of (Pine Island Sound),26.5767,-82.1347,0.2,1000.0,Not present/background
2018-07-31,McCardle Island; SW of (Matlacha Pass),26.5857,-82.0645,0.2,0.0,Not present/background
2018-07-31,Hemp Key; S of (Pine Island Sound),26.5902,-82.1561,0.2,18333.0,Low
2018-07-31,Captiva Rocks; SW of (Pine Island Sound),26.59925,-82.18463,0.2,90667.0,Low
2018-07-31,Captiva Pass,26.6092,-82.221,0.2,399050.0,Medium
2018-07-31,Captiva Pass; 4.2 mi W of,26.61003,-82.29105,0.5,29000.0,Low
2018-07-31,Captiva Pass; 4.2 mi W of,26.61003,-82.29105,9.6,85000.0,Low
2018-07-31,Mondongo Island; W of (Pine Island Sound),26.6798,-82.2196,0.2,321553.0,Medium
2018-07-31,Jug Creek Point; E of (Matlacha Pass),26.7003,-82.1208,0.2,0.0,Not present/background
2018-07-31,Boca Grande Pass; 2 mi W of,26.70117,-82.28919,0.5,1677000.0,High
2018-07-31,Boca Grande Pass; 2 mi W of,26.70117,-82.28919,5.8,526000.0,Medium
2018-07-31,Boca Grande Pass; 2 mi W of,26.70117,-82.28919,0.5,3182000.0,High
2018-07-31,Little Bokeelia Island; N of (Charlotte Harbor),26.705,-82.1837,0.2,122000.0,Medium
2018-07-31,Boca Grande Pass,26.7117,-82.2583,0.2,253764.0,Medium
2018-07-31,Gasparilla Pass; 18 mi W of,26.79666,-82.57846,0.5,0.0,Not present/background
2018-07-31,Gasparilla Pass; 18 mi W of,26.79666,-82.57846,19.2,0.0,Not present/background
2018-07-31,Little Gasparilla Island; 3.8 mi W of,26.82491,-82.3501,0.5,1256000.0,High
2018-07-31,Little Gasparilla Island; 3.8 mi W of,26.82491,-82.3501,9.8,85000.0,Low
2018-07-31,Punta Gorda Beach; 3.3 mi W of,26.91813,-82.41211,0.5,1391000.0,High
2018-07-31,Punta Gorda Beach; 3.3 mi W of,26.91813,-82.41211,9.7,94000.0,Low
2018-07-31,Manasota Beach; 3.4 mi W of,27.01283,-82.46982,0.5,1918000.0,High
2018-07-31,Manasota Beach; 3.4 mi W of,27.01283,-82.46982,9.6,70000.0,Low
2018-07-31,Southwest Venice Public Beach,27.0367,-82.4293,0.5,5333.0,Very low
2018-07-31,Inlet Circle; W of,27.1111,-82.4657,0.5,0.0,Not present/background
2018-07-31,Venice Inlet; 3 mi W of,27.11184,-82.51702,0.5,1230000.0,High
2018-07-31,Venice Inlet; 3 mi W of,27.11184,-82.51702,10.0,389000.0,Medium
2018-07-31,Casey Key; 18 mi W of,27.1364,-82.76011,0.5,0.0,Not present/background
2018-07-31,Casey Key; 18 mi W of,27.1364,-82.76011,19.8,0.0,Not present/background
2018-07-31,Turtle Beach; 4 mi W of,27.20647,-82.57573,0.5,481000.0,Medium
2018-07-31,Turtle Beach; 4 mi W of,27.20647,-82.57573,10.1,311000.0,Medium
2018-07-31,Lido Beach; 2.3 mi W of,27.30897,-82.61293,0.5,603000.0,Medium
2018-07-31,Lido Beach; 2.3 mi W of,27.30897,-82.61293,8.5,804000.0,Medium
2018-07-31,Lido Beach; 2.3 mi W of,27.30897,-82.61293,0.5,681000.0,Medium
2018-07-31,Longboat Key; 19 mi W of,27.35832,-82.92915,0.5,0.0,Not present/background
2018-07-31,Longboat Key; 19 mi W of,27.35832,-82.92915,18.2,0.0,Not present/background
2018-07-31,Longboat Key; 4.1 mi W of,27.36557,-82.69319,0.5,0.0,Not present/background
2018-07-31,Longboat Key; 4.1 mi W of,27.36557,-82.69319,10.5,0.0,Not present/background
2018-07-31,Coquina Beach; 4.6 mi W of,27.4504,-82.76839,0.5,0.0,Not present/background
2018-07-31,Coquina Beach; 4.6 mi W of,27.4504,-82.76839,9.6,0.0,Not present/background
2018-07-31,Egmont Key; 2.3 mi SW of,27.55661,-82.78781,0.5,0.0,Not present/background
2018-07-31,Egmont Key; 2.3 mi SW of,27.55661,-82.78781,6.9,0.0,Not present/background
2018-07-31,Beach Woods Pier (Indian River),28.02968,-80.54599,0.5,0.0,Not present/background
2018-07-31,Honeymoon Island State Park; North Beach,28.0633,-82.8325,0.2,0.0,Not present/background
2018-07-31,Avery Avenue; pier W of (Saint Joseph Sound),28.0929,-82.7817,0.3,0.0,Not present/background
2018-07-31,Bird Island; W of (Chassahowitzka Bay),28.675,-82.69167,0.3,0.0,Not present/background
2018-07-31,Millender Street; S of (St. George Sound),29.7301,-84.88478,0.1,0.0,Not present/background
2018-07-31,Tyndall AFB; W of (St. Andrew Bay),30.0768,-85.6222,0.5,0.0,Not present/background
2018-07-31,Spanish Ante; E of (St. Andrew Bay),30.09017,-85.66658,0.5,0.0,Not present/background
2018-07-31,Davis Point; SE of (St. Andrew Bay),30.11367,-85.682,0.5,0.0,Not present/background
2018-07-31,Redfish Point; SW of (St. Andrew Bay),30.136333,-85.67683,0.5,0.0,Not present/background
2018-07-31,Delwood Beach (St. Andrew Bay),30.1415,-85.7125,0.5,0.0,Not present/background
2018-07-31,Lynn Haven Boat Ramp (North Bay),30.2541,-85.6461,0.5,0.0,Not present/background
2018-07-31,Navarre Pier,30.376,-86.8631,0.5,0.0,Not present/background
2018-08-01,Bonita Beach Park,26.33105,-81.84574,0.5,8442840.0,High
2018-08-01,Lovers Key State Park,26.3901,-81.8795,0.5,3082200.0,High
2018-08-01,Tarpon Bay Road Beach,26.4217,-82.0801,0.5,1787040.0,High
2018-08-01,Lighthouse Beach,26.45157,-82.01543,0.5,4909950.0,High
2018-08-01,Lynn Hall Park,26.45398,-81.95776,0.5,1247928.0,High
2018-08-01,Alison Hagerup Beach Park,26.5264,-82.1945,0.5,1075700.0,High
2018-08-01,Boca Grande Pass,26.7117,-82.2583,0.5,1759590.0,High
2018-08-01,Cayo Pelau; 2 mi S of (Charlotte Harbor),26.74065,-82.2145,0.5,505020.0,Medium
2018-08-01,Bull Key; NW of (Bull Bay),26.782417,-82.209383,0.5,15000.0,Low
2018-08-01,Cayo Pelau; N of (Gasparilla Sound),26.786021,-82.223062,0.5,0.0,Not present/background
2018-08-01,Sandfly Key; NE of (Gasparilla Sound),26.798,-82.231,0.5,355908.0,Medium
2018-08-01,Boca Grande Pier (Gasparilla Sound),26.80562,-82.27415,0.5,4353478.0,High
2018-08-01,Gasparilla Pass,26.816167,-82.2805,0.5,985889.0,Medium
2018-08-01,Catfish Creek; mouth of (Gasparilla Sound),26.8164,-82.2526,0.5,501144.0,Medium
2018-08-01,Juno Beach Fishing Pier,26.893715,-80.0542,0.5,0.0,Not present/background
2018-08-01,Hog Island; S of (Charlotte Harbor),26.911667,-82.158833,0.5,0.0,Not present/background
2018-08-01,Englewood Beach,26.92467,-82.36189,0.5,7285740.0,High
2018-08-01,Sandsprit Park Boat Ramp (Manatee Pocket),27.162256,-80.1939,0.7,0.0,Not present/background
2018-08-01,Indian Riverside Park Pier (Indian River),27.224761,-80.211264,0.7,0.0,Not present/background
2018-08-01,Bay Dock (Sarasota Bay),27.3316,-82.5779,0.5,1000.0,Not present/background
2018-08-01,New Pass Dock (Sarasota Bay),27.33375,-82.57938,0.5,3365000.0,High
2018-08-01,East Midway Road; N of (Indian River),27.38745,-80.2971,0.5,0.0,Not present/background
2018-08-01,Indian River Veterans Memorial Park Boat Ramp (Indian River),27.451811,-80.322742,1.0,0.0,Not present/background
2018-08-01,Holmes Beach,27.488822,-82.708936,0.5,3667.0,Very low
2018-08-01,Geiger Point; Melbourne Causeway at (Indian River),28.08245,-80.59505,0.2,0.0,Not present/background
2018-08-01,Eau Gallie Pier (Indian River),28.13248,-80.62418,0.2,0.0,Not present/background
2018-08-01,Hawksbill Island Drive; canal E of (Banana River),28.198262,-80.612495,0.5,0.0,Not present/background
2018-08-01,Ramp Road Park Boat Ramp (Banana River),28.309033,-80.614283,0.2,0.0,Not present/background
2018-08-01,520 Slick Boat Ramp (Banana River),28.357133,-80.62844,0.2,0.0,Not present/background
2018-08-01,Hudson Beach Park,28.362773,-82.709357,0.5,0.0,Not present/background
2018-08-01,Kelly Park (Banana River),28.4017,-80.66245,0.2,0.0,Not present/background
2018-08-01,Port St. John Boat Ramp (Indian River),28.475083,-80.766533,0.2,0.0,Not present/background
2018-08-01,NASA Causeway; SE side of (Indian River),28.52641,-80.7391,0.2,0.0,Not present/background
2018-08-01,Pine Island; 18 mi W of,28.583333,-82.953333,0.5,0.0,Not present/background
2018-08-01,Lemon Grove Island; 6 mi W of,28.595,-82.765,0.5,0.0,Not present/background
2018-08-01,Parrish Park Boat Ramp (Indian River),28.62365,-80.795517,0.2,0.0,Not present/background
2018-08-02,Sawyer Key; 2 mi NW of,24.769483,-81.601017,0.2,0.0,Not present/background
2018-08-02,Sawyer Key; 3.2 mi NW of,24.78372,-81.61275,0.2,0.0,Not present/background
2018-08-02,Sawyer Key; 5.1 mi NW of,24.79875,-81.638667,0.2,0.0,Not present/background
2018-08-02,Sawyer Key; 7 mi NW of,24.811917,-81.664667,0.2,0.0,Not present/background
2018-08-02,El Radabob Key; 5.7 mi E of,25.1107,-80.3061,0.5,0.0,Not present/background
2018-08-02,South Marco Beach,25.91165,-81.72805,0.5,1720117.0,High
2018-08-02,Naples Pier,26.13163,-81.8063,0.5,43333.0,Low
2018-08-02,Seagate,26.2073,-81.8169,0.5,770550.0,Medium
2018-08-02,Vanderbilt Beach,26.25375,-81.82377,0.5,21229250.0,High
2018-08-02,Barefoot Beach State Preserve,26.30481,-81.8362,0.5,1404480.0,High
2018-08-02,Punta Rassa Boat Ramp (San Carlos Bay),26.4845,-82.011192,0.5,402420.0,Medium
2018-08-02,Punta Rassa Boat Ramp (San Carlos Bay),26.4845,-82.011192,1.3,720860.0,Medium
2018-08-02,Floridian Court; canal S of (Caloosahatchee River),26.544002,-81.95132,0.5,0.0,Not present/background
2018-08-02,Redfish Pass; 3.3 mi W of,26.55321,-82.25469,0.5,3126267.0,High
2018-08-02,Redfish Pass; 3.3 mi W of,26.55321,-82.25469,9.0,1329230.0,High
2018-08-02,Redfish Pass,26.55437,-82.1934,0.5,597611.0,Medium
2018-08-02,Redfish Pass; 1.7 mi NE of (Pine Island Sound),26.57581,-82.18382,0.5,2778650.0,High
2018-08-02,Captiva Pass; 29 mi W of,26.59391,-82.69662,0.5,0.0,Not present/background
2018-08-02,Captiva Pass; 29 mi W of,26.59391,-82.69662,12.0,0.0,Not present/background
2018-08-02,Captiva Pass; 29 mi W of,26.59391,-82.69662,25.0,0.0,Not present/background
2018-08-02,Captiva Pass; 1.1 mi E of (Pine Island Sound),26.61765,-82.20452,0.5,577000.0,Medium
2018-08-02,Centennial Park (Caloosahatchee River),26.644298,-81.874002,0.5,0.0,Not present/background
2018-08-02,Cabbage Key; E of (Pine Island Sound),26.66577,-82.21941,0.5,3573283.0,High
2018-08-02,Cayo Costa; 18 mi W of,26.66802,-82.55845,0.5,0.0,Not present/background
2018-08-02,Cayo Costa; 18 mi W of,26.66802,-82.55845,8.0,0.0,Not present/background
2018-08-02,Cayo Costa; 18 mi W of,26.66802,-82.55845,19.0,0.0,Not present/background
2018-08-02,Boca Grande Pass (Charlotte Harbor),26.71399,-82.24765,0.5,521267.0,Medium
2018-08-02,Devilfish Key; W of (Charlotte Harbor),26.71399,-82.24765,0.5,115000.0,Medium
2018-08-02,Boca Grande Beach; 9.6 mi W of,26.74031,-82.41936,0.5,420300.0,Medium
2018-08-02,Boca Grande Beach; 9.6 mi W of,26.74031,-82.41936,3.0,461772.0,Medium
2018-08-02,Boca Grande Beach; 9.6 mi W of,26.74031,-82.41936,14.0,204858.0,Medium
2018-08-02,Gasparilla Island; 4.8 mi W of,26.78079,-82.34734,0.5,2375963.0,High
2018-08-02,Gasparilla Island; 4.8 mi W of,26.78079,-82.34734,3.0,2643612.0,High
2018-08-02,Gasparilla Island; 4.8 mi W of,26.78079,-82.34734,10.0,2948610.0,High
2018-08-02,Lido Beach,27.307383,-82.573983,0.5,4077780.0,High
2018-08-02,Bay Dock (Sarasota Bay),27.3316,-82.5779,0.5,16320000.0,High
2018-08-02,New Pass Dock (Sarasota Bay),27.33375,-82.57938,0.5,1502000.0,High
2018-08-02,Clearwater Beach Pier 60,27.9777,-82.8323,0.5,0.0,Not present/background
2018-08-02,Harbor Pointe Marina (Indian River),28.615731,-80.802278,0.5,0.0,Not present/background
2018-08-02,Bird Island; 7.4 mi W of,29.583333,-83.531667,0.5,0.0,Not present/background
2018-08-02,Bird Island; 2.5 mi SW of,29.5928,-83.4471,2.4,0.0,Not present/background
2018-08-02,St. Johns Inland,30.391,-81.4648,0.3,0.0,Not present/background
2018-08-02,St. Johns Inlet,30.4056,-81.4086,0.3,0.0,Not present/background
2018-08-02,Ft. George Inlet,30.4204,-81.4201,0.3,0.0,Not present/background
2018-08-02,Ft. George Inland,30.4411,-81.439,0.3,0.0,Not present/background
2018-08-02,Nassau Inlet,30.5134,-81.4576,0.3,0.0,Not present/background
2018-08-02,St. Marys Inlet,30.7012,-81.4269,0.3,0.0,Not present/background
2018-08-03,Dania Beach Fishing Pier,26.058006,-80.10887,4.0,0.0,Not present/background
2018-08-03,Gordon Pass; W of,26.095333,-81.811117,0.5,289000.0,Medium
2018-08-03,Naples Pier; W of,26.129017,-81.821033,0.5,83333.0,Low
2018-08-03,Deerfield Beach Fishing Pier,26.316484,-80.07265,4.0,0.0,Not present/background
2018-08-03,Regla Island; E of (Pine Island Sound),26.53505,-82.11875,0.2,352716.0,Medium
2018-08-03,North Captiva Island; E of (Pine Island Sound),26.5788,-82.195467,0.2,271333.0,Medium
2018-08-03,Foster Bay,26.580017,-82.20175,0.2,1631910.0,High
2018-08-03,Captiva Rocks; E of (Pine Island Sound),26.609417,-82.1703,0.2,1260840.0,High
2018-08-03,Stump Pass; 11 mi SW of,26.875,-82.525,0.5,8333.0,Very low
2018-08-03,Skip's Placida Marina (Ainger Creek),26.9311,-82.337,0.3,1667.0,Very low
2018-08-03,West Bay Heights Road; S of (Lemon Bay),26.943768,-82.352103,0.3,12667.0,Low
2018-08-03,Bay Dock (Sarasota Bay),27.3316,-82.5779,0.5,28700000.0,High
2018-08-03,New Pass Dock (Sarasota Bay),27.33375,-82.57938,0.5,44240000.0,High
2018-08-03,Hurricane Pass; 5.4 mi W of,28.056683,-82.90665,0.5,0.0,Not present/background
2018-08-03,Honeymoon Island; 2.6 mi W of,28.093883,-82.876367,0.5,0.0,Not present/background
2018-08-03,Peninsular Circle; N of (Alligator Harbor),29.904,-84.3715,0.1,0.0,Not present/background
2018-08-03,Alligator Point Marina; N of (Alligator Harbor),29.906333,-84.418,0.1,0.0,Not present/background
2018-08-03,St. Teresa; S of (Alligator Harbor),29.925667,-84.45083,0.1,0.0,Not present/background
2018-08-04,Placida Park Boat Ramp (Placida Harbor),26.83272,-82.26963,0.5,93667.0,Low
2018-08-04,Bay Pointe Drive; N of (Placida Harbor),26.874249,-82.314148,0.5,848540.0,Medium
2018-08-04,45th Street Boulevard West; W of (Terra Ceia Bay),27.561413,-82.57965,0.5,0.0,Not present/background
2018-08-04,61st Street West; W of (Miguel Bay),27.56908,-82.60026,0.5,0.0,Not present/background
2018-08-04,Dixie Highway Bridge; E of (Indian River),27.85566,-80.49085,0.5,0.0,Not present/background
2018-08-04,Fred Howard Park,28.1525,-82.8055,1.0,0.0,Not present/background
2018-08-04,Gulf Anclote Park Pier,28.19305,-82.78879,1.0,0.0,Not present/background
2018-08-04,Robert K Rees Memorial Park,28.253673,-82.757715,1.0,0.0,Not present/background
2018-08-04,West Cocoa Beach Causeway; S of (Banana River),28.357673,-80.614889,0.5,0.0,Not present/background
2018-08-04,Hudson Beach Park,28.36285,-82.709532,1.0,0.0,Not present/background
2018-08-04,Glen Cheek Drive; N of (Port Canaveral),28.408917,-80.619455,0.5,0.0,Not present/background
2018-08-04,Fort Island Beach,28.908245,-82.69131,0.5,0.0,Not present/background
2018-08-05,Bahia Honda State Park,24.659833,-81.274361,0.5,0.0,Not present/background
2018-08-05,Kings Kew; SW of,26.3314,-81.8464,0.5,848540.0,Medium
2018-08-05,Pelican Landing Beach Park; 7.1 mi W of,26.364133,-81.98135,1.0,3281078.0,High
2018-08-05,Old San Carlos Boulevard; 1.1 mi SW of,26.43925,-81.96615,0.3,27698722.0,High
2018-08-05,Bowman's Beach,26.459094,-82.157582,0.5,1614620.0,High
2018-08-05,Causeway Islands Park,26.465505,-82.030351,0.5,119667.0,Medium
2018-08-05,Sirenia Vista Canoe & Kayak Launch,26.64413,-82.05578,1.0,0.0,Not present/background
2018-08-05,North Shore Park (Caloosahatchee River),26.6573,-81.8829,1.0,0.0,Not present/background
2018-08-05,Stump Pass; 5 mi SW of,26.873,-82.4115,0.5,835905.0,Medium
2018-08-05,Cortez Beach,27.461749,-82.698231,0.5,23607219.0,High
2018-08-05,Barefoot Bay Pier (Indian River),27.88507,-80.5008,0.5,0.0,Not present/background
2018-08-05,West Bay to Bay Boulevard; SE of (Hillsborough Bay),27.919101,-82.489724,0.1,0.0,Not present/background
2018-08-05,West Bay to Bay Boulevard; E of (Hillsborough Bay),27.91925,-82.490175,0.1,0.0,Not present/background
2018-08-05,Tropic; SW of (Indian River),28.1505,-80.635,0.5,0.0,Not present/background
2018-08-05,Cocoa Beach Golf Course; E of (Banana River),28.31338,-80.6298,0.2,0.0,Not present/background
2018-08-06,Molasses Reef Lighthouse; SW of,25.01,-80.38,1.0,0.0,Not present/background
2018-08-06,Molasses Reef Lighthouse; SW of,25.01,-80.38,31.5,0.0,Not present/background
2018-08-06,South Marco Beach,25.91165,-81.72805,0.5,39667.0,Low
2018-08-06,Naples Pier,26.13163,-81.8063,0.5,667.0,Not present/background
2018-08-06,Seagate,26.2073,-81.8169,0.5,16333.0,Low
2018-08-06,Vanderbilt Beach,26.25375,-81.82377,0.5,2667.0,Very low
2018-08-06,Barefoot Beach State Preserve,26.30481,-81.8362,0.5,196333.0,Medium
2018-08-06,Pelican Bay Nature Park Pier (Estero Bay),26.3584,-81.8375,0.5,1087940.0,High
2018-08-06,Carl Johnson Park Boat Ramp (Estero Bay),26.3936,-81.8655,0.5,2852850.0,High
2018-08-06,Coon Key; N of (Estero Bay),26.4287,-81.8832,0.5,1392510.0,High
2018-08-06,Estero River; mouth of (Estero Bay),26.4294,-81.858,0.5,72333.0,Low
2018-08-06,Estero River; upstream,26.43861,-81.84,0.5,0.0,Not present/background
2018-08-06,Mound House Dock (Estero Bay),26.4462,-81.9272,0.5,1500240.0,High
2018-08-06,Matanzas Pass (Estero Bay),26.4577,-81.9532,0.5,1189020.0,High
2018-08-06,Buck Key; S of (Blind Pass),26.488,-82.1815,0.2,581156.0,Medium
2018-08-06,York Island; W of (Pine Island Sound),26.4887,-82.1073,0.2,1005480.0,High
2018-08-06,Merwin Key; W of (San Carlos Bay),26.500278,-82.0475,0.2,614883.0,Medium
2018-08-06,Buck Key; 1.9 mi NE of (Pine Island Sound),26.532117,-82.15667,0.2,3978000.0,High
2018-08-06,Regla Island; W of (Pine Island Sound),26.538,-82.1257,0.2,1085280.0,High
2018-08-06,Redfish Pass (Pine Island Sound),26.5535,-82.1963,0.2,1899240.0,High
2018-08-06,Redfish Pass; 1.8 mi E of (Pine Island Sound),26.560417,-82.170817,0.2,2202480.0,High
2018-08-06,Cork Island; W of (Pine Island Sound),26.5767,-82.1347,0.2,2591850.0,High
2018-08-06,McCardle Island; SW of (Matlacha Pass),26.5857,-82.0645,0.2,0.0,Not present/background
2018-08-06,Hemp Key; S of (Pine Island Sound),26.5902,-82.1561,0.2,245953.0,Medium
2018-08-06,Captiva Rocks; SW of (Pine Island Sound),26.59925,-82.18463,0.2,4923870.0,High
2018-08-06,Captiva Pass,26.6092,-82.221,0.2,1386072.0,High
2018-08-06,Mondongo Island; W of (Pine Island Sound),26.6798,-82.2196,0.2,220333.0,Medium
2018-08-06,Jug Creek Point; E of (Matlacha Pass),26.7003,-82.1208,0.2,0.0,Not present/background
2018-08-06,Little Bokeelia Island; N of (Charlotte Harbor),26.705,-82.1837,0.2,333.0,Not present/background
2018-08-06,Boca Grande Pass,26.7117,-82.2583,0.2,3555.0,Very low
2018-08-06,Burnt Store Marina (Charlotte Harbor),26.7614,-82.0611,0.5,0.0,Not present/background
2018-08-06,Pier Road; E of (Gasparilla Sound),26.826,-82.267,0.5,0.0,Not present/background
2018-08-06,Don Pedro Island State Park Kayak Launch (Placida Harbor),26.855896,-82.302888,0.5,81667.0,Low
2018-08-06,Stump Pass Beach State Park (Lemon Bay),26.904164,-82.347636,0.5,12448800.0,High
2018-08-06,Illinois Ave; NE of (Lemon Bay),26.922324,-82.324269,0.5,0.0,Not present/background
2018-08-06,Englewood Beach,26.92467,-82.36189,0.5,5333.0,Very low
2018-08-06,Gilchrist Park Pier (Peace River),26.934,-82.0575,0.5,0.0,Not present/background
2018-08-06,Indian Mound Park (Lemon Bay),26.956605,-82.363943,0.1,20667.0,Low
2018-08-06,Blind Pass Beach,26.96324,-82.38565,0.5,718000.0,Medium
2018-08-06,Manasota Beach Boat Ramp (ICW),27.010235,-82.41037,0.5,7667.0,Very low
2018-08-06,Manasota Beach,27.01031,-82.41312,0.5,3768000.0,High
2018-08-06,Caspersen Beach,27.05703,-82.4436,0.5,6720000.0,High
2018-08-06,Brohard Beach,27.06631,-82.448,0.5,2598000.0,High
2018-08-06,Venice Fishing Pier; N of,27.0735,-82.4515,0.5,1864000.0,High
2018-08-06,Service Club Park,27.07827,-82.45286,0.5,1720000.0,High
2018-08-06,Venice Beach,27.10034,-82.46089,0.5,74000.0,Low
2018-08-06,North Jetty,27.11382,-82.46883,0.5,88000.0,Low
2018-08-06,Nokomis Beach,27.12332,-82.47122,0.5,6000.0,Very low
2018-08-06,Turtle Beach,27.21843,-82.51711,0.5,3230000.0,High
2018-08-06,Siesta Beach,27.26518,-82.5531,0.5,2844000.0,High
2018-08-06,South Lido Park,27.29818,-82.56739,0.5,4782000.0,High
2018-08-06,Lido Beach Casino,27.311,-82.57718,0.5,904000.0,Medium
2018-08-06,North Lido Beach,27.31561,-82.58171,0.5,6202000.0,High
2018-08-06,Ringling Causeway,27.32682,-82.56244,0.5,5216000.0,High
2018-08-06,Bay Dock (Sarasota Bay),27.3316,-82.5779,0.5,4560000.0,High
2018-08-06,New Pass Dock (Sarasota Bay),27.33375,-82.57938,0.5,3680000.0,High
2018-08-06,New Pass Dock (Sarasota Bay),27.33375,-82.57938,0.5,8972385.0,High
2018-08-06,Longboat Key Beach,27.37317,-82.63202,0.5,2566000.0,High
2018-08-06,Coquina Beach,27.444328,-82.691204,0.5,202417.0,Medium
2018-08-06,Longboat Pass Boat Ramp (Sarasota Bay),27.44602,-82.68798,0.5,14322667.0,High
2018-08-06,Palma Sola Bay Bridge,27.4959,-82.6522,0.5,0.0,Not present/background
2018-08-06,Manatee Beach,27.497603,-82.71365,0.5,5205234.0,High
2018-08-06,Beach Avenue; SW of,27.519245,-82.731091,0.5,9650173.0,High
2018-08-06,Anna Maria Island Rod & Reel Pier (Lower Tampa Bay),27.5385,-82.7402,0.5,35333.0,Low
2018-08-06,Fletcher Point (Lower Tampa Bay),27.58512,-82.61482,0.5,0.0,Not present/background
2018-08-06,Skyway Fishing Pier; South (Lower Tampa Bay),27.6055,-82.6508,0.5,0.0,Not present/background
2018-08-06,Mullet Key; Gulf Pier,27.6133,-82.7391,0.5,16333.0,Low
2018-08-06,FWRI Peninsula; SE tip of (Bayboro Harbor),27.759803,-82.631267,0.5,0.0,Not present/background
2018-08-06,FWRI Peninsula; SE tip of (Bayboro Harbor),27.759803,-82.631267,5.3,0.0,Not present/background
2018-08-06,La Contessa Pier,27.8121,-82.81915,0.5,0.0,Not present/background
2018-08-06,Clearwater Pass,27.96035,-82.8243,0.5,333.0,Not present/background
2018-08-06,Somerset Street; W of (Clearwater Harbor),27.989167,-82.8225,0.5,0.0,Not present/background
2018-08-06,Bay Esplanade; W of (Clearwater Harbor),27.99906,-82.8225,0.3,0.0,Not present/background
2018-08-06,Diamond Bay (Banana River),28.35034,-80.61298,0.5,0.0,Not present/background
2018-08-06,Neptune Street; N of (Indian Lagoon),29.683,-85.237667,0.5,0.0,Not present/background
2018-08-06,Piney Island; N of (Oyster Bay),30.0615,-84.347333,0.5,0.0,Not present/background
2018-08-06,Posten Bayou; NW of (West Bay),30.195556,-85.7225,0.3,0.0,Not present/background
2018-08-06,Coon Point; 1.1 mi SW of (West Bay),30.271361,-85.826611,0.3,0.0,Not present/background
2018-08-07,Boca Chica Key; 5.4 mi S of,24.478,-81.717,1.0,0.0,Not present/background
2018-08-07,Boca Chica Key; 5.4 mi S of,24.478,-81.717,12.0,0.0,Not present/background
2018-08-07,Looe Key; SW of,24.5383,-81.4133,1.0,0.0,Not present/background
2018-08-07,Looe Key; SW of,24.5383,-81.4133,31.0,0.0,Not present/background
2018-08-07,Little Duck Key; 6.4 mi S of,24.5983,-81.1833,1.0,0.0,Not present/background
2018-08-07,Money Key; SE of,24.675,-81.205,1.0,0.0,Not present/background
2018-08-07,Conch Key; 6.2 mi SE of,24.7133,-80.8317,1.0,0.0,Not present/background
2018-08-07,Conch Key; 1.5 mi E of,24.7883,-80.86,1.0,0.0,Not present/background
2018-08-07,Craig Key; 1.1 mi S of,24.8208,-80.7567,1.0,0.0,Not present/background
2018-08-07,Plantation Point; SE tip of,24.95725,-80.5655,0.5,0.0,Not present/background
2018-08-07,Pirates Bight; S of (Venetian Bay),26.2067,-81.81,0.5,0.0,Not present/background
2018-08-07,Pirates Bight; S of (Venetian Bay),26.2067,-81.81,0.5,0.0,Not present/background
2018-08-07,Alborado Road; E of (Placida Harbor),26.821009,-82.28436,0.6,359000.0,Medium
2018-08-07,Rum Runner Road; NE of (Placida Harbor),26.826054,-82.28242,0.6,1516200.0,High
2018-08-07,Rum Cove Drive; NW of (Stump Pass),26.899462,-82.34013,0.5,178333.0,Medium
2018-08-07,Waterside Drive; SE of (Lemon Bay),26.903303,-82.325798,0.5,569772.0,Medium
2018-08-07,West Bay Heights Road; SW of (Lemon Bay),26.943752,-82.352467,0.3,18667.0,Low
2018-08-07,Bay Dock (Sarasota Bay),27.3316,-82.5779,0.5,32640000.0,High
2018-08-07,New Pass Dock (Sarasota Bay),27.33375,-82.57938,0.5,3760000.0,High
2018-08-07,Mead Point (Lower Tampa Bay),27.51477,-82.68395,0.2,3444.0,Very low
2018-08-07,School Key; NE of (Lower Tampa Bay),27.529833,-82.704,0.2,20333.0,Low
2018-08-07,South Skyway Rest Area; NW of (Lower Tampa Bay),27.587433,-82.61895,0.2,0.0,Not present/background
2018-08-07,South Skyway Causeway; NE end of (Lower Tampa Bay),27.59275,-82.629067,0.2,0.0,Not present/background
2018-08-07,Joe Island; N of (Lower Tampa Bay),27.595514,-82.5912,0.2,0.0,Not present/background
2018-08-07,Little Redfish Creek; 1.1 mi NW of (Lower Tampa Bay),27.632617,-82.5782,0.2,0.0,Not present/background
2018-08-07,Barefoot Bay Pier; NE of (Indian River),27.88805,-80.49474,0.5,0.0,Not present/background
2018-08-07,Beach Woods Pier (Indian River),28.02968,-80.54599,0.5,0.0,Not present/background
2018-08-07,Honeymoon Island State Park; South Beach,28.0586,-82.8267,0.5,0.0,Not present/background
2018-08-07,Pelican Point; 6.0 mi W of,28.1,-82.933333,0.5,0.0,Not present/background
2018-08-07,Three Rooker Island; E of (St. Joseph Sound),28.125,-82.825,0.5,0.0,Not present/background
2018-08-07,Harbor Pointe Marina (Indian River),28.615731,-80.802278,0.5,0.0,Not present/background
2018-08-07,Snake Key; 2.2 mi E of,29.10185,-82.991917,0.5,0.0,Not present/background
2018-08-07,Seahorse Key; NE of,29.106333,-83.051667,0.5,0.0,Not present/background
2018-08-07,North Key; 3 mi W of,29.131383,-83.143283,0.5,0.0,Not present/background
2018-08-07,Cedar Key Boat Ramp,29.13566,-83.029364,0.5,0.0,Not present/background
2018-08-07,Tripod Point; 3.3 mi SW of,29.137167,-82.95,0.5,0.0,Not present/background
2018-08-07,Derrick Key; S of,29.1865,-83.084333,0.5,0.0,Not present/background
2018-08-07,Ross Point Picnic Area Pier (Halifax River),29.23864,-81.030718,0.5,0.0,Not present/background
2018-08-07,Sikes Cut; SE of,29.606683,-84.94665,0.5,0.0,Not present/background
2018-08-07,Sikes Cut; N of (Apalachicola Bay),29.622,-84.963333,0.5,0.0,Not present/background
2018-08-07,West Pass; NE of (Apalachicola Bay),29.637983,-85.089017,0.5,0.0,Not present/background
2018-08-07,Marineland Beach,29.66628,-81.21073,0.5,0.0,Not present/background
2018-08-07,Mid-Apalachicola Bay,29.667683,-84.994017,0.5,0.0,Not present/background
2018-08-07,Faver-Dykes (Pellicer Creek),29.66822,-81.2631,0.5,0.0,Not present/background
2018-08-07,St. Vincent Point; E of (Apalachicola Bay),29.674667,-85.058333,1.5,0.0,Not present/background
2018-08-07,Old St. George Island Causeway; E of (St. George Sound),29.702133,-84.880183,1.5,0.0,Not present/background
2018-08-07,Millender Street; S of (St. George Sound),29.7301,-84.88478,0.1,0.0,Not present/background
2018-08-07,Long Point; S of (East Bay),29.7308,-84.945183,0.5,0.0,Not present/background
2018-08-07,Fort Matanzas (Matanzas Bay),29.7427,-81.2447,0.5,0.0,Not present/background
2018-08-07,Crescent Beach,29.7687,-81.251,0.5,0.0,Not present/background
2018-08-07,St. Augustine Beach,29.85138,-81.26473,0.5,0.0,Not present/background
2018-08-07,San Sebastian (Matanzas River),29.8694,-81.3077,0.5,0.0,Not present/background
2018-08-07,Vilano Beach,29.9378,-81.29897,0.5,0.0,Not present/background
2018-08-07,Bald Point; 1.2 mi NE of,29.958167,-84.323667,0.5,0.0,Not present/background
2018-08-07,South Ponte Vedra,30.02262,-81.32263,0.5,0.0,Not present/background
2018-08-07,Pine Island; S of (Tolomato River),30.0516,-81.3669,0.5,0.0,Not present/background
2018-08-07,Cedar Point; NE of (East Bay),30.103611,-85.556528,0.3,0.0,Not present/background
2018-08-07,Navarre Pier,30.376,-86.8631,0.5,333.0,Not present/background
2018-08-08,Lower Arsnicker Keys; 7.2 mi W of,24.9159,-80.943,0.2,0.0,Not present/background
2018-08-08,Upper Arsnicker Keys; 8.5 mi NW of,24.93815,-80.9653,0.2,0.0,Not present/background
2018-08-08,Sandy Key; 5.2 mi SW of,24.96038,-80.98737,0.2,0.0,Not present/background
2018-08-08,Sandy Key; 3.4 mi S of,24.98417,-81.0118,0.2,0.0,Not present/background
2018-08-08,Shark River Island; NW of,25.3453,-81.1528,1.0,0.0,Not present/background
2018-08-08,Shark River Island; 5.3 mi W of,25.35,-81.2273,1.0,0.0,Not present/background
2018-08-08,Shark River Island; 3.2 mi W of,25.3502,-81.1933,1.0,0.0,Not present/background
2018-08-08,Shark River Island; 32 mi W of,25.3517,-81.6533,1.0,0.0,Not present/background
2018-08-08,Shark River Island; 22 mi W of,25.3517,-81.49,1.0,0.0,Not present/background
2018-08-08,Shark River Island; 12 mi W of,25.3517,-81.336,1.0,0.0,Not present/background
2018-08-08,Shark River Island; 7.7 mi W of,25.3517,-81.265,1.0,0.0,Not present/background
2018-08-08,Marquesas Keys; 56 mi N of,25.4017,-82.21,1.0,3333.0,Very low
2018-08-08,Marquesas Keys; 56 mi N of,25.4017,-82.21,23.5,42333.0,Low
2018-08-08,Broad River; 8.9 mi W of,25.4533,-81.3083,1.0,0.0,Not present/background
2018-08-08,Broad River; 3.8 mi W of,25.4533,-81.225,1.0,0.0,Not present/background
2018-08-08,Hog Key; 53 mi W of,25.5717,-82.075,1.0,42667.0,Low
2018-08-08,Wood Key; 3.3 mi W of,25.5833,-81.2917,1.0,0.0,Not present/background
2018-08-08,Wood Key; 14 mi W of,25.5835,-81.4707,1.0,0.0,Not present/background
2018-08-08,Kingston Key; 19 mi SW of,25.655,-81.7183,1.0,1333.0,Very low
2018-08-08,Kingston Key; 8.6 mi SW of,25.7333,-81.575,1.0,0.0,Not present/background
2018-08-08,Kingston Key; 8.6 mi SW of,25.7333,-81.575,2.1,0.0,Not present/background
2018-08-08,Crate Key; 36 mi W of,25.7417,-81.9433,1.0,667.0,Not present/background
2018-08-08,Crate Key; 36 mi W of,25.7417,-81.9433,12.6,0.0,Not present/background
2018-08-08,Kingston Key; 4.9 mi SW of,25.76,-81.5233,1.0,0.0,Not present/background
2018-08-08,Kingston Key; 3 mi SW of,25.773365,-81.493965,1.0,0.0,Not present/background
2018-08-08,Kice Island; 8.3 mi W of,25.873,-81.833,1.0,430678.0,Medium
2018-08-08,Marco Island; 4.4 mi W of,25.9117,-81.8,1.0,187000.0,Medium
2018-08-08,Marco Island; 4.4 mi W of,25.9117,-81.8,6.3,171333.0,Medium
2018-08-08,Marco Island; 1.1 mi W of,25.95,-81.767,1.0,395808.0,Medium
2018-08-08,Bonita Beach Park,26.33105,-81.84574,0.5,1119860.0,High
2018-08-08,Lovers Key State Park,26.3901,-81.8795,0.5,2609460.0,High
2018-08-08,Tarpon Bay Road Beach,26.4217,-82.0801,0.5,1564080.0,High
2018-08-08,Lighthouse Beach,26.45157,-82.01543,0.5,2947289.0,High
2018-08-08,Lynn Hall Park,26.45398,-81.95776,0.5,114804.0,Medium
2018-08-08,Alison Hagerup Beach Park,26.5264,-82.1945,0.5,8610420.0,High
2018-08-08,Redfish Pass (Pine Island Sound),26.555,-82.1967,1.2,1085280.0,High
2018-08-08,Redfish Pass; 5 mi W of,26.55528,-82.2814,1.2,3048110.0,High
2018-08-08,Redfish Pass; 5 mi W of,26.55528,-82.2814,9.5,87333.0,Low
2018-08-08,Foster Bay; NE of (Pine Island Sound),26.5891,-82.1923,1.3,303667.0,Medium
2018-08-08,North Captiva Island; 29 mi W of,26.59384,-82.6983,1.2,0.0,Not present/background
2018-08-08,North Captiva Island; 29 mi W of,26.59384,-82.6983,12.0,0.0,Not present/background
2018-08-08,North Captiva Island; 29 mi W of,26.59384,-82.6983,26.5,667.0,Not present/background
2018-08-08,Captiva Pass; NE of (Pine Island Sound),26.6191,-82.2096,1.1,2358565.0,High
2018-08-08,Whoopee Island; NW of (Pine Island Sound),26.6656,-82.2198,1.5,1307719.0,High
2018-08-08,Cayo Costa; 19 mi W of,26.66855,-82.5601,1.1,667.0,Not present/background
2018-08-08,Cayo Costa; 19 mi W of,26.66855,-82.5601,10.0,0.0,Not present/background
2018-08-08,Cayo Costa; 19 mi W of,26.66855,-82.5601,20.3,6333.0,Very low
2018-08-08,Boca Grande Pass (Charlotte Harbor),26.7125,-82.253,2.7,258667.0,Medium
2018-08-08,Gasparilla Island; 9.6 mi W of,26.74196,-82.4197,1.3,2536956.0,High
2018-08-08,Gasparilla Island; 9.6 mi W of,26.74196,-82.4197,5.0,129982.0,Medium
2018-08-08,Gasparilla Island; 9.6 mi W of,26.74196,-82.4197,16.1,20667.0,Low
2018-08-08,Gasparilla Island; 5 mi W of,26.77892,-82.3489,1.2,4298617.0,High
2018-08-08,Gasparilla Island; 5 mi W of,26.77892,-82.3489,11.6,65667.0,Low
2018-08-08,Sandfly Key; W of (Gasparilla Sound),26.7899,-82.2434,1.1,333.0,Not present/background
2018-08-08,Boca Grande Pier (Gasparilla Sound),26.80562,-82.27415,0.5,211815.0,Medium
2018-08-08,Eldreds Marina (Placida Harbor),26.831,-82.2697,0.5,15333.0,Low
2018-08-08,Gasparilla Marina (Gasparilla Sound),26.835018,-82.261603,0.2,45333.0,Low
2018-08-08,Juno Beach Fishing Pier,26.893715,-80.0542,0.5,0.0,Not present/background
2018-08-08,Stump Pass Marina (Lemon Bay),26.905904,-82.32815,0.2,1071980.0,High
2018-08-08,Hog Island; S of (Charlotte Harbor),26.911667,-82.158833,0.5,0.0,Not present/background
2018-08-08,Englewood Beach,26.92467,-82.36189,0.5,8784809.0,High
2018-08-08,Indian Mound Park; NW of (Lemon Bay),26.96598,-82.37377,0.5,1580000.0,High
2018-08-08,Leachs Key; SE of (Lemon Bay),26.96941,-82.38108,0.5,412000.0,Medium
2018-08-08,Forked Creek; W of (Lemon Bay),26.99084,-82.39822,0.5,6000.0,Very low
2018-08-08,Forked Creek; W of (Lemon Bay),26.99084,-82.39822,0.5,6000.0,Very low
2018-08-08,Manasota Beach Bridge; NW of (ICW),27.0186,-82.41562,0.5,0.0,Not present/background
2018-08-08,Alligator Creek; S of (ICW),27.03815,-82.42746,0.5,0.0,Not present/background
2018-08-08,Shamrock Park; W of (ICW),27.053,-82.4385,0.5,4000.0,Very low
2018-08-08,Service Club Park; W of,27.0782,-82.4529,0.5,0.0,Not present/background
2018-08-08,Granada Avenue; W of,27.0992,-82.4607,1.0,1333.0,Very low
2018-08-08,West Venice Avenue; W of,27.100005,-82.460885,0.5,0.0,Not present/background
2018-08-08,Hatchett Creek,27.1036,-82.4435,0.5,20000.0,Low
2018-08-08,Venice Inlet,27.1125,-82.4659,0.5,238000.0,Medium
2018-08-08,Lyons Bay,27.1231,-82.4615,0.5,78000.0,Low
2018-08-08,Nokomis Public Beach,27.12369,-82.47143,0.5,17667.0,Low
2018-08-08,Dona Bay,27.1261,-82.449,0.5,0.0,Not present/background
2018-08-08,Albee Road Bridge; N of (Blackburn Bay),27.13458,-82.4695,0.5,352000.0,Medium
2018-08-08,Albee Road Bridge; N of (Blackburn Bay),27.13458,-82.4695,0.5,296000.0,Medium
2018-08-08,Southern Blackburn Bay,27.14343,-82.47405,0.5,50000.0,Low
2018-08-08,Mid-Blackburn Bay,27.15472,-82.47896,0.5,282000.0,Medium
2018-08-08,Blackburn Bay; N of (ICW),27.16605,-82.48649,0.5,416000.0,Medium
2018-08-08,Dryman Bay,27.1777,-82.49345,0.5,204000.0,Medium
2018-08-08,Blackburn Point Road; N of (Little Sarasota Bay),27.19005,-82.49946,0.5,8000.0,Very low
2018-08-08,Spanish Point; S of (Little Sarasota Bay),27.19595,-82.49653,0.5,192000.0,Medium
2018-08-08,Bird Keys; E of (Little Sarasota Bay),27.20965,-82.50335,0.5,2542000.0,High
2018-08-08,Northeast Rio Avenue; S of (St. Lucie River),27.211783,-80.2433,0.5,0.0,Not present/background
2018-08-08,Blind Pass; NE of (Little Sarasota Bay),27.23151,-82.50869,0.5,264000.0,Medium
2018-08-08,Coral Cove; W of (Little Sarasota Bay),27.24264,-82.52176,0.5,120000.0,Medium
2018-08-08,Coral Cove; NW of (Little Sarasota Bay),27.24856,-82.52309,0.5,44000.0,Low
2018-08-08,Stickney Point Bridge; SE of (Roberts Bay; Sarasota),27.25259,-82.5297,0.5,16000.0,Low
2018-08-08,Philippe Creek; N of (Roberts Bay; Sarasota),27.27429,-82.54398,0.5,26000.0,Low
2018-08-08,Edwards Island; S of (Roberts Bay; Sarasota),27.28598,-82.55009,0.5,108000.0,Medium
2018-08-08,Edwards Island; E of (Roberts Bay; Sarasota),27.29592,-82.54452,0.5,378000.0,Medium
2018-08-08,Bay Island Park; NE of (Sarasota Bay),27.3091,-82.54346,0.5,1646000.0,High
2018-08-08,Bird Key; E of (Sarasota Bay),27.3124,-82.55368,0.5,11840000.0,High
2018-08-08,Island Park; S of (Sarasota Bay),27.31907,-82.54764,0.5,1696000.0,High
2018-08-08,Island Park; S of (Sarasota Bay),27.31907,-82.54764,0.5,1326000.0,High
2018-08-08,Coon Key; N of (Sarasota Bay),27.32936,-82.56975,0.5,1660000.0,High
2018-08-08,New Pass (Sarasota Bay),27.33128,-82.58449,0.5,3680000.0,High
2018-08-08,Bay Dock (Sarasota Bay),27.3316,-82.5779,0.5,37760000.0,High
2018-08-08,New Pass Dock (Sarasota Bay),27.33375,-82.57938,0.5,12640000.0,High
2018-08-08,City Island; E of (Sarasota Bay),27.33525,-82.5675,0.5,1300000.0,High
2018-08-08,City Island; E of (Sarasota Bay),27.33525,-82.5675,0.5,930000.0,Medium
2018-08-08,Causeway Park; N of (Sarasota Bay),27.33979,-82.55321,0.5,1084000.0,High
2018-08-08,Centennial Park; NW of (Sarasota Bay),27.35341,-82.56226,0.5,1262000.0,High
2018-08-08,Quick Point; N of (Sarasota Bay),27.35439,-82.58502,0.5,13440000.0,High
2018-08-08,Indian Beach; SW of (Sarasota Bay),27.36236,-82.56318,0.5,1258000.0,High
2018-08-08,Longboat Key; E of (Sarasota Bay),27.364,-82.6031,0.5,8320000.0,High
2018-08-08,Bishops Point; SE of (Sarasota Bay),27.3686,-82.6078,0.5,3278000.0,High
2018-08-08,Mid-Sarasota Bay,27.37904,-82.58343,0.5,882000.0,Medium
2018-08-08,Stephens Point; NW of (Sarasota Bay),27.37951,-82.57035,0.5,914000.0,Medium
2018-08-08,Bishops Point; N of (Sarasota Bay),27.3829,-82.614,0.5,34000.0,Low
2018-08-08,Howard Park Beach; W of (St. Joseph Sound),28.155549,-82.808413,1.0,0.0,Not present/background
2018-08-08,Hawksbill Island Drive; canal E of (Banana River),28.198262,-80.612495,0.5,0.0,Not present/background
2018-08-08,Bennett Causeway; 1.9 mi N of (Banana River),28.4336,-80.6394,0.4,0.0,Not present/background
2018-08-08,Chambers Island; 3.9 mi W of,29.0083,-82.82525,0.1,0.0,Not present/background
2018-08-08,Blacks Island; S of (St. Joseph Bay),29.70237,-85.33387,0.5,0.0,Not present/background
2018-08-08,Eagle Harbor; N of (St. Joseph Bay),29.78948,-85.39831,0.5,0.0,Not present/background
2018-08-08,Patton Bayou; W of (St. Joseph Bay),29.7987,-85.3045,0.5,0.0,Not present/background
2018-08-08,St. Joseph Point; SW of (St. Joseph Bay),29.86839,-85.39254,0.5,0.0,Not present/background
2018-08-09,Harbor Key; 4.2 mi NW of,24.8887,-81.4529,0.2,0.0,Not present/background
2018-08-09,Harbor Key; 5.8 mi N of,24.9128,-81.4392,0.2,0.0,Not present/background
2018-08-09,East Bahia Honda Key; 11 mi N of,24.93,-81.1667,1.0,0.0,Not present/background
2018-08-09,Big Spanish Key; 8 mi N of,24.9317,-81.4076,0.2,0.0,Not present/background
2018-08-09,Big Spanish Key; 9 mi N of,24.9436,-81.3729,0.2,0.0,Not present/background
2018-08-09,Cape Sable; 1.1 mi S of,25.1017,-81.0933,1.0,0.0,Not present/background
2018-08-09,Cape Sable; 32 mi W of,25.1667,-81.6533,1.0,0.0,Not present/background
2018-08-09,Cape Sable; 12 mi W of,25.1667,-81.336,1.0,0.0,Not present/background
2018-08-09,Cape Sable; 5.9 mi W of,25.1667,-81.235,1.0,0.0,Not present/background
2018-08-09,South Marco Beach,25.91165,-81.72805,0.5,9667.0,Very low
2018-08-09,Naples Pier,26.13163,-81.8063,0.5,122173.0,Medium
2018-08-09,Seagate,26.2073,-81.8169,0.5,75667.0,Low
2018-08-09,Vanderbilt Beach,26.25375,-81.82377,0.5,10333.0,Low
2018-08-09,Barefoot Beach State Preserve,26.30481,-81.8362,0.5,2739733.0,High
2018-08-09,Bonita Beach (Estero Bay),26.35497,-81.84452,0.5,205884.0,Medium
2018-08-09,Long Key (Estero Bay),26.38591,-81.84631,0.5,378252.0,Medium
2018-08-09,Estero Island (Estero Bay),26.43494,-81.91138,0.5,185820.0,Medium
2018-08-09,Boca Grande Pass; 21 mi W of,26.70375,-82.600467,0.5,0.0,Not present/background
2018-08-09,Boca Grande Pass; 16 mi W of,26.712417,-82.51865,0.5,0.0,Not present/background
2018-08-09,Boca Grande Pass; 7.3 mi W of,26.718567,-82.37475,0.5,4389000.0,High
2018-08-09,Bay Dock (Sarasota Bay),27.3316,-82.5779,0.5,8560000.0,High
2018-08-09,New Pass Dock (Sarasota Bay),27.33375,-82.57938,0.5,14560000.0,High
2018-08-09,Ft. Pierce Inlet; 7.3 mi E of,27.455967,-80.174383,1.0,0.0,Not present/background
2018-08-09,Clearwater Pass; 6.2 mi W of,27.966667,-82.933333,1.0,0.0,Not present/background
2018-08-09,Clearwater Beach Pier 60,27.9777,-82.8323,0.5,0.0,Not present/background
2018-08-09,Geiger Point; Melbourne Causeway at (Indian River),28.08245,-80.59505,0.2,0.0,Not present/background
2018-08-09,Eau Gallie Pier (Indian River),28.13248,-80.62418,0.2,0.0,Not present/background
2018-08-09,River Watch Boulevard Boat Ramp (Anclote River),28.17013,-82.737,0.5,0.0,Not present/background
2018-08-09,Ramp Road Park Boat Ramp (Banana River),28.309033,-80.614283,0.2,0.0,Not present/background
2018-08-09,520 Slick Boat Ramp (Banana River),28.357133,-80.62844,0.2,0.0,Not present/background
2018-08-09,Kelly Park (Banana River),28.4017,-80.66245,0.2,0.0,Not present/background
2018-08-09,Port St. John Boat Ramp (Indian River),28.475083,-80.766533,0.2,0.0,Not present/background
2018-08-09,NASA Causeway; SE side of (Indian River),28.52641,-80.7391,0.2,0.0,Not present/background
2018-08-09,Parrish Park Boat Ramp (Indian River),28.62365,-80.795517,0.2,0.0,Not present/background
2018-08-09,Shired Island Boat Ramp (Shired Creek),29.39885,-83.20479,0.6,0.0,Not present/background
2018-08-09,Horseshoe Beach Park Boat Ramp (Apalachee Bay),29.44006,-83.29279,0.3,0.0,Not present/background
2018-08-09,Pelican Point Golf Course; W of (St. Andrew Bay),30.114444,-85.683333,0.1,0.0,Not present/background
2018-08-09,St. Andrew State Park Boat Ramp; N of (Grand Lagoon),30.135556,-85.732222,0.1,0.0,Not present/background
2018-08-10,East Ocean Avenue; 2.2 mi E of,26.520278,-80.0125,0.5,0.0,Not present/background
2018-08-10,Boynton Inlet; 4.7 mi E of,26.543611,-79.966944,0.5,0.0,Not present/background
2018-08-10,Goya Drive; canal S of (Blackburn Bay),27.15463,-82.47065,0.5,667.0,Not present/background
2018-08-10,Blackburn Point Park (Little Sarasota Bay),27.1812,-82.49552,0.5,27333.0,Low
2018-08-10,Bay Dock (Sarasota Bay),27.3316,-82.5779,0.5,12880000.0,High
2018-08-10,New Pass Dock (Sarasota Bay),27.33375,-82.57938,0.5,7920000.0,High
2018-08-10,Snell Isle; 2.3 mi SE of (Middle Tampa Bay),27.7723,-82.5789,0.5,0.0,Not present/background
2018-08-10,Weedon Island; E of (Old Tampa Bay),27.86111,-82.58911,0.5,0.0,Not present/background
2018-08-10,15th Avenue; boat ramp E of (Clearwater Harbor),27.897201,-82.843472,0.5,0.0,Not present/background
2018-08-10,19th Avenue North; W of,27.901564,-82.849313,0.5,333.0,Not present/background
2018-08-10,Big Island; 2.2 mi E of (Old Tampa Bay),27.9055,-82.6046,0.5,0.0,Not present/background
2018-08-10,Big Island; 2.2 mi E of (Old Tampa Bay),27.9055,-82.6046,2.8,0.0,Not present/background
2018-08-10,Big Island; 2.2 mi E of (Old Tampa Bay),27.9055,-82.6046,0.1,0.0,Not present/background
2018-08-10,San Jose St; W of (Old Tampa Bay),27.9244,-82.5496,0.5,333.0,Not present/background
2018-08-10,High Point; 2 mi NE of (Old Tampa Bay),27.942,-82.675,0.5,0.0,Not present/background
2018-08-10,High Point; 2 mi NE of (Old Tampa Bay),27.942,-82.675,3.9,0.0,Not present/background
2018-08-10,High Point; 2 mi NE of (Old Tampa Bay),27.942,-82.675,0.1,0.0,Not present/background
2018-08-10,Howard Frankland Bridge; N of (Old Tampa Bay),27.949,-82.561,0.5,0.0,Not present/background
2018-08-10,C. Campbell Causeway; S of (Old Tampa Bay),27.957,-82.622,0.5,0.0,Not present/background
2018-08-10,C. Campbell Causeway; S of (Old Tampa Bay),27.957,-82.622,4.9,0.0,Not present/background
2018-08-10,C. Campbell Causeway; S of (Old Tampa Bay),27.957,-82.622,0.1,0.0,Not present/background
2018-08-10,Cooper Point; E of (Old Tampa Bay),27.972,-82.673,0.5,0.0,Not present/background
2018-08-10,Old Tampa Bay Park; 1.7 mi S of (Old Tampa Bay),27.98,-82.62,0.5,0.0,Not present/background
2018-08-10,Philippe Park; NE of (Safety Harbor),28.02,-82.675,0.5,0.0,Not present/background
2018-08-10,Philippe Park; NE of (Safety Harbor),28.02,-82.675,2.8,0.0,Not present/background
2018-08-10,Philippe Park; NE of (Safety Harbor),28.02,-82.675,0.1,0.0,Not present/background
2018-08-10,Howard Park Causeway; S of (St. Joseph Sound),28.153298,-82.80172,1.0,0.0,Not present/background
2018-08-10,Green Key Beach,28.25366,-82.75757,1.0,0.0,Not present/background
2018-08-10,Cortez Street; W of (Indian River),29.0547,-80.911,0.5,0.0,Not present/background
2018-08-10,Smyrna Dunes Park (Ponce de Leon Inlet),29.0677,-80.9227,0.4,0.0,Not present/background
2018-08-11,Dixie Highway Bridge; E of (Indian River),27.85566,-80.49085,0.7,0.0,Not present/background
2018-08-11,Robert K. Rees Memorial Park,28.2535,-82.7572,0.5,0.0,Not present/background
2018-08-11,Park Road; NE of,29.868051,-81.266635,0.5,0.0,Not present/background
2018-08-11,East 4th Street; E of,30.675866,-81.427727,0.5,0.0,Not present/background
2018-08-12,Bahia Honda State Park,24.6639,-81.2714,0.5,0.0,Not present/background
2018-08-12,Corte del Sol; S of,24.691491,-81.085525,0.2,0.0,Not present/background
2018-08-12,Island Fish Company,24.733597,-81.01886,0.2,0.0,Not present/background
2018-08-12,Manasota Key Beach; S of,26.987571,-82.40138,0.5,49333.0,Low
2018-08-12,Manasota Key Beach,26.996342,-82.405684,0.5,65000.0,Low
2018-08-12,Barefoot Bay Pier (Indian River),27.88507,-80.5008,0.5,0.0,Not present/background
2018-08-12,Tropic; SW of (Indian River),28.1505,-80.635,0.5,0.0,Not present/background
2018-08-12,Fred Howard Park; 1.2 mi W of (Saint Joseph Sound),28.150833,-82.825667,0.5,0.0,Not present/background
2018-08-12,Cocoa Beach Golf Course; E of (Banana River),28.31338,-80.6298,0.2,0.0,Not present/background
2018-08-12,Sunset Drive; 9 mi SE of,29.614733,-84.67055,0.2,0.0,Not present/background
2018-08-12,Sunset Drive; 7 mi E of,29.653017,-84.68655,0.2,0.0,Not present/background
2018-08-12,Pebble Court; SW of,30.057489,-84.2909,0.2,0.0,Not present/background
2018-08-13,Reynolds Street; S of,24.54665,-81.78875,0.5,0.0,Not present/background
2018-08-13,Lobstertail Road; canal W of,24.66889,-81.36684,0.5,0.0,Not present/background
2018-08-13,South Marco Beach,25.91165,-81.72805,1.0,59333.0,Low
2018-08-13,Naples Pier,26.13163,-81.8063,1.0,13667.0,Low
2018-08-13,Seagate,26.2073,-81.8169,1.0,50333.0,Low
2018-08-13,Vanderbilt Beach,26.25375,-81.82377,1.0,9015247.0,High
2018-08-13,Barefoot Beach State Preserve,26.30481,-81.8362,1.0,1220940.0,High
2018-08-13,Buck Key; S of (Blind Pass),26.488,-82.1815,0.2,393680.0,Medium
2018-08-13,York Island; W of (Pine Island Sound),26.4887,-82.1073,0.2,456622.0,Medium
2018-08-13,Merwin Key; W of (San Carlos Bay),26.500278,-82.0475,0.2,70667.0,Low
2018-08-13,Bird Island; N of (Caloosahatchee River),26.52015,-82.034383,0.2,1000.0,Not present/background
2018-08-13,Buck Key; 1.9 mi NE of (Pine Island Sound),26.532117,-82.15667,0.2,457520.0,Medium
2018-08-13,Regla Island; 1.4 mi W of (Pine Island Sound),26.53618,-82.14646,0.2,778822.0,Medium
2018-08-13,Regla Island; W of (Pine Island Sound),26.538,-82.1257,0.2,531861.0,Medium
2018-08-13,Redfish Pass (Pine Island Sound),26.5535,-82.1963,0.2,56333.0,Low
2018-08-13,Redfish Pass; 1.8 mi E of (Pine Island Sound),26.560417,-82.170817,0.2,199525.0,Medium
2018-08-13,Cork Island; W of (Pine Island Sound),26.5767,-82.1347,0.2,800028.0,Medium
2018-08-13,McCardle Island; SW of (Matlacha Pass),26.5857,-82.0645,0.2,0.0,Not present/background
2018-08-13,Hemp Key; S of (Pine Island Sound),26.5902,-82.1561,0.2,1183700.0,High
2018-08-13,Captiva Rocks; SW of (Pine Island Sound),26.59925,-82.18463,0.2,81333.0,Low
2018-08-13,Captiva Pass,26.6092,-82.221,0.2,24667.0,Low
2018-08-13,Mondongo Island; W of (Pine Island Sound),26.6798,-82.2196,0.2,54333.0,Low
2018-08-13,Jug Creek Point; E of (Matlacha Pass),26.7003,-82.1208,0.2,0.0,Not present/background
2018-08-13,Little Bokeelia Island; N of (Charlotte Harbor),26.705,-82.1837,0.2,71667.0,Low
2018-08-13,Boca Grande Pass,26.7117,-82.2583,0.2,254467.0,Medium
2018-08-13,Stump Pass; 13 mi SW of,26.843333,-82.54,0.5,1271480.0,High
2018-08-13,Stump Pass; 4.8 mi SW of,26.8714,-82.415067,0.5,25650534.0,High
2018-08-13,Brittany Circle; NW of (Lemon Bay),26.922224,-82.334229,0.2,204667.0,Medium
2018-08-13,Englewood Road; S of (Lemon Bay),26.961548,-82.364932,0.2,111667.0,Medium
2018-08-13,Blind Pass Beach,26.96324,-82.38565,0.5,606000.0,Medium
2018-08-13,Manasota Beach,27.01031,-82.41312,0.5,710000.0,Medium
2018-08-13,Caspersen Beach,27.05703,-82.4436,0.5,1208000.0,High
2018-08-13,Brohard Beach,27.06631,-82.448,0.5,976000.0,Medium
2018-08-13,Venice Pier,27.072973,-82.451321,0.3,880460.0,Medium
2018-08-13,Venice Fishing Pier; N of,27.0735,-82.4515,0.5,620000.0,Medium
2018-08-13,Service Club Park,27.07827,-82.45286,0.5,824000.0,Medium
2018-08-13,West Venice Avenue; W of,27.099844,-82.460899,0.3,1175040.0,High
2018-08-13,Venice Beach,27.10034,-82.46089,0.5,740000.0,Medium
2018-08-13,North Jetty,27.11382,-82.46883,0.5,1496000.0,High
2018-08-13,Nokomis Beach,27.12332,-82.47122,0.5,9520000.0,High
2018-08-13,Turtle Beach,27.21843,-82.51711,0.5,528000.0,Medium
2018-08-13,Siesta Beach,27.26518,-82.5531,0.5,1806000.0,High
2018-08-13,South Lido Park,27.29818,-82.56739,0.5,8640000.0,High
2018-08-13,N Shell Road; W of (Big Sarasota Pass),27.29879,-82.55985,0.5,1321492.0,High
2018-08-13,Lido Beach Casino,27.311,-82.57718,0.5,1256000.0,High
2018-08-13,North Lido Beach,27.31561,-82.58171,0.5,1242000.0,High
2018-08-13,Ringling Causeway,27.32682,-82.56244,0.5,152000.0,Medium
2018-08-13,Bay Dock (Sarasota Bay),27.3316,-82.5779,0.5,90000000.0,High
2018-08-13,New Pass Dock (Sarasota Bay),27.33375,-82.57938,0.5,0.0,Not present/background
2018-08-13,New Pass Dock (Sarasota Bay),27.33375,-82.57938,0.5,2720000.0,High
2018-08-13,Longboat Key Beach,27.37317,-82.63202,0.5,8280000.0,High
2018-08-13,Longboat Pass Boat Ramp (Sarasota Bay),27.44602,-82.68798,0.5,3136140.0,High
2018-08-13,Palma Sola Bay Bridge,27.4959,-82.6522,0.5,843885.0,Medium
2018-08-13,Anna Maria Island Rod & Reel Pier (Lower Tampa Bay),27.5385,-82.7402,0.5,321667.0,Medium
2018-08-13,Fletcher Point (Lower Tampa Bay),27.58512,-82.61482,0.5,0.0,Not present/background
2018-08-13,Skyway Fishing Pier; South (Lower Tampa Bay),27.6055,-82.6508,0.5,0.0,Not present/background
2018-08-13,Mullet Key; Gulf Pier,27.6133,-82.7391,0.5,49333.0,Low
2018-08-13,Williams Fishing Pier (Boca Ciega Bay),27.736268,-82.706621,0.6,3333.0,Very low
2018-08-13,88th Avenue; W of,27.7531,-82.7648,0.6,333.0,Not present/background
2018-08-13,FWRI Peninsula; SE tip of (Bayboro Harbor),27.759803,-82.631267,0.5,0.0,Not present/background
2018-08-13,FWRI Peninsula; SE tip of (Bayboro Harbor),27.759803,-82.631267,5.0,0.0,Not present/background
2018-08-13,La Contessa Pier,27.8121,-82.81915,0.5,333.0,Not present/background
2018-08-13,West Bay to Bay Boulevard; NE of (Hillsborough Bay),27.919817,-82.489783,0.5,0.0,Not present/background
2018-08-13,South Carolina Avenue; SW of (Hillsborough Bay),27.92235,-82.4868,0.5,0.0,Not present/background
2018-08-13,South Carolina Avenue; NE of (Hillsborough Bay),27.923233,-82.485683,0.5,0.0,Not present/background
2018-08-13,Clearwater Pass,27.96035,-82.8243,0.5,333.0,Not present/background
2018-08-13,Honeymoon Island State Park; South Beach,28.0586,-82.8267,0.5,0.0,Not present/background
2018-08-13,Durney Key; 1 mi W of,28.284833,-82.769167,0.5,0.0,Not present/background
2018-08-13,Diamond Bay (Banana River),28.35034,-80.61298,0.5,0.0,Not present/background
2018-08-13,Gun Point Key; W of,28.4405,-82.69,0.5,0.0,Not present/background
2018-08-13,Harbor Pointe Marina (Indian River),28.615731,-80.802278,0.5,0.0,Not present/background
2018-08-13,Fort Matanzas Bridge (Matanzas Inlet),29.704917,-81.22786,0.5,0.0,Not present/background
2018-08-13,Fort Matanzas National Monument Dock (Matanzas Inlet),29.714528,-81.23508,0.5,0.0,Not present/background
2018-08-13,West Bay Point; SE of (North Bay),30.224222,-85.713972,0.5,0.0,Not present/background
2018-08-13,Bailey Bridge; E of (North Bay),30.258667,-85.645806,0.5,0.0,Not present/background
2018-08-13,Henderson Beach State Park; 5.1 mi S of,30.307383,-86.434783,0.1,0.0,Not present/background
2018-08-13,Norriego Point; E of (Destin Harbor),30.3919,-86.50919,0.3,0.0,Not present/background
2018-08-13,Alconese Avenue Southeast; S of (ICW),30.400967,-86.600433,0.1,0.0,Not present/background
2018-08-13,Black Point; SW of (Choctawhatchee Bay),30.424861,-86.56649,0.3,0.0,Not present/background
2018-08-14,Punta Rassa Cove,26.4961,-82.005683,0.5,0.0,Not present/background
2018-08-14,Bird Island; N of (Caloosahatchee River),26.513167,-82.032917,0.5,0.0,Not present/background
2018-08-14,Iona Point; SW of (Iona Cove),26.513833,-81.97915,0.5,0.0,Not present/background
2018-08-14,Peppertree Point; NW of (Caloosahatchee River),26.527117,-81.956,0.5,0.0,Not present/background
2018-08-14,Deer Stop Keys; SW of (Matlacha Pass),26.5627,-82.0704,1.0,0.0,Not present/background
2018-08-14,Porpoise Point Island; SW of (Matlacha Pass),26.625,-82.0742,1.3,0.0,Not present/background
2018-08-14,Ben Coleman Keys (Matlacha Pass),26.6678,-82.0946,0.7,0.0,Not present/background
2018-08-14,Aquamarina Palm Harbour (Lemon Bay),26.869961,-82.309673,0.5,426000.0,Medium
2018-08-14,Stump Pass; 1.1 mi SW of,26.885853,-82.355694,0.5,1364580.0,High
2018-08-14,Big Sarasota Pass; 12 mi SW of,27.18745,-82.727033,0.5,234225.0,Medium
2018-08-14,Big Sarasota Pass; 14 mi SW of,27.2079,-82.776367,0.5,3333.0,Very low
2018-08-14,Bay Dock (Sarasota Bay),27.3316,-82.5779,0.5,82800000.0,High
2018-08-14,New Pass Dock (Sarasota Bay),27.33375,-82.57938,0.5,3200000.0,High
2018-08-14,Sapphire Shores Park (Sarasota Bay),27.376852,-82.564052,0.5,258552.0,Medium
2018-08-14,Mead Point (Lower Tampa Bay),27.51477,-82.68395,0.5,0.0,Not present/background
2018-08-14,School Key; NE of (Lower Tampa Bay),27.529833,-82.704,0.5,34000.0,Low
2018-08-14,Passage Key; 2 mi W of,27.554617,-82.777717,0.5,1000.0,Not present/background
2018-08-14,South Skyway Rest Area; NW of (Lower Tampa Bay),27.587433,-82.61895,0.5,0.0,Not present/background
2018-08-14,South Skyway Causeway; NE end of (Lower Tampa Bay),27.59275,-82.629067,0.5,0.0,Not present/background
2018-08-14,Joe Island; N of (Lower Tampa Bay),27.595514,-82.5912,0.5,0.0,Not present/background
2018-08-14,Little Redfish Creek; 1.1 mi NW of (Lower Tampa Bay),27.632617,-82.5782,0.5,0.0,Not present/background
2018-08-14,North Redington Beach,27.816879,-82.82355,0.5,1667.0,Very low
2018-08-14,Barton Avenue; boat ramp SW of (Hillsborough Bay),27.920376,-82.44514,0.5,0.0,Not present/background
2018-08-14,Beach Woods Pier (Indian River),28.02968,-80.54599,0.5,0.0,Not present/background
2018-08-14,Deer Island; 2.9 mi W of (Suwannee Sound),29.231333,-83.128667,0.5,0.0,Not present/background
2018-08-14,Alligator Pass; 1.8 mi S of (Suwannee Sound),29.2635,-83.171,0.5,0.0,Not present/background
2018-08-14,Axe Island; 1.5 mi W of,29.310167,-83.199333,0.5,0.0,Not present/background
2018-08-14,Pig Island; 0.7 mi E of (St. Joseph Bay),29.70403,-85.35882,0.5,0.0,Not present/background
2018-08-14,Blacks Island; SE of (St. Joseph Bay),29.71837,-85.32308,0.5,0.0,Not present/background
2018-08-14,Millender Street; S of (St. George Sound),29.7301,-84.88478,0.1,0.0,Not present/background
2018-08-14,Eagle Harbor; SE of (St. Joseph Bay),29.7588,-85.3847,0.5,0.0,Not present/background
2018-08-14,Mid-St. Joseph Bay,29.7848,-85.347,0.5,0.0,Not present/background
2018-08-14,Patton Bayou; W of (St. Joseph Bay),29.7987,-85.3045,0.5,0.0,Not present/background
2018-08-14,Richards Bayou; mouth of (East Bay),30.06075,-85.493611,0.5,0.0,Not present/background
2018-08-14,Military Point; W of (East Bay),30.124111,-85.631,0.5,0.0,Not present/background
2018-08-14,Clay Avenue; S of (St. Andrew Bay),30.164729,-85.69369,0.5,0.0,Not present/background
2018-08-14,Pier Park Beach,30.214573,-85.877506,0.5,0.0,Not present/background
2018-08-14,Navarre Pier,30.376,-86.8631,0.5,333.0,Not present/background
2018-08-15,Pavilion Key; 9.2 mi SW of,25.6161,-81.4735,0.2,0.0,Not present/background
2018-08-15,Pavilion Key; 5.8 mi SW of,25.6379,-81.4241,0.2,0.0,Not present/background
2018-08-15,Pavilion Key; 2.9 mi SW of,25.6614,-81.3856,0.2,0.0,Not present/background
2018-08-15,Pavilion Key; SW of,25.6817,-81.3579,0.2,0.0,Not present/background
2018-08-15,Cape Romano Island (Gullivan Bay),25.863268,-81.669487,0.5,0.0,Not present/background
2018-08-15,Blind Pass,25.871944,-81.693544,0.5,0.0,Not present/background
2018-08-15,Bonita Beach Park,26.33105,-81.84574,0.5,226860.0,Medium
2018-08-15,Lovers Key State Park,26.3901,-81.8795,0.5,6849366.0,High
2018-08-15,Tarpon Bay Road Beach,26.4217,-82.0801,0.5,10661280.0,High
2018-08-15,Lighthouse Beach,26.45157,-82.01543,0.5,4484760.0,High
2018-08-15,Lynn Hall Park,26.45398,-81.95776,0.5,149403.0,Medium
2018-08-15,Alison Hagerup Beach Park,26.5264,-82.1945,0.5,972917.0,Medium
2018-08-15,Boca Grande Pass,26.7117,-82.2583,0.2,3000.0,Very low
2018-08-15,Cayo Pelau; 2 mi S of (Charlotte Harbor),26.74065,-82.2145,0.2,2333.0,Very low
2018-08-15,Bull Key; NW of (Bull Bay),26.782417,-82.209383,0.2,333.0,Not present/background
2018-08-15,Cayo Pelau; N of (Gasparilla Sound),26.786021,-82.223062,0.2,0.0,Not present/background
2018-08-15,Sandfly Key; NE of (Gasparilla Sound),26.798,-82.231,0.2,0.0,Not present/background
2018-08-15,Boca Grande Pier (Gasparilla Sound),26.80562,-82.27415,0.5,1820700.0,High
2018-08-15,Gasparilla Pass,26.816167,-82.2805,0.2,1963994.0,High
2018-08-15,Catfish Creek; mouth of (Gasparilla Sound),26.8164,-82.2526,0.2,43000.0,Low
2018-08-15,Bird Key; E of (Gasparilla Pass),26.817306,-82.274306,2.4,718333.0,Medium
2018-08-15,Juno Beach Fishing Pier,26.893715,-80.0542,0.5,0.0,Not present/background
2018-08-15,Stump Pass,26.897722,-82.340333,5.2,415000.0,Medium
2018-08-15,Englewood Beach,26.92467,-82.36189,0.5,2105280.0,High
2018-08-15,Siesta Key; 19 mi W of,27.248767,-82.877983,0.5,333.0,Not present/background
2018-08-15,Bay Dock (Sarasota Bay),27.3316,-82.5779,0.5,48200000.0,High
2018-08-15,New Pass Dock (Sarasota Bay),27.33375,-82.57938,0.5,8720000.0,High
2018-08-15,Longboat Key; 8.5 mi W of,27.375433,-82.7729,0.5,114840.0,Medium
2018-08-15,Magellan Way; N of (Bowlees Creek),27.418517,-82.568167,0.5,0.0,Not present/background
2018-08-15,Anna Maria Island; 14 mi W of,27.477067,-82.926933,0.5,0.0,Not present/background
2018-08-15,Passage Key Inlet; 8.9 mi W of,27.518583,-82.891667,0.5,0.0,Not present/background
2018-08-15,Passage Key; 3.4 mi W of,27.54981,-82.79967,0.5,6333.0,Very low
2018-08-15,Passage Key; 3.4 mi W of,27.54981,-82.79967,7.0,14000.0,Low
2018-08-15,Egmont Key; 12 mi W of,27.572767,-82.95065,0.5,0.0,Not present/background
2018-08-15,South Skyway Fishing Pier;  1.5 mi W of (Lower Tampa Bay),27.59373,-82.66376,0.5,1000.0,Not present/background
2018-08-15,South Skyway Fishing Pier;  1.5 mi W of (Lower Tampa Bay),27.59373,-82.66376,7.0,667.0,Not present/background
2018-08-15,South Skyway Rest Area;  3.4 mi N of (Lower Tampa Bay),27.63279,-82.62892,0.5,1000.0,Not present/background
2018-08-15,South Skyway Rest Area;  3.4 mi N of (Lower Tampa Bay),27.63279,-82.62892,13.5,4000.0,Very low
2018-08-15,Egmont Key; 3.3 mi NW of,27.64101,-82.79796,0.5,15666.0,Low
2018-08-15,Egmont Key; 3.3 mi NW of,27.64101,-82.79796,6.0,8667.0,Very low
2018-08-15,Pass-A-Grille Channel; 17 mi W of,27.684683,-83.008467,0.5,0.0,Not present/background
2018-08-15,Coquina Key; 3.3 mi SE of (Middle Tampa Bay),27.68869,-82.5885,0.5,0.0,Not present/background
2018-08-15,Coquina Key; 3.3 mi SE of (Middle Tampa Bay),27.68869,-82.5885,6.5,0.0,Not present/background
2018-08-15,Geiger Point; Melbourne Causeway at (Indian River),28.08245,-80.59505,0.2,0.0,Not present/background
2018-08-15,Eau Gallie Pier (Indian River),28.13248,-80.62418,0.2,0.0,Not present/background
2018-08-15,Hawksbill Island Drive; canal E of (Banana River),28.198262,-80.612495,0.5,0.0,Not present/background
2018-08-15,Ramp Road Park Boat Ramp (Banana River),28.309033,-80.614283,0.2,0.0,Not present/background
2018-08-15,520 Slick Boat Ramp (Banana River),28.357133,-80.62844,0.2,0.0,Not present/background
2018-08-15,Kelly Park (Banana River),28.4017,-80.66245,0.2,0.0,Not present/background
2018-08-15,Port St. John Boat Ramp (Indian River),28.475083,-80.766533,0.2,0.0,Not present/background
2018-08-15,NASA Causeway; SE side of (Indian River),28.52641,-80.7391,0.2,0.0,Not present/background
2018-08-15,Pine Island; 18 mi W of,28.583333,-82.953333,0.5,0.0,Not present/background
2018-08-15,Lemon Grove Island; 6 mi W of,28.595,-82.765,0.5,0.0,Not present/background
2018-08-15,Parrish Park Boat Ramp (Indian River),28.62365,-80.795517,0.2,0.0,Not present/background
2018-08-15,Bird Island; 7.4 mi W of,29.583333,-83.531667,0.5,0.0,Not present/background
2018-08-15,Bird Island; 2.5 mi SW of,29.5928,-83.4471,0.5,0.0,Not present/background
2018-08-15,Pensacola Beach Pier,30.3273,-87.1419,1.0,0.0,Not present/background
2018-08-15,Fourmile Point; 1.9 mi E of (Choctawhatchee Bay),30.423556,-86.284278,0.5,0.0,Not present/background
2018-08-15,Piney Point; 1.2 mi N of  (Choctawhatchee Bay),30.427583,-86.487306,0.5,0.0,Not present/background
2018-08-15,Chippewa Drive; SE of (Choctawhatchee Bay),30.461944,-86.365028,0.5,0.0,Not present/background
2018-08-16,Sexton Cove; E of (Blackwater Sound),25.162767,-80.4048,0.5,0.0,Not present/background
2018-08-16,South Marco Beach,25.91165,-81.72805,0.5,175428.0,Medium
2018-08-16,Naples Pier,26.13163,-81.8063,0.5,866544.0,Medium
2018-08-16,Seagate,26.2073,-81.8169,0.5,16431439.0,High
2018-08-16,Vanderbilt Beach,26.25375,-81.82377,0.5,1056020.0,High
2018-08-16,Barefoot Beach State Preserve,26.30481,-81.8362,0.5,0.0,Not present/background
2018-08-16,Blind Pass; 10 mi SW of,26.3674,-82.2912,0.5,1735078.0,High
2018-08-16,Lake Ida Park; E of (Lake Ida),26.480999,-80.082591,0.5,0.0,Not present/background
2018-08-16,Boynton Inlet,26.5457,-80.0437,0.5,0.0,Not present/background
2018-08-16,Redfish Pass; 3.6 mi W of,26.55455,-82.25549,1.8,22000.0,Low
2018-08-16,Redfish Pass; 3.6 mi W of,26.55455,-82.25549,9.2,4333.0,Very low
2018-08-16,Redfish Pass; E of (Pine Island Sound),26.55505,-82.1949,1.8,1333.0,Very low
2018-08-16,Foster Bay; NE of (Pine Island Sound),26.58758,-82.19125,1.1,32333.0,Low
2018-08-16,Captiva Pass; 30 mi W of,26.59536,-82.69769,1.3,0.0,Not present/background
2018-08-16,Captiva Pass; 30 mi W of,26.59536,-82.69769,12.0,333.0,Not present/background
2018-08-16,Captiva Pass; 30 mi W of,26.59536,-82.69769,26.0,0.0,Not present/background
2018-08-16,Captiva Pass; E of (Pine Island Sound),26.61732,-82.20512,1.9,36667.0,Low
2018-08-16,Whoopee Island; NW of (Pine Island Sound),26.66564,-82.219989,1.6,73667.0,Low
2018-08-16,Cayo Costa; 19 mi W of,26.67209,-82.55954,1.9,0.0,Not present/background
2018-08-16,Cayo Costa; 19 mi W of,26.67209,-82.55954,10.0,1000.0,Not present/background
2018-08-16,Cayo Costa; 19 mi W of,26.67209,-82.55954,20.2,0.0,Not present/background
2018-08-16,Boca Grande Pass (Charlotte Harbor),26.71435,-82.24748,1.7,16333.0,Low
2018-08-16,Boca Grande; 9.6 mi W of,26.74277,-82.41968,1.4,142333.0,Medium
2018-08-16,Boca Grande; 9.6 mi W of,26.74277,-82.41968,10.0,256394.0,Medium
2018-08-16,Boca Grande; 9.6 mi W of,26.74277,-82.41968,15.4,4000.0,Very low
2018-08-16,Devilfish Key; W of (Gasparilla Sound),26.7705,-82.24395,1.6,3333.0,Very low
2018-08-16,Gasparilla Pass; 2.3 mi SW of,26.78126,-82.30361,1.3,67000.0,Low
2018-08-16,Gasparilla Pass; 2.3 mi SW of,26.78126,-82.30361,3.0,113498.0,Medium
2018-08-16,Gasparilla Pass; 2.3 mi SW of,26.78126,-82.30361,11.5,0.0,Not present/background
2018-08-16,Bay Dock (Sarasota Bay),27.3316,-82.5779,0.5,21520000.0,High
2018-08-16,New Pass Dock (Sarasota Bay),27.33375,-82.57938,0.5,31000000.0,High
2018-08-16,Clearwater Beach Pier 60,27.9777,-82.8323,0.5,0.0,Not present/background
2018-08-16,Sunrise Park (Indian River North),28.874771,-80.840294,1.0,0.0,Not present/background
2018-08-16,Riverbreeze Park Boat Launch (Indian River North),28.898539,-80.851642,1.0,0.0,Not present/background
2018-08-17,Sawyer Key; 2 mi NW of,24.769483,-81.601017,0.2,0.0,Not present/background
2018-08-17,Sawyer Key; 3.2 mi NW of,24.78372,-81.61275,0.2,0.0,Not present/background
2018-08-17,Sawyer Key; 5.1 mi NW of,24.79875,-81.638667,0.2,0.0,Not present/background
2018-08-17,Sawyer Key; 7 mi NW of,24.811917,-81.664667,0.2,0.0,Not present/background
2018-08-17,Bowmans Beach; 6.9 mi SW of,26.3968,-82.2407,0.5,4747833.0,High
2018-08-17,Bowmans Beach; 6.9 mi SW of,26.3968,-82.2407,10.7,86000.0,Low
2018-08-17,Sanibel Rocks; S of,26.4269,-82.1345,0.5,2936640.0,High
2018-08-17,Sanibel Rocks; S of,26.4269,-82.1345,4.6,120333.0,Medium
2018-08-17,Blind Pass; 2.8 mi W of,26.4866,-82.2282,0.5,2114700.0,High
2018-08-17,Blind Pass; 2.8 mi W of,26.4866,-82.2282,8.2,103667.0,Medium
2018-08-17,Captiva Island; W of,26.5117,-82.206,0.5,207333.0,Medium
2018-08-17,Captiva Island; W of,26.5117,-82.206,4.9,61333.0,Low
2018-08-17,Englewood Beach,26.92467,-82.36189,0.5,1113017.0,High
2018-08-17,Caspersen Beach,27.05703,-82.4436,0.2,7150289.0,High
2018-08-17,North Jetty Park (Venice Inlet),27.1134,-82.467699,0.2,1128583.0,High
2018-08-17,Jamaica Royale; W of,27.263477,-82.551789,0.5,15324855.0,High
2018-08-17,Bay Dock (Sarasota Bay),27.3316,-82.5779,0.5,2000000.0,High
2018-08-17,New Pass Dock (Sarasota Bay),27.33375,-82.57938,0.5,8480000.0,High
2018-08-17,Blacks Island; S of (St. Joseph Bay),29.719033,-85.332683,0.1,0.0,Not present/background
2018-08-17,Park Point Circle; E of (St. Joseph Bay),29.75845,-85.384433,0.1,0.0,Not present/background
2018-08-17,Dupont Drive; NW of (St. Joseph Bay),29.798433,-85.304683,0.1,0.0,Not present/background
2018-08-18,Murdock Point; 16 mi W of,26.678517,-82.526783,0.5,41333.0,Low
2018-08-18,Murdock Point; 15 mi W of,26.688333,-82.499167,0.5,423000.0,Medium
2018-08-18,Sandsprit Park Boat Ramp (Manatee Pocket),27.162256,-80.1939,0.7,0.0,Not present/background
2018-08-18,Indian Riverside Park Pier (Indian River),27.224761,-80.211264,0.7,0.0,Not present/background
2018-08-18,East Midway Road; N of (Indian River),27.38745,-80.2971,0.5,0.0,Not present/background
2018-08-18,Indian River Veterans Memorial Park Boat Ramp (Indian River),27.451811,-80.322742,1.0,0.0,Not present/background
2018-08-18,Dixie Highway Bridge; E of (Indian River),27.85566,-80.49085,1.0,0.0,Not present/background
2018-08-18,Sand Key Park (Clearwater Harbor),27.957221,-82.824508,0.3,333.0,Not present/background
2018-08-19,Bahia Honda Channel,24.656056,-81.292306,0.5,0.0,Not present/background
2018-08-19,Big Carlos Pass; 4.9 mi W of,26.398017,-81.9674,0.3,511020.0,Medium
2018-08-19,Fishing Pier Fort Myers Beach; 1.4 mi S of,26.431367,-81.9616,0.3,26000.0,Low
2018-08-19,Sirenia Vista Canoe & Kayak Launch,26.64413,-82.05578,1.0,0.0,Not present/background
2018-08-19,North Shore Park (Caloosahatchee River),26.6573,-81.8829,1.0,0.0,Not present/background
2018-08-19,Boca Grande Pass; 2.5 mi W of,26.698611,-82.296389,0.5,8333.0,Very low
2018-08-19,Boca Grande Pass; 1.3 mi W of,26.705556,-82.278611,0.5,3667.0,Very low
2018-08-19,Burnt Store Marina; 4.1 mi W of (Charlotte Harbor),26.762933,-82.1322,0.5,0.0,Not present/background
2018-08-19,Sandfly Key; NW of (Gasparilla Sound),26.792783,-82.249867,0.5,0.0,Not present/background
2018-08-19,El Jobean Bridge; W of (Myakka River),26.959183,-82.213783,0.5,0.0,Not present/background
2018-08-19,Barefoot Bay Pier (Indian River),27.88507,-80.5008,0.5,0.0,Not present/background
2018-08-19,Tropic; SW of (Indian River),28.1505,-80.635,0.5,0.0,Not present/background
2018-08-19,Cocoa Beach Golf Course; E of (Banana River),28.31338,-80.6298,0.2,0.0,Not present/background
2018-08-19,Wolf Park,30.669585,-81.429069,0.5,0.0,Not present/background
2018-08-20,Lower Arsnicker Keys; 7.2 mi W of,24.9159,-80.943,0.2,0.0,Not present/background
2018-08-20,Upper Arsnicker Keys; 8.5 mi NW of,24.93815,-80.9653,0.2,0.0,Not present/background
2018-08-20,Sandy Key; 5.2 mi SW of,24.96038,-80.98737,0.2,0.0,Not present/background
2018-08-20,Sandy Key; 3.4 mi S of,24.98417,-81.0118,0.2,0.0,Not present/background
2018-08-20,Caesar Creek (Biscayne Bay),25.3951,-80.23246,0.5,0.0,Not present/background
2018-08-20,Sands Cut (Biscayne Bay),25.49465,-80.17763,0.5,0.0,Not present/background
2018-08-20,Lewis Cut (Biscayne Bay),25.52142,-80.17476,0.5,0.0,Not present/background
2018-08-20,South Marco Beach,25.91165,-81.72805,1.0,539980.0,Medium
2018-08-20,Naples Pier,26.13163,-81.8063,1.0,77333.0,Low
2018-08-20,Seagate,26.2073,-81.8169,1.0,3333.0,Very low
2018-08-20,Vanderbilt Beach,26.25375,-81.82377,1.0,1000.0,Not present/background
2018-08-20,Barefoot Beach State Preserve,26.30481,-81.8362,1.0,1911210.0,High
2018-08-20,Buck Key; S of (Blind Pass),26.488,-82.1815,0.2,1061667.0,High
2018-08-20,York Island; W of (Pine Island Sound),26.4887,-82.1073,0.2,1407667.0,High
2018-08-20,Buck Key; 1.9 mi NE of (Pine Island Sound),26.532117,-82.15667,0.2,647976.0,Medium
2018-08-20,Regla Island; 1.4 mi W of (Pine Island Sound),26.53618,-82.14646,0.2,614460.0,Medium
2018-08-20,Regla Island; W of (Pine Island Sound),26.538,-82.1257,0.2,71667.0,Low
2018-08-20,Redfish Pass (Pine Island Sound),26.5535,-82.1963,0.2,690122.0,Medium
2018-08-20,Redfish Pass; 1.8 mi E of (Pine Island Sound),26.560417,-82.170817,0.2,544236.0,Medium
2018-08-20,Cork Island; W of (Pine Island Sound),26.5767,-82.1347,0.2,491583.0,Medium
2018-08-20,Hemp Key; S of (Pine Island Sound),26.5902,-82.1561,0.2,634239.0,Medium
2018-08-20,Captiva Rocks; SW of (Pine Island Sound),26.59925,-82.18463,0.2,245667.0,Medium
2018-08-20,Captiva Pass,26.6092,-82.221,0.2,7190413.0,High
2018-08-20,Murdock Point; 17 mi W of,26.632433,-82.531067,0.5,1333.0,Very low
2018-08-20,Murdock Point; 14 mi W of,26.633633,-82.48005,0.5,41667.0,Low
2018-08-20,Murdock Point; 8.6 mi W of,26.6564,-82.398483,0.5,92667.0,Low
2018-08-20,Mondongo Island; W of (Pine Island Sound),26.6798,-82.2196,0.2,166271.0,Medium
2018-08-20,Little Bokeelia Island; N of (Charlotte Harbor),26.705,-82.1837,0.2,1333.0,Very low
2018-08-20,Boca Grande Pass; 3.7 mi W of,26.710683,-82.319367,0.5,3591000.0,High
2018-08-20,Boca Grande Pass,26.7117,-82.2583,0.2,8333.0,Very low
2018-08-20,Crowe Key; 1.4 mi SW of (Charlotte Harbor),26.78152,-82.08323,0.5,0.0,Not present/background
2018-08-20,Don Quixote Drive; canal N of (Peace River),26.9118,-82.0859,0.5,0.0,Not present/background
2018-08-20,Blind Pass Beach,26.96324,-82.38565,0.5,25680000.0,High
2018-08-20,Manasota Beach,27.01031,-82.41312,0.5,12320000.0,High
2018-08-20,South Venice Public Beach,27.034646,-82.427985,0.5,23746086.0,High
2018-08-20,Caspersen Beach,27.05703,-82.4436,0.5,4000.0,Very low
2018-08-20,Brohard Beach,27.06631,-82.448,0.5,0.0,Not present/background
2018-08-20,Venice Fishing Pier; N of,27.0735,-82.4515,0.5,8000.0,Very low
2018-08-20,Service Club Park,27.07827,-82.45286,0.5,368000.0,Medium
2018-08-20,Venice Beach,27.10034,-82.46089,0.5,31120000.0,High
2018-08-20,North Jetty,27.11382,-82.46883,0.5,16720000.0,High
2018-08-20,Nokomis Beach,27.12332,-82.47122,0.5,22000000.0,High
2018-08-20,Turtle Beach,27.21843,-82.51711,0.5,2844000.0,High
2018-08-20,Siesta Beach,27.26518,-82.5531,0.5,0.0,Not present/background
2018-08-20,South Lido Park,27.29818,-82.56739,0.5,9120000.0,High
2018-08-20,Lido Beach Casino,27.311,-82.57718,0.5,25280000.0,High
2018-08-20,North Lido Beach,27.31561,-82.58171,0.5,15520000.0,High
2018-08-20,Ringling Causeway,27.32682,-82.56244,0.5,6720000.0,High
2018-08-20,Bay Dock (Sarasota Bay),27.3316,-82.5779,0.5,5040000.0,High
2018-08-20,New Pass Dock (Sarasota Bay),27.33375,-82.57938,0.5,10240000.0,High
2018-08-20,Longboat Key Beach,27.37317,-82.63202,0.5,22720000.0,High
2018-08-20,Longboat Pass Boat Ramp (Sarasota Bay),27.44602,-82.68798,0.5,5410440.0,High
2018-08-20,Portosueno Park (Palma Sola Bay),27.486683,-82.6424,0.5,0.0,Not present/background
2018-08-20,Palma Sola Bay Bridge,27.4959,-82.6522,0.5,3200760.0,High
2018-08-20,Mead Point (Lower Tampa Bay),27.51477,-82.68395,0.2,7333.0,Very low
2018-08-20,School Key; NE of (Lower Tampa Bay),27.529833,-82.704,0.2,247000.0,Medium
2018-08-20,Anna Maria Island Rod & Reel Pier (Lower Tampa Bay),27.5385,-82.7402,0.5,1460340.0,High
2018-08-20,Fletcher Point (Lower Tampa Bay),27.58512,-82.61482,0.5,0.0,Not present/background
2018-08-20,South Skyway Rest Area; NW of (Lower Tampa Bay),27.587433,-82.61895,0.2,0.0,Not present/background
2018-08-20,Two Brothers Islands; SW of (Lower Tampa Bay),27.591656,-82.586951,0.2,0.0,Not present/background
2018-08-20,South Skyway Causeway; NE end of (Lower Tampa Bay),27.59275,-82.629067,0.2,0.0,Not present/background
2018-08-20,Joe Island; N of (Lower Tampa Bay),27.595514,-82.5912,0.2,0.0,Not present/background
2018-08-20,Skyway Fishing Pier; South (Lower Tampa Bay),27.6055,-82.6508,0.5,7667.0,Very low
2018-08-20,Mullet Key; Gulf Pier,27.6133,-82.7391,0.5,120004.0,Medium
2018-08-20,Little Redfish Creek; 1.1 mi NW of (Lower Tampa Bay),27.632617,-82.5782,0.2,0.0,Not present/background
2018-08-20,Pass-a-Grille Beach,27.687683,-82.738533,0.5,8667.0,Very low
2018-08-20,37th Avenue; W of,27.712917,-82.739755,0.5,33333.0,Low
2018-08-20,FWRI Peninsula; SE tip of (Bayboro Harbor),27.759803,-82.631267,0.5,0.0,Not present/background
2018-08-20,FWRI Peninsula; SE tip of (Bayboro Harbor),27.759803,-82.631267,6.0,0.0,Not present/background
2018-08-20,Johns Pass,27.78335,-82.783433,0.5,72667.0,Low
2018-08-20,La Contessa Pier,27.8121,-82.81915,0.5,67333.0,Low
2018-08-20,Indian Shores Beach,27.8539,-82.84695,0.5,4333.0,Very low
2018-08-20,Williams Park Boat Ramp (Hillsborough Bay),27.860156,-82.384859,0.5,0.0,Not present/background
2018-08-20,3rd Avenue; W of,27.880499,-82.851742,0.5,2333.0,Very low
2018-08-20,6th Street; W of,27.914289,-82.846499,0.5,0.0,Not present/background
2018-08-20,Curtis Dixon Dog Park; SE of (Hillsborough River),27.949009,-82.463074,0.5,0.0,Not present/background
2018-08-20,Clearwater Pass,27.96035,-82.8243,0.5,0.0,Not present/background
2018-08-20,Sand Key Park,27.96225,-82.8318,0.5,0.0,Not present/background
2018-08-20,Honeymoon Island State Park; South Beach,28.0586,-82.8267,0.5,0.0,Not present/background
2018-08-20,Howard Park Causeway; S of (St Joseph Sound),28.1532,-82.8017,1.0,333.0,Not present/background
2018-08-20,Anclote Gulf Park Pier (Anclote Anchorage),28.1925,-82.7881,1.0,0.0,Not present/background
2018-08-20,Green Key Beach,28.25357,-82.7574,1.0,0.0,Not present/background
2018-08-20,Hudson Beach Park; canal N of,28.3626,-82.709,1.0,0.0,Not present/background
2018-08-20,East Halifax Avenue; S of (Mosquito Lagoon),28.86552,-80.83251,0.5,0.0,Not present/background
2018-08-20,Shell Island; 2.6 mi W of (Crystal Bay),28.925,-82.74167,0.1,0.0,Not present/background
2018-08-20,Cedar Island; N of (Cedar Creek),28.95616,-80.85202,0.5,0.0,Not present/background
2018-08-20,Ranken Drive; E of (Mosquito Lagoon),28.95677,-80.88196,0.5,0.0,Not present/background
2018-08-20,Black Island; S of (St. Joseph Bay),29.7024,-85.3339,0.5,0.0,Not present/background
2018-08-20,Devils Elbow Fishing Resort; W of (Matanzas River),29.7532,-81.2511,0.5,0.0,Not present/background
2018-08-20,Mid-St. Joseph Bay,29.7848,-85.347,0.5,0.0,Not present/background
2018-08-20,Eagle Harbor; N of (St. Joseph Bay),29.7895,-85.3983,0.5,0.0,Not present/background
2018-08-20,Patton Bayou; W of (St. Joseph Bay),29.7987,-85.3045,0.5,0.0,Not present/background
2018-08-20,St. Joseph Point; SW of (St. Joseph Bay),29.8684,-85.3925,0.5,0.0,Not present/background
2018-08-21,Harbor Key; 4.2 mi NW of,24.8887,-81.4529,0.2,0.0,Not present/background
2018-08-21,Harbor Key; 5.8 mi N of,24.9128,-81.4392,0.2,0.0,Not present/background
2018-08-21,Big Spanish Key; 8 mi N of,24.9317,-81.4076,0.2,0.0,Not present/background
2018-08-21,Big Spanish Key; 9 mi N of,24.9436,-81.3729,0.2,0.0,Not present/background
2018-08-21,Alborado Road; canal E of (Placida Harbor),26.820982,-82.284321,0.6,30667.0,Low
2018-08-21,Rum Runner Road; NE of (Placida Harbor),26.82691,-82.282487,0.3,14667.0,Low
2018-08-21,Stump Pass,26.89628,-82.340614,0.5,260667.0,Medium
2018-08-21,Sand Dollar Lane; W of,26.916667,-82.366667,0.5,399333.0,Medium
2018-08-21,Goya Drive; canal S of,27.15463,-82.47065,0.5,2333.0,Very low
2018-08-21,Blackburn Point Park Pier (Little Sarasota Bay),27.18106,-82.49552,0.5,813960.0,Medium
2018-08-21,St. Armands Key; N of (Pansy Bayou),27.3225,-82.5803,0.5,798000.0,Medium
2018-08-21,Bay Dock (Sarasota Bay),27.3316,-82.5779,0.5,1176000.0,High
2018-08-21,Marina Jack (Sarasota Bay),27.3324,-82.5462,0.5,68000.0,Low
2018-08-21,New Pass Dock (Sarasota Bay),27.33375,-82.57938,0.5,448000.0,Medium
2018-08-21,New Pass Dock (Sarasota Bay),27.33375,-82.57938,0.5,0.0,Not present/background
2018-08-21,Atlas Street; W of,27.4003,-82.6515,0.5,15354612.0,High
2018-08-21,North Shore Road Pier,27.4362,-82.69012,0.5,17832570.0,High
2018-08-21,Conception Key (Lower Tampa Bay),27.641401,-82.696809,0.2,1000.0,Not present/background
2018-08-21,Fort Desoto Boat Ramp; W of (Bunces Pass),27.6461,-82.7264,0.2,62333.0,Low
2018-08-21,Bunces Pass; mouth of,27.6504,-82.7443,0.2,63667.0,Low
2018-08-21,North Skyway Rest Area; NW of (Lower Tampa Bay),27.651968,-82.683922,0.2,3333.0,Very low
2018-08-21,Pass-a-Grille Beach,27.6985,-82.73825,0.5,57333.0,Low
2018-08-21,Cabrillo Avenue; W of,27.7075,-82.7387,0.5,62667.0,Low
2018-08-21,Sunset Beach,27.7436,-82.75985,0.5,54000.0,Low
2018-08-21,Treasure Island Beach,27.76475,-82.770317,0.5,82667.0,Low
2018-08-21,Madeira Beach,27.800967,-82.80275,0.5,104333.0,Medium
2018-08-21,Causeway Boat Ramp; S of (Old Tampa Bay),27.96405,-82.611083,0.5,0.0,Not present/background
2018-08-21,Diamond Bay (Banana River),28.35034,-80.61298,0.5,0.0,Not present/background
2018-08-21,Titan III Road; S of (Banana River),28.518513,-80.587279,0.5,0.0,Not present/background
2018-08-21,Titan III Road; N of,28.51926,-80.586576,0.5,0.0,Not present/background
2018-08-21,Parol Road; N of,28.527344,-80.583948,0.5,0.0,Not present/background
2018-08-21,NASA Causeway; N of (Indian River),28.52811,-80.76569,0.3,0.0,Not present/background
2018-08-21,Menzo Park; 1.1 mi E of (Indian River),28.5808,-80.7806,0.3,0.0,Not present/background
2018-08-21,Space View Park; SE of (Indian River),28.60796,-80.79474,0.3,0.0,Not present/background
2018-08-21,Harbor Pointe Marina (Indian River),28.615731,-80.802278,0.5,0.0,Not present/background
2018-08-21,Black Point; 1.2 mi NW of (Indian River),28.69283,-80.80489,0.3,0.0,Not present/background
2018-08-21,Seahorse Key; 8.4 mi SW of,29.02313,-83.18087,0.5,0.0,Not present/background
2018-08-21,Seahorse Key; 2.5 mi SW of,29.08132,-83.1102,0.5,0.0,Not present/background
2018-08-21,Compass Point; 1.7 mi SW of (Waccasassa Bay),29.14167,-82.85833,0.3,0.0,Not present/background
2018-08-21,Alligator Harbor Boat Ramp; W of,29.9245,-84.426167,0.5,0.0,Not present/background
2018-08-21,Robertson Island; N of (Big Lagoon),30.332222,-87.320556,0.5,0.0,Not present/background
2018-08-22,Bonita Beach Park,26.33105,-81.84574,0.5,510720.0,Medium
2018-08-22,Bonita Beach (Estero Bay),26.35497,-81.84452,0.5,4333.0,Very low
2018-08-22,Long Key (Estero Bay),26.38591,-81.84631,0.5,52667.0,Low
2018-08-22,Lovers Key State Park,26.3901,-81.8795,0.5,28667.0,Low
2018-08-22,Tarpon Bay Road Beach,26.4217,-82.0801,0.5,305900.0,Medium
2018-08-22,Estero Island (Estero Bay),26.43494,-81.91138,0.5,2667.0,Very low
2018-08-22,Lighthouse Beach,26.45157,-82.01543,0.5,8682240.0,High
2018-08-22,Lynn Hall Park,26.45398,-81.95776,0.5,12667.0,Low
2018-08-22,Merwin Key; W of (San Carlos Bay),26.500278,-82.0475,0.2,52000.0,Low
2018-08-22,Alison Hagerup Beach Park,26.5264,-82.1945,0.5,258000.0,Medium
2018-08-22,McCardle Island; SW of (Matlacha Pass),26.5857,-82.0645,0.2,0.0,Not present/background
2018-08-22,Jug Creek Point; E of (Matlacha Pass),26.7003,-82.1208,0.2,0.0,Not present/background
2018-08-22,Damfiwill Street; E of (Charlotte Harbor),26.7457,-82.255183,0.5,0.0,Not present/background
2018-08-22,4th Street East; E of (Charlotte Harbor),26.749817,-82.251383,0.5,0.0,Not present/background
2018-08-22,Boca Grande Bayou,26.760333,-82.258267,0.5,0.0,Not present/background
2018-08-22,Jack Point Lane; E of (Gasparilla Sound),26.7661,-82.24975,0.5,0.0,Not present/background
2018-08-22,Hoagen Key; W of (Gasparilla Sound),26.770583,-82.2577,0.5,0.0,Not present/background
2018-08-22,Sandfly Key; W of (Gasparilla Sound),26.781117,-82.247383,0.5,0.0,Not present/background
2018-08-22,Grouper Hole Drive; SE of (Gasparilla Sound),26.7917,-82.2687,0.5,0.0,Not present/background
2018-08-22,Peekins Ranch Cove; SE of (Gasparilla Sound),26.793283,-82.261883,0.5,3000.0,Very low
2018-08-22,Boca Grande Pier (Gasparilla Sound),26.80562,-82.27415,0.5,56000.0,Low
2018-08-22,Gasparilla Pass,26.816167,-82.2805,0.2,179283.0,Medium
2018-08-22,Garfield Court; SW of (Placida Harbor),26.8385,-82.2795,0.2,0.0,Not present/background
2018-08-22,Juno Beach Fishing Pier,26.893715,-80.0542,0.5,0.0,Not present/background
2018-08-22,Stump Pass (Lemon Bay),26.898667,-82.339333,0.2,231943.0,Medium
2018-08-22,Englewood Beach,26.92467,-82.36189,0.5,609672.0,Medium
2018-08-22,Tom Adams Bridge; S of (Lemon Bay),26.9307,-82.3498,0.2,88333.0,Low
2018-08-22,Blind Pass Beach; E of (Lemon Bay),26.96324,-82.3747,0.2,667.0,Not present/background
2018-08-22,Casperson Beach,27.0575,-82.4438,0.1,6535324.0,High
2018-08-22,Service Club Park; W of,27.0782,-82.4529,0.1,2304180.0,High
2018-08-22,Snell Isle; 2.3 mi SE of (Middle Tampa Bay),27.7723,-82.5789,0.5,0.0,Not present/background
2018-08-22,Weedon Island; E of (Old Tampa Bay),27.86111,-82.58911,0.5,0.0,Not present/background
2018-08-22,Big Island; 2.2 mi E of (Old Tampa Bay),27.9055,-82.6046,0.5,0.0,Not present/background
2018-08-22,Big Island; 2.2 mi E of (Old Tampa Bay),27.9055,-82.6046,3.2,0.0,Not present/background
2018-08-22,San Jose St; W of (Old Tampa Bay),27.9244,-82.5496,0.5,0.0,Not present/background
2018-08-22,High Point; 2 mi NE of (Old Tampa Bay),27.942,-82.675,0.5,0.0,Not present/background
2018-08-22,High Point; 2 mi NE of (Old Tampa Bay),27.942,-82.675,4.2,0.0,Not present/background
2018-08-22,Howard Frankland Bridge; N of (Old Tampa Bay),27.949,-82.561,0.5,0.0,Not present/background
2018-08-22,C. Campbell Causeway; S of (Old Tampa Bay),27.957,-82.622,0.5,0.0,Not present/background
2018-08-22,C. Campbell Causeway; S of (Old Tampa Bay),27.957,-82.622,5.2,0.0,Not present/background
2018-08-22,Cooper Point; E of (Old Tampa Bay),27.972,-82.673,0.5,0.0,Not present/background
2018-08-22,Old Tampa Bay Park; 1.7 mi S of (Old Tampa Bay),27.98,-82.62,0.5,0.0,Not present/background
2018-08-22,Philippe Park; NE of (Safety Harbor),28.02,-82.675,0.5,0.0,Not present/background
2018-08-22,Philippe Park; NE of (Safety Harbor),28.02,-82.675,3.0,0.0,Not present/background
2018-08-22,Dunedin Causeway; S of (Clearwater Harbor),28.0509,-82.7986,1.0,0.0,Not present/background
2018-08-22,Dunedin Causeway; N of (Saint Joseph Sound),28.0552,-82.8023,1.0,0.0,Not present/background
2018-08-22,Geiger Point; Melbourne Causeway at (Indian River),28.08245,-80.59505,0.2,0.0,Not present/background
2018-08-22,Eau Gallie Pier (Indian River),28.13248,-80.62418,0.2,0.0,Not present/background
2018-08-22,Hawksbill Island Drive; canal E of (Banana River),28.198262,-80.612495,0.5,0.0,Not present/background
2018-08-22,Ramp Road Park Boat Ramp (Banana River),28.309033,-80.614283,0.2,0.0,Not present/background
2018-08-22,520 Slick Boat Ramp (Banana River),28.357133,-80.62844,0.2,0.0,Not present/background
2018-08-22,Kelly Park (Banana River),28.4017,-80.66245,0.2,0.0,Not present/background
2018-08-22,Port St. John Boat Ramp (Indian River),28.475083,-80.766533,0.2,0.0,Not present/background
2018-08-22,Centipede Bay; 4.9 mi W of,28.516317,-82.7489,0.5,0.0,Not present/background
2018-08-22,NASA Causeway; SE side of (Indian River),28.52641,-80.7391,0.2,0.0,Not present/background
2018-08-22,Rock Island; 7.7 mi W of,28.564917,-82.78085,0.5,0.0,Not present/background
2018-08-22,Pine Island; 2.1 mi W of,28.575,-82.69167,0.3,0.0,Not present/background
2018-08-22,Pine Island; N of,28.57895,-82.654267,0.5,0.0,Not present/background
2018-08-22,Parrish Park Boat Ramp (Indian River),28.62365,-80.795517,0.2,0.0,Not present/background
2018-08-22,Bird Island; W of (Chassahowitzka Bay),28.675,-82.69167,0.5,0.0,Not present/background
2018-08-22,Tripod Point; 2.9 mi S of,29.1234,-82.9124,0.5,0.0,Not present/background
2018-08-22,Ramsey Point; 2.9 mi W of (Waccasassa Bay),29.1265,-82.8495,0.5,0.0,Not present/background
2018-08-22,Compass Point; 1.1 mi SE of (Waccasassa Bay),29.140833,-82.827,0.5,0.0,Not present/background
2018-08-22,Millender Street; S of (St. George Sound),29.7301,-84.88478,0.1,0.0,Not present/background
2018-08-22,Pensacola Beach Pier,30.3273,-87.1419,1.0,667.0,Not present/background
2018-08-22,Navarre Pier,30.376,-86.8631,0.5,0.0,Not present/background
2018-08-22,Butchpen Cove; 1.7 mi N of (Pensacola Bay),30.400472,-87.159028,0.5,0.0,Not present/background
2018-08-22,White Point; 1.6 mi SE of (East Bay),30.427472,-87.05425,0.5,0.0,Not present/background
2018-08-22,Hernandez Point; 1.7 mi NW of (Escambia Bay),30.466833,-87.122056,0.5,0.0,Not present/background
2018-08-23,South Marco Beach,25.91165,-81.72805,0.5,348460.0,Medium
2018-08-23,Naples Pier,26.13163,-81.8063,0.5,21333.0,Low
2018-08-23,Seagate,26.2073,-81.8169,0.5,32881485.0,High
2018-08-23,Vanderbilt Beach,26.25375,-81.82377,0.5,204667.0,Medium
2018-08-23,Heron Avenue; canal S of,26.269616,-81.822743,0.5,0.0,Not present/background
2018-08-23,Tamiami Trail N; E of (Cocohatchee River),26.282626,-81.801589,0.5,0.0,Not present/background
2018-08-23,Barefoot Beach State Preserve,26.30481,-81.8362,0.5,774060.0,Medium
2018-08-23,Redfish Pass; 3.5 mi W of,26.55302,-82.25628,2.2,95735.0,Low
2018-08-23,Redfish Pass; 3.5 mi W of,26.55302,-82.25628,9.3,0.0,Not present/background
2018-08-23,Redfish Pass; E of (Pine Island Sound),26.55482,-82.19598,0.5,1551478.0,High
2018-08-23,Foster Bay; NE of (Pine Island Sound),26.58815,-82.1915,2.2,255293.0,Medium
2018-08-23,Captiva Pass; 29 mi W of,26.59504,-82.69673,1.7,0.0,Not present/background
2018-08-23,Captiva Pass; 29 mi W of,26.59504,-82.69673,12.0,0.0,Not present/background
2018-08-23,Captiva Pass; 29 mi W of,26.59504,-82.69673,26.3,0.0,Not present/background
2018-08-23,Captiva Pass; 1 mi E of (Pine Island Sound),26.61679,-82.20493,1.4,402139.0,Medium
2018-08-23,Whoopee Island; NW of (Pine Island Sound),26.66555,-82.22081,0.8,700500.0,Medium
2018-08-23,Cayo Costa; 19 mi W of,26.667,-82.55875,0.7,0.0,Not present/background
2018-08-23,Cayo Costa; 19 mi W of,26.667,-82.55875,10.0,0.0,Not present/background
2018-08-23,Cayo Costa; 19 mi W of,26.667,-82.55875,20.7,333.0,Not present/background
2018-08-23,Boca Grande Pass; 9.6 mi W of,26.70429,-82.41862,2.5,588939.0,Medium
2018-08-23,Boca Grande Pass; 9.6 mi W of,26.70429,-82.41862,9.0,321711.0,Medium
2018-08-23,Boca Grande Pass; 9.6 mi W of,26.70429,-82.41862,16.0,0.0,Not present/background
2018-08-23,Boca Grande Pass (Charlotte Harbor),26.7138,-82.2485,0.6,30000.0,Low
2018-08-23,Devilfish Key; W of (Gasparilla Sound),26.76905,-82.24444,0.6,15667.0,Low
2018-08-23,Gasparilla Pass; 4.5 mi SW of,26.77603,-82.34558,0.7,60667.0,Low
2018-08-23,Gasparilla Pass; 4.5 mi SW of,26.77603,-82.34558,5.0,76333.0,Low
2018-08-23,Gasparilla Pass; 4.5 mi SW of,26.77603,-82.34558,11.8,61882.0,Low
2018-08-23,Terra Ceia Point; 1.6 mi W of (Lower Tampa Bay),27.545317,-82.657483,0.2,32000.0,Low
2018-08-23,Terra Ceia Point; 1.4 mi NW of (Lower Tampa Bay),27.566483,-82.646283,0.2,59333.0,Low
2018-08-23,South Skyway Rest Area; NW of (Lower Tampa Bay),27.587433,-82.61895,0.2,0.0,Not present/background
2018-08-23,South Skyway Causeway; NE end of (Lower Tampa Bay),27.59275,-82.629067,0.2,0.0,Not present/background
2018-08-23,Joe Island; N of (Lower Tampa Bay),27.595514,-82.5912,0.2,0.0,Not present/background
2018-08-23,Little Redfish Creek; 1.1 mi NW of (Lower Tampa Bay),27.632617,-82.5782,0.2,1667.0,Very low
2018-08-23,Clearwater Beach Pier 60,27.9777,-82.8323,0.5,5667.0,Very low
2018-08-23,Bushstake Gap; E of (Withlacoochee Bay),29.017167,-82.789167,0.5,0.0,Not present/background
2018-08-23,Porpoise Point; SW of (Withlacoochee Bay),29.048333,-82.810333,0.5,0.0,Not present/background
2018-08-23,Pine Log Island; 3.3 mi SW of,29.625,-83.45833,0.3,0.0,Not present/background
2018-08-24,Sea Oat Island; N of,25.989699,-81.748505,0.5,11333.0,Low
2018-08-24,Keewaydin Island,26.038543,-81.776134,0.5,2178540.0,High
2018-08-24,Don Pedro Island; 7.6 mi W of,26.866,-82.441783,0.5,33667.0,Low
2018-08-24,Manasota Key; 14 mi W of,26.928333,-82.598333,0.5,24333.0,Low
2018-08-24,Bay Dock (Sarasota Bay),27.3316,-82.5779,0.5,0.0,Not present/background
2018-08-24,New Pass Dock (Sarasota Bay),27.33375,-82.57938,0.5,0.0,Not present/background
2018-08-24,Bird Key; 5 mi W of,28.01763,-82.90878,1.2,0.0,Not present/background
2018-08-24,Bird Key; 5 mi W of,28.01763,-82.90878,10.7,0.0,Not present/background
2018-08-24,Honeymoon Island; 9.1 mi W of,28.061,-82.9803,1.3,0.0,Not present/background
2018-08-24,Honeymoon Island; 9.1 mi W of,28.061,-82.9803,11.2,0.0,Not present/background
2018-08-24,Dutchman Key; 17 mi W of,28.16827,-83.1375,1.4,333.0,Not present/background
2018-08-24,Dutchman Key; 17 mi W of,28.16827,-83.1375,17.0,0.0,Not present/background
2018-08-24,Green Key; 41 mi W of,28.26436,-83.424,1.5,0.0,Not present/background
2018-08-24,Green Key; 41 mi W of,28.26436,-83.424,21.1,0.0,Not present/background
2018-08-24,Skeleton Key; 46 mi W of,28.36422,-83.47684,1.5,0.0,Not present/background
2018-08-24,Skeleton Key; 46 mi W of,28.36422,-83.47684,25.2,0.0,Not present/background
2018-08-24,Axe Island; 4.1 mi W of,29.30833,-83.24167,0.3,0.0,Not present/background
2018-08-25,17th Street West; W of (Manatee River),27.53276,-82.64939,0.5,0.0,Not present/background
2018-08-25,Emerson Point Preserve; N of (Terra Ceia Bay),27.542355,-82.63266,0.5,0.0,Not present/background
2018-08-25,Barefoot Bay Pier (Indian River),27.88507,-80.5008,0.5,0.0,Not present/background
2018-08-25,Clearwater Pass; 2 mi W of,27.96995,-82.863633,0.5,1000.0,Not present/background
2018-08-25,Clearwater Beach; 3.3 mi W of,27.987167,-82.883467,0.5,0.0,Not present/background
2018-08-25,Hurricane Pass; 5.3 mi SW of,28.013717,-82.8942,0.5,0.0,Not present/background
2018-08-25,Hurricane Pass; 7 mi W of,28.046917,-82.93275,0.5,0.0,Not present/background
2018-08-25,Honeymoon Island; 1 mi W of,28.064267,-82.8496,0.5,333.0,Not present/background
2018-08-25,Honeymoon Island; 7.7 mi W of,28.07105,-82.96135,0.5,0.0,Not present/background
2018-08-25,Howard Park Beach; 1.2 mi W of,28.150833,-82.825667,0.5,333.0,Not present/background
2018-08-25,South Riverside Drive; E of (Indian River North),28.966,-80.8871,0.3,0.0,Not present/background
2018-08-25,Salt Creek; 2 mi W of,29.682367,-83.500783,0.3,0.0,Not present/background
2018-08-25,Peters Point Beachfront Park,30.598916,-81.441363,0.5,0.0,Not present/background
2018-08-26,Vanderbilt Beach; 12 mi W of,26.26,-82.01,1.5,2516360.0,High
2018-08-26,Bay Pointe Drive; N of (Placida Harbor),26.87415,-82.3144,0.5,131667.0,Medium
2018-08-26,Englewood Beach,26.92465,-82.36177,0.5,3977283.0,High
2018-08-26,Dixie Highway Bridge; E of (Indian River),27.85566,-80.49085,1.0,0.0,Not present/background
2018-08-26,Caladesi Island; 14 mi W of,28.030133,-83.045583,16.5,0.0,Not present/background
2018-08-26,Honeymoon Island; 11 mi W of,28.066567,-83.00715,12.5,0.0,Not present/background
2018-08-26,Tropic; SW of (Indian River),28.1505,-80.635,0.5,0.0,Not present/background
2018-08-26,North Anclote Key; N of,28.226467,-82.8428,0.5,0.0,Not present/background
2018-08-26,Durney Key; 1.2 mi W of,28.286217,-82.771017,0.5,0.0,Not present/background
2018-08-26,Cocoa Beach Golf Course; E of (Banana River),28.31338,-80.6298,0.2,0.0,Not present/background
2018-08-27,South Marco Beach,25.91165,-81.72805,1.0,232000.0,Medium
2018-08-27,Naples Pier,26.13163,-81.8063,1.0,37333.0,Low
2018-08-27,Doctors Pass; N of,26.1745,-81.8152,1.0,3667.0,Very low
2018-08-27,Seagate,26.2073,-81.8169,1.0,0.0,Not present/background
2018-08-27,Vanderbilt Beach,26.25375,-81.82377,1.0,0.0,Not present/background
2018-08-27,Barefoot Beach State Preserve,26.30481,-81.8362,1.0,37667.0,Low
2018-08-27,Buck Key; S of (Blind Pass),26.488,-82.1815,0.2,474810.0,Medium
2018-08-27,York Island; W of (Pine Island Sound),26.4887,-82.1073,0.2,1624293.0,High
2018-08-27,Buck Key; 1.9 mi NE of (Pine Island Sound),26.532117,-82.15667,0.2,808640.0,Medium
2018-08-27,Regla Island; W of (Pine Island Sound),26.538,-82.1257,0.2,333.0,Not present/background
2018-08-27,Coral Drive; canal N of (Redfish Cove),26.547516,-81.962004,0.5,0.0,Not present/background
2018-08-27,Redfish Pass (Pine Island Sound),26.5535,-82.1963,0.2,1333.0,Very low
2018-08-27,Redfish Pass; 1.8 mi E of (Pine Island Sound),26.560417,-82.170817,0.2,241387.0,Medium
2018-08-27,Cork Island; W of (Pine Island Sound),26.5767,-82.1347,0.2,0.0,Not present/background
2018-08-27,Hemp Key; S of (Pine Island Sound),26.5902,-82.1561,0.2,253764.0,Medium
2018-08-27,Captiva Rocks; SW of (Pine Island Sound),26.59925,-82.18463,0.2,24667.0,Low
2018-08-27,Captiva Pass,26.6092,-82.221,0.2,25000.0,Low
2018-08-27,Mondongo Island; W of (Pine Island Sound),26.6798,-82.2196,0.2,59333.0,Low
2018-08-27,Boca Grande Pass; 2.6 mi W of,26.696111,-82.297222,0.5,145635.0,Medium
2018-08-27,Little Bokeelia Island; N of (Charlotte Harbor),26.705,-82.1837,0.2,0.0,Not present/background
2018-08-27,Boca Grande Pass,26.7117,-82.2583,0.2,2667.0,Very low
2018-08-27,Sandfly Key; E of (Gasparilla Sound),26.789,-82.238,0.5,0.0,Not present/background
2018-08-27,Boca Grande Causeway; E of (Gasparilla Sound),26.826,-82.267,0.5,0.0,Not present/background
2018-08-27,Blind Pass Beach,26.96324,-82.38565,0.5,190000.0,Medium
2018-08-27,Manasota Beach,27.01031,-82.41312,0.5,62000.0,Low
2018-08-27,Caspersen Beach,27.05703,-82.4436,0.5,494000.0,Medium
2018-08-27,Brohard Beach,27.06631,-82.448,0.5,410000.0,Medium
2018-08-27,Venice Fishing Pier; N of,27.0735,-82.4515,0.5,116000.0,Medium
2018-08-27,Service Club Park,27.07827,-82.45286,0.5,130000.0,Medium
2018-08-27,Venice Beach,27.10034,-82.46089,0.5,662000.0,Medium
2018-08-27,North Jetty,27.11382,-82.46883,0.5,74000.0,Low
2018-08-27,Nokomis Beach,27.12332,-82.47122,0.5,238000.0,Medium
2018-08-27,Turtle Beach,27.21843,-82.51711,0.5,9280000.0,High
2018-08-27,Siesta Beach,27.26518,-82.5531,0.5,6480000.0,High
2018-08-27,South Lido Park,27.29818,-82.56739,0.5,78000.0,Low
2018-08-27,Lido Beach Casino,27.311,-82.57718,0.5,160000.0,Medium
2018-08-27,North Lido Beach,27.31561,-82.58171,0.5,214000.0,Medium
2018-08-27,Ringling Causeway,27.32682,-82.56244,0.5,10000.0,Very low
2018-08-27,Bay Dock (Sarasota Bay),27.3316,-82.5779,0.5,110000.0,Medium
2018-08-27,New Pass Dock (Sarasota Bay),27.33375,-82.57938,0.5,238000.0,Medium
2018-08-27,Longboat Key Beach,27.37317,-82.63202,0.5,2000.0,Very low
2018-08-27,Longboat Pass Boat Ramp (Sarasota Bay),27.44602,-82.68798,0.5,87473.0,Low
2018-08-27,Bradenton Beach,27.462046,-82.699173,0.5,667.0,Not present/background
2018-08-27,Palma Sola Bay Bridge,27.4959,-82.6522,0.5,0.0,Not present/background
2018-08-27,Mead Point (Lower Tampa Bay),27.51477,-82.68395,0.2,0.0,Not present/background
2018-08-27,School Key; NE of (Lower Tampa Bay),27.529833,-82.704,0.2,1667.0,Very low
2018-08-27,Anna Maria Island Rod & Reel Pier (Lower Tampa Bay),27.5385,-82.7402,0.5,210150.0,Medium
2018-08-27,Fletcher Point (Lower Tampa Bay),27.58512,-82.61482,0.5,0.0,Not present/background
2018-08-27,South Skyway Rest Area; NW of (Lower Tampa Bay),27.587433,-82.61895,0.2,0.0,Not present/background
2018-08-27,South Skyway Causeway; NE end of (Lower Tampa Bay),27.59275,-82.629067,0.2,1667.0,Very low
2018-08-27,Joe Island; N of (Lower Tampa Bay),27.595514,-82.5912,0.2,0.0,Not present/background
2018-08-27,Skyway Fishing Pier; South (Lower Tampa Bay),27.6055,-82.6508,0.5,14000.0,Low
2018-08-27,Mullet Key; Gulf Pier,27.6133,-82.7391,0.5,428333.0,Medium
2018-08-27,Little Redfish Creek; 1.1 mi NW of (Lower Tampa Bay),27.632617,-82.5782,0.2,333.0,Not present/background
2018-08-27,Pass-a-Grille North Channel; 9.4 mi W of,27.68085,-82.891867,0.5,1624122.0,High
2018-08-27,Pass-a-Grille North Channel; 9.7 mi W of,27.681917,-82.896633,0.5,283383.0,Medium
2018-08-27,Pass-a-Grille; 18 mi W of,27.68605,-83.030833,0.5,0.0,Not present/background
2018-08-27,FWRI Peninsula; SE tip of (Bayboro Harbor),27.759803,-82.631267,0.5,0.0,Not present/background
2018-08-27,FWRI Peninsula; SE tip of (Bayboro Harbor),27.759803,-82.631267,6.0,333.0,Not present/background
2018-08-27,La Contessa Pier,27.8121,-82.81915,0.5,333.0,Not present/background
2018-08-27,Davis Island Yacht Club (Hillsborough Bay),27.907467,-82.448883,0.5,0.0,Not present/background
2018-08-27,Columbia Drive Bridge; N of (Hillsborough Bay),27.9391,-82.461167,0.5,0.0,Not present/background
2018-08-27,Clearwater Pass,27.96035,-82.8243,0.5,667.0,Not present/background
2018-08-27,Clearwater Pass; E of (Clearwater Harbor),27.961342,-82.817069,3.0,1000.0,Not present/background
2018-08-27,Honeymoon Island State Park; South Beach,28.0586,-82.8267,0.5,0.0,Not present/background
2018-08-27,Diamond Bay (Banana River),28.35034,-80.61298,0.5,0.0,Not present/background
2018-08-27,Gun Point Key; W of,28.4405,-82.69,0.5,0.0,Not present/background
2018-08-27,Rock Island; NW of,28.82472,-82.74168,0.1,0.0,Not present/background
2018-08-27,Sunrise Park (Halifax River),29.249513,-81.03647,1.0,0.0,Not present/background
2018-08-27,Rattlesnake Island; N of (Matanzas River),29.7194,-81.2458,0.3,0.0,Not present/background
2018-08-28,Merwin Key; W of (San Carlos Bay),26.500278,-82.0475,0.2,4778.0,Very low
2018-08-28,Caloosahatchee; mouth of,26.521167,-82.037833,0.2,0.0,Not present/background
2018-08-28,McCardle Island; SW of (Matlacha Pass),26.5857,-82.0645,0.2,0.0,Not present/background
2018-08-28,Jug Creek Point; E of (Matlacha Pass),26.7003,-82.1208,0.2,0.0,Not present/background
2018-08-28,Boca Grande Pass,26.7117,-82.2583,0.2,2667.0,Very low
2018-08-28,Cayo Pelau; 2 mi S of (Charlotte Harbor),26.74065,-82.2145,0.2,0.0,Not present/background
2018-08-28,Bull Key; NW of (Bull Bay),26.782417,-82.209383,0.2,0.0,Not present/background
2018-08-28,Cayo Pelau; N of (Gasparilla Sound),26.786021,-82.223062,0.2,0.0,Not present/background
2018-08-28,Sandfly Key; NE of (Gasparilla Sound),26.798,-82.231,0.2,0.0,Not present/background
2018-08-28,Gasparilla Pass,26.816167,-82.2805,0.2,6667.0,Very low
2018-08-28,Catfish Creek; mouth of (Gasparilla Sound),26.8164,-82.2526,0.2,2667.0,Very low
2018-08-28,Hog Island; S of (Charlotte Harbor),26.911667,-82.158833,0.2,0.0,Not present/background
2018-08-28,Venice Pier,27.07254,-82.452882,0.3,56000.0,Low
2018-08-28,Venice Beach,27.099827,-82.460928,0.3,81667.0,Low
2018-08-28,St. Armands Key; N of (Pansy Bayou),27.3225,-82.5803,0.5,2000.0,Very low
2018-08-28,Bay Dock (Sarasota Bay),27.3316,-82.5779,0.5,8000.0,Very low
2018-08-28,Marina Jack (Sarasota Bay),27.3324,-82.5462,0.5,667.0,Not present/background
2018-08-28,New Pass Dock (Sarasota Bay),27.33375,-82.57938,0.5,14000.0,Low
2018-08-28,New Pass Dock (Sarasota Bay),27.33375,-82.57938,0.5,110667.0,Medium
2018-08-28,Atlas Street; W of,27.4003,-82.6515,0.5,0.0,Not present/background
2018-08-28,North Shore Road Pier,27.4362,-82.69012,0.5,2667.0,Very low
2018-08-28,Mullet Key; 28 mi W of,27.640833,-83.199333,0.5,0.0,Not present/background
2018-08-28,North Redington Beach; 17 mi W of,27.81475,-83.101367,0.5,0.0,Not present/background
2018-08-28,Redington Shores Beach; 13 mi W of,27.830383,-83.048017,0.5,667.0,Not present/background
2018-08-28,Indian Shores Beach; 11 mi W of,27.859817,-83.0277,0.5,12000.0,Low
2018-08-28,Clearwater Pass; W of,27.971944,-82.843333,0.5,1333.0,Very low
2018-08-28,Harbor Island; E of (Clearwater Harbor),27.991944,-82.814167,0.5,333.0,Not present/background
2018-08-28,Beach Woods Pier (Indian River),28.02968,-80.54599,1.0,0.0,Not present/background
2018-08-28,Geiger Point; Melbourne Causeway at (Indian River),28.08245,-80.59505,0.2,0.0,Not present/background
2018-08-28,Eau Gallie Pier (Indian River),28.13248,-80.62418,0.2,0.0,Not present/background
2018-08-28,Hawksbill Island Drive; canal E of (Banana River),28.198262,-80.612495,0.5,0.0,Not present/background
2018-08-28,Ramp Road Park Boat Ramp (Banana River),28.309033,-80.614283,0.2,0.0,Not present/background
2018-08-28,520 Slick Boat Ramp (Banana River),28.357133,-80.62844,0.2,0.0,Not present/background
2018-08-28,Kelly Park (Banana River),28.4017,-80.66245,0.2,0.0,Not present/background
2018-08-28,Port St. John Boat Ramp (Indian River),28.475083,-80.766533,0.2,0.0,Not present/background
2018-08-28,Round Island; 3 mi W of,28.514533,-82.73455,0.5,0.0,Not present/background
2018-08-28,Centipede Bay; 4.9 mi W of,28.516317,-82.7489,0.5,0.0,Not present/background
2018-08-28,NASA Causeway; SE side of (Indian River),28.52641,-80.7391,0.2,0.0,Not present/background
2018-08-28,NASA Causeway; N of (Indian River),28.52811,-80.76569,0.5,0.0,Not present/background
2018-08-28,Rock Island; 7.7 mi W of,28.564917,-82.78085,0.5,0.0,Not present/background
2018-08-28,Menzo Park; 1.1 mi E of (Indian River),28.5808,-80.7806,0.5,0.0,Not present/background
2018-08-28,Space View Park; SE of (Indian River),28.60796,-80.79474,0.5,0.0,Not present/background
2018-08-28,Parrish Park Boat Ramp (Indian River),28.62365,-80.795517,0.2,0.0,Not present/background
2018-08-28,Black Point; 1.2 mi NW of (Indian River),28.69283,-80.80489,0.5,0.0,Not present/background
2018-08-28,Pardon Island; 1.8 mi W of (Mosquito Lagoon),28.7645,-80.76573,0.5,0.0,Not present/background
2018-08-28,Bird Island; 1.5 mi NW of (Mosquito Lagoon),28.81952,-80.79941,0.5,0.0,Not present/background
2018-08-28,East Halifax Avenue; S of (Mosquito Lagoon),28.86552,-80.83251,0.5,0.0,Not present/background
2018-08-28,Cedar Island; N of (Cedar Creek),28.95616,-80.85202,0.5,0.0,Not present/background
2018-08-28,Ranken Drive; E of (Mosquito Lagoon),28.95677,-80.88196,0.5,0.0,Not present/background
2018-08-28,Piney Point; 1.2 mi N of  (Choctawhatchee Bay),30.427583,-86.487306,0.5,0.0,Not present/background
2018-08-28,Motes Point; S of (Choctawhatchee Bay),30.444917,-86.184194,0.5,0.0,Not present/background
2018-08-29,Cape Romano; S of (Gullivan Bay),25.844,-81.678,0.2,0.0,Not present/background
2018-08-29,Round Key; N of (Fakahatchee Pass),25.851667,-81.524667,0.2,0.0,Not present/background
2018-08-29,Coon Key; S of (Gullivan Bay),25.8815,-81.632167,0.2,0.0,Not present/background
2018-08-29,Shell Key; S of (Gullivan Bay),25.891667,-81.608833,0.2,0.0,Not present/background
2018-08-29,Vanderbilt Beach: W of,26.236944,-81.834444,0.1,3333.0,Very low
2018-08-29,Vanderbilt Beach: 6.8 mi W of,26.253889,-81.933056,0.1,1165080.0,High
2018-08-29,Bonita Beach Park,26.33105,-81.84574,0.5,41000.0,Low
2018-08-29,Lovers Key State Park,26.3901,-81.8795,0.5,17667.0,Low
2018-08-29,Tarpon Bay Road Beach,26.4217,-82.0801,0.5,10709160.0,High
2018-08-29,Lighthouse Beach,26.45157,-82.01543,0.5,19044480.0,High
2018-08-29,Lynn Hall Park,26.45398,-81.95776,0.5,120667.0,Medium
2018-08-29,Alison Hagerup Beach Park,26.5264,-82.1945,0.5,2000317.0,High
2018-08-29,Boca Grande Pier (Gasparilla Sound),26.80562,-82.27415,0.5,61333.0,Low
2018-08-29,Juno Beach Fishing Pier,26.893715,-80.0542,0.5,0.0,Not present/background
2018-08-29,Englewood Beach,26.92467,-82.36189,0.5,1393217.0,High
2018-08-29,Bay Dock (Sarasota Bay),27.3316,-82.5779,0.5,301000.0,Medium
2018-08-29,New Pass Dock (Sarasota Bay),27.33375,-82.57938,0.5,112000.0,Medium
2018-08-29,Mullet Key; Gulf Pier,27.6133,-82.7391,0.5,231667.0,Medium
2018-08-29,Mullet Key; 23 mi W of,27.631467,-83.109283,0.5,0.0,Not present/background
2018-08-29,Bunces Pass; 41 mi W of,27.64966,-83.410366,0.5,22.0,Not present/background
2018-08-29,Bunces Pass; 41 mi W of,27.64966,-83.410366,17.0,1.0,Not present/background
2018-08-29,Bunces Pass; 41 mi W of,27.64966,-83.410366,34.0,0.0,Not present/background
2018-08-29,Bunces Pass; 31 mi W of,27.64966,-83.2474,0.5,0.0,Not present/background
2018-08-29,Bunces Pass; 31 mi W of,27.64966,-83.2474,15.7,0.0,Not present/background
2018-08-29,Bunces Pass; 31 mi W of,27.64966,-83.2474,30.1,3.0,Not present/background
2018-08-29,Bunces Pass; 21 mi W of,27.64966,-83.084434,0.5,0.0,Not present/background
2018-08-29,Bunces Pass; 21 mi W of,27.64966,-83.084434,10.1,0.0,Not present/background
2018-08-29,Bunces Pass; 21 mi W of,27.64966,-83.084434,20.1,2.0,Not present/background
2018-08-29,Bunces Pass; 11 mi W of,27.64966,-82.921468,0.5,59000.0,Low
2018-08-29,Bunces Pass; 11 mi W of,27.64966,-82.921468,12.4,394747.0,Medium
2018-08-29,Bunces Pass; 5.8 mi W of,27.64966,-82.84019,0.5,1422288.0,High
2018-08-29,Bunces Pass; 5.8 mi W of,27.64966,-82.84019,6.4,229000.0,Medium
2018-08-29,Redington Beach,27.80855,-82.81305,0.5,67333.0,Low
2018-08-29,Pine Island; 18 mi W of,28.583333,-82.953333,0.5,0.0,Not present/background
2018-08-29,Lemon Grove Island; 6 mi W of,28.595,-82.765,0.5,0.0,Not present/background
2018-08-29,Harbor Pointe Marina (Indian River),28.615731,-80.802278,0.5,0.0,Not present/background
2018-08-29,Bird Island; W of (Chassahowitzka Bay),28.675,-82.69167,0.3,0.0,Not present/background
2018-08-29,Blacks Island; S of (St. Joseph Bay),29.7024,-85.3339,0.5,0.0,Not present/background
2018-08-29,Mid-St. Joseph Bay,29.7848,-85.347,0.5,333.0,Not present/background
2018-08-29,Eagle Harbor; N of (St. Joseph Bay),29.7895,-85.3983,0.5,0.0,Not present/background
2018-08-29,Patton Bayou; W of (St. Joseph Bay),29.7987,-85.3045,0.5,0.0,Not present/background
2018-08-29,St. Joseph Point; SW of (St. Joseph Bay),29.8684,-85.3925,0.5,0.0,Not present/background
2018-08-29,Tyndall AFB; W of (St. Andrew Bay),30.0768,-85.6222,0.5,0.0,Not present/background
2018-08-29,Spanish Ante; E of (St. Andrew Bay),30.09017,-85.66658,0.5,0.0,Not present/background
2018-08-29,Davis Point; SE of (St. Andrew Bay),30.11367,-85.682,0.5,0.0,Not present/background
2018-08-29,Redfish Point; SW of (St. Andrew Bay),30.136333,-85.67683,0.5,0.0,Not present/background
2018-08-29,Delwood Beach (St. Andrew Bay),30.1415,-85.7125,0.5,0.0,Not present/background
2018-08-29,Navarre Pier,30.376,-86.8631,0.5,0.0,Not present/background
2018-08-30,Redfish Pass; 3.6 mi W of,25.5524,-82.25832,4.5,2666.0,Very low
2018-08-30,Pavilion Key; 9.2 mi SW of,25.6161,-81.4735,0.2,0.0,Not present/background
2018-08-30,Pavilion Key; 5.8 mi SW of,25.6379,-81.4241,0.2,0.0,Not present/background
2018-08-30,Pavilion Key; 2.9 mi SW of,25.6614,-81.3856,0.2,0.0,Not present/background
2018-08-30,Pavilion Key; SW of,25.6817,-81.3579,0.2,0.0,Not present/background
2018-08-30,South Marco Beach,25.91165,-81.72805,0.5,0.0,Not present/background
2018-08-30,Naples Pier,26.13163,-81.8063,0.5,0.0,Not present/background
2018-08-30,Seagate,26.2073,-81.8169,0.5,0.0,Not present/background
2018-08-30,Vanderbilt Beach,26.25375,-81.82377,0.5,0.0,Not present/background
2018-08-30,Barefoot Beach State Preserve,26.30481,-81.8362,0.5,490350.0,Medium
2018-08-30,Big Carlos Pass; SW of,26.388992,-81.900344,0.5,29667.0,Low
2018-08-30,Bowmans Beach; 6.9 mi SW of,26.3968,-82.2407,11.3,61667.0,Low
2018-08-30,Bowmans Beach; 6.9 mi SW of,26.3968,-82.2407,0.5,2194900.0,High
2018-08-30,Bay Beach Lane; S of (Estero Bay),26.408111,-81.884959,0.5,326900.0,Medium
2018-08-30,Sanibel Rocks; S of,26.4269,-82.1345,4.9,199667.0,Medium
2018-08-30,Sanibel Rocks; S of,26.4269,-82.1345,0.5,800660.0,Medium
2018-08-30,Blind Pass; 2.8 mi W of,26.4866,-82.2282,8.5,30000.0,Low
2018-08-30,Blind Pass; 2.8 mi W of,26.4866,-82.2282,0.5,2825350.0,High
2018-08-30,Turner Beach,26.4964,-82.1883,0.5,667.0,Not present/background
2018-08-30,Osprey Way Drive; N of (Roosevelt Channel),26.5,-82.1846,0.5,7389480.0,High
2018-08-30,Captiva Island; W of,26.5117,-82.206,5.2,9667.0,Very low
2018-08-30,Captiva Island; W of,26.5117,-82.206,0.5,40000.0,Low
2018-08-30,Redfish Pass; 3.6 mi W of,26.5524,-82.25832,1.1,391680.0,Medium
2018-08-30,Redfish Pass; E of (Pine Island Sound),26.55523,-82.19431,1.5,9733.0,Very low
2018-08-30,Foster Bay; NE of (Pine Island Sound),26.58869,-82.1917,1.8,16333.0,Low
2018-08-30,Captiva Pass; 29 mi W of,26.59518,-82.6962,1.3,0.0,Not present/background
2018-08-30,Captiva Pass; 29 mi W of,26.59518,-82.6962,12.0,0.0,Not present/background
2018-08-30,Captiva Pass; 29 mi W of,26.59518,-82.6962,25.0,0.0,Not present/background
2018-08-30,Captiva Pass; 1.1 mi E of (Pine Island Sound),26.6179,-82.20469,1.5,2667.0,Very low
2018-08-30,Whoopee Island; NW of (Pine Island Sound),26.66562,-82.22031,1.6,33333.0,Low
2018-08-30,Cayo Costa; 19 mi W of,26.67026,-82.55893,1.6,8667.0,Very low
2018-08-30,Cayo Costa; 19 mi W of,26.67026,-82.55893,10.0,2667.0,Very low
2018-08-30,Cayo Costa; 19 mi W of,26.67026,-82.55893,20.3,5333.0,Very low
2018-08-30,Boca Grande Pass (Charlotte Harbor),26.71294,-82.24562,1.6,14000.0,Low
2018-08-30,Boca Grande; 9.6 mi W of,26.74121,-82.41985,1.7,680960.0,Medium
2018-08-30,Boca Grande; 9.6 mi W of,26.74121,-82.41985,9.0,119000.0,Medium
2018-08-30,Boca Grande; 9.6 mi W of,26.74121,-82.41985,15.6,12000.0,Low
2018-08-30,Devilfish Key; W of (Gasparilla Sound),26.77007,-82.24463,1.4,1667.0,Very low
2018-08-30,Gasparilla Pass; 4.7 mi SW of,26.77716,-82.35025,1.1,1159760.0,High
2018-08-30,Gasparilla Pass; 4.7 mi SW of,26.77716,-82.35025,5.0,347000.0,Medium
2018-08-30,Gasparilla Pass; 4.7 mi SW of,26.77716,-82.35025,11.4,979000.0,Medium
2018-08-30,Manasota Beach,27.0116,-82.4138,0.5,1667.0,Very low
2018-08-30,Brohard Paw Park Beach,27.0671,-82.4486,0.5,0.0,Not present/background
2018-08-30,Bay Dock (Sarasota Bay),27.3316,-82.5779,0.5,212000.0,Medium
2018-08-30,New Pass Dock (Sarasota Bay),27.33375,-82.57938,0.5,286000.0,Medium
2018-08-30,Clearwater Beach Pier 60,27.9777,-82.8323,0.5,333.0,Not present/background
2018-08-30,Titan III Road; S of (Banana River),28.518513,-80.587279,0.5,0.0,Not present/background
2018-08-30,Titan III Road; N of,28.51926,-80.586576,0.5,0.0,Not present/background
2018-08-30,Patrol Road; N of,28.527344,-80.583948,0.5,0.0,Not present/background
2018-08-30,Indian Creek Road; canal N of (Indian River North),28.898497,-80.858084,1.0,0.0,Not present/background
2018-08-30,George R. Kennedy Memorial Park (Indian River North),28.993688,-80.903086,1.0,0.0,Not present/background
2018-08-30,Flagler Beach,29.469183,-81.121197,0.3,0.0,Not present/background
2018-08-30,Betty Steflik Memorial Preserve (Matanzas River),29.47785,-81.136565,0.3,0.0,Not present/background
2018-08-30,Millender Street; S of (St. George Sound),29.7301,-84.88478,0.1,0.0,Not present/background
2018-08-30,Princess Beach; 1.6 mi S of,30.365167,-86.54485,0.1,0.0,Not present/background
2018-08-30,Brooks Bridge; E of (Santa Rosa Sound),30.400667,-86.599967,0.1,0.0,Not present/background
2018-08-31,Aquamarina Palm Harbour (Lemon Bay),26.870556,-82.310556,0.5,0.0,Not present/background
2018-08-31,Ainger Creek Park; canal W of (Ainger Creek),26.929758,-82.337029,0.5,0.0,Not present/background
2018-08-31,Cherokee Lane; S of (Lemon Bay),26.960556,-82.363611,0.5,0.0,Not present/background
2018-08-31,Lemon Bay Park (Lemon Bay),26.972778,-82.375278,0.5,0.0,Not present/background
2018-08-31,Goya Drive; canal S of (Blackburn Bay),27.15463,-82.47065,0.5,0.0,Not present/background
2018-08-31,Blackburn Point Park Pier (Little Sarasota Bay),27.1812,-82.49552,0.5,0.0,Not present/background
2018-08-31,Bay Dock (Sarasota Bay),27.3316,-82.5779,0.5,546000.0,Medium
2018-08-31,New Pass Dock (Sarasota Bay),27.33375,-82.57938,0.5,26000.0,Low
2018-08-31,St. Petersburg Municipal Beach,27.768569,-82.780097,0.5,112000.0,Medium
2018-09-01,Marker 88 Beach (Florida Bay),24.97162,-80.55813,0.1,0.0,Not present/background
2018-09-01,Key Vista Nature Park (Anclote Anchorage),28.198431,-82.787136,0.5,0.0,Not present/background
2018-09-01,Cedar Point; 9.9 mi W of,28.515117,-82.830883,0.5,0.0,Not present/background
2018-09-01,Cedar Point; 9.9 mi W of,28.515117,-82.830883,3.1,0.0,Not present/background
2018-09-01,Pine Island; 7.7 mi W of,28.562633,-82.784167,0.5,0.0,Not present/background
2018-09-01,Pine Island; 7.7 mi W of,28.562633,-82.784167,2.4,0.0,Not present/background
2018-09-02,Sirenia Vista Canoe & Kayak Launch,26.64413,-82.05578,1.0,0.0,Not present/background
2018-09-02,North Shore Park (Caloosahatchee River),26.6573,-81.8829,1.0,0.0,Not present/background
2018-09-02,Manasota Beach,27.012501,-82.414336,0.5,62333.0,Low
2018-09-02,Manasota Beach; NW of,27.020943,-82.419409,0.5,667.0,Not present/background
2018-09-02,Barefoot Bay Pier (Indian River),27.88507,-80.5008,0.5,0.0,Not present/background
2018-09-02,Hurricane Pass; 12 mi W of,28.04745,-83.0118,0.5,62667.0,Low
2018-09-02,Hurricane Pass; 12 mi W of,28.04745,-83.0118,12.2,213667.0,Medium
2018-09-02,Tropic; SW of (Indian River),28.1505,-80.635,0.5,0.0,Not present/background
2018-09-03,Ainger Creek Park,26.930165,-82.33593,0.1,1000.0,Not present/background
2018-09-03,Venice Beach,27.109638,-82.465156,0.1,0.0,Not present/background
2018-09-03,Venice Inlet; S of,27.111028,-82.465587,0.1,0.0,Not present/background
2018-09-03,Sandsprit Park Boat Ramp (Manatee Pocket),27.162256,-80.1939,0.7,0.0,Not present/background
2018-09-03,Indian Riverside Park Pier (Indian River),27.224761,-80.211264,0.7,0.0,Not present/background
2018-09-03,Bay Dock (Sarasota Bay),27.3316,-82.5779,0.5,262000.0,Medium
2018-09-03,New Pass Dock (Sarasota Bay),27.33375,-82.57938,0.5,86000.0,Low
2018-09-03,East Midway Road; N of (Indian River),27.38745,-80.2971,0.5,0.0,Not present/background
2018-09-03,Indian River Veterans Memorial Park Boat Ramp (Indian River),27.451811,-80.322742,1.0,0.0,Not present/background
2018-09-03,Harbor Pointe Marina (Indian River),28.615731,-80.802278,0.5,0.0,Not present/background
2018-09-04,Sawyer Key; 2 mi NW of,24.769483,-81.601017,0.2,0.0,Not present/background
2018-09-04,Sawyer Key; 3.2 mi NW of,24.78372,-81.61275,0.2,0.0,Not present/background
2018-09-04,Sawyer Key; 5.1 mi NW of,24.79875,-81.638667,0.2,0.0,Not present/background
2018-09-04,Sawyer Key; 7 mi NW of,24.811917,-81.664667,0.2,0.0,Not present/background
2018-09-04,South Marco Beach,25.91165,-81.72805,0.5,0.0,Not present/background
2018-09-04,Naples Pier,26.13163,-81.8063,0.5,0.0,Not present/background
2018-09-04,Seagate,26.2073,-81.8169,0.5,0.0,Not present/background
2018-09-04,Vanderbilt Beach,26.25375,-81.82377,0.5,0.0,Not present/background
2018-09-04,Barefoot Beach State Preserve,26.30481,-81.8362,0.5,0.0,Not present/background
2018-09-04,Carl Johnson Park Boat Ramp (Estero Bay),26.3936,-81.8655,0.5,569772.0,Medium
2018-09-04,Coon Key; N of (Estero Bay),26.4287,-81.8832,0.5,5849340.0,High
2018-09-04,Estero River; mouth of (Estero Bay),26.4294,-81.858,0.5,17667.0,Low
2018-09-04,Estero River; upstream,26.43861,-81.84,0.5,0.0,Not present/background
2018-09-04,Mound House Dock (Estero Bay),26.4462,-81.9272,0.5,348953.0,Medium
2018-09-04,Sanibel Lighthouse,26.453923,-82.01401,0.5,2085933.0,High
2018-09-04,Blind Pass Beach (Blind Pass),26.48252,-82.182295,0.5,443650.0,Medium
2018-09-04,Boca Grande Pass,26.7117,-82.2583,0.2,3000.0,Very low
2018-09-04,Cayo Pelau; 2 mi S of (Charlotte Harbor),26.74065,-82.2145,0.2,0.0,Not present/background
2018-09-04,Burnt Store Marina (Charlotte Harbor),26.7614,-82.0611,0.5,0.0,Not present/background
2018-09-04,Bull Key; NW of (Bull Bay),26.782417,-82.209383,0.2,0.0,Not present/background
2018-09-04,Cayo Pelau; N of (Gasparilla Sound),26.786021,-82.223062,0.2,0.0,Not present/background
2018-09-04,Sandfly Key; NE of (Gasparilla Sound),26.798,-82.231,0.2,0.0,Not present/background
2018-09-04,Gasparilla Pass,26.816167,-82.2805,0.2,0.0,Not present/background
2018-09-04,Catfish Creek; mouth of (Gasparilla Sound),26.8164,-82.2526,0.2,0.0,Not present/background
2018-09-04,Punta Gorda Boat Ramp (Charlotte Harbor),26.9092,-82.0953,0.5,0.0,Not present/background
2018-09-04,Blind Pass Beach,26.96324,-82.38565,0.5,926000.0,Medium
2018-09-04,Manasota Beach,27.01031,-82.41312,0.5,40000.0,Low
2018-09-04,Caspersen Beach,27.05703,-82.4436,0.5,14000.0,Low
2018-09-04,Brohard Beach,27.06631,-82.448,0.5,26000.0,Low
2018-09-04,Venice Fishing Pier; N of,27.0735,-82.4515,0.5,8000.0,Very low
2018-09-04,Service Club Park,27.07827,-82.45286,0.5,4000.0,Very low
2018-09-04,Venice Beach,27.10034,-82.46089,0.5,0.0,Not present/background
2018-09-04,North Jetty,27.11382,-82.46883,0.5,4000.0,Very low
2018-09-04,Nokomis Beach,27.12332,-82.47122,0.5,4000.0,Very low
2018-09-04,Turtle Beach,27.21843,-82.51711,0.5,260000.0,Medium
2018-09-04,Siesta Beach,27.26518,-82.5531,0.5,138000.0,Medium
2018-09-04,South Lido Park,27.29818,-82.56739,0.5,390000.0,Medium
2018-09-04,Lido Beach Casino,27.311,-82.57718,0.5,30000.0,Low
2018-09-04,North Lido Beach,27.31561,-82.58171,0.5,46000.0,Low
2018-09-04,Ringling Causeway,27.32682,-82.56244,0.5,8000.0,Very low
2018-09-04,Bay Dock (Sarasota Bay),27.3316,-82.5779,0.5,142000.0,Medium
2018-09-04,New Pass Dock (Sarasota Bay),27.33375,-82.57938,0.5,332000.0,Medium
2018-09-04,Longboat Key Beach,27.37317,-82.63202,0.5,18000.0,Low
2018-09-04,Longboat Pass Boat Ramp (Sarasota Bay),27.44602,-82.68798,0.5,253737.0,Medium
2018-09-04,Cortez Beach,27.459546,-82.698253,0.5,190667.0,Medium
2018-09-04,Palma Sola Bay Bridge,27.4959,-82.6522,0.5,667.0,Not present/background
2018-09-04,Mead Point (Lower Tampa Bay),27.51477,-82.68395,0.2,10333.0,Low
2018-09-04,School Key; NE of (Lower Tampa Bay),27.529833,-82.704,0.2,237804.0,Medium
2018-09-04,Anna Maria Island Rod & Reel Pier (Lower Tampa Bay),27.5385,-82.7402,0.5,24000.0,Low
2018-09-04,Emerson Point Preserve Dock; NE of (Terra Ceia Bay),27.5395,-82.6285,0.2,8667.0,Very low
2018-09-04,Fletcher Point (Lower Tampa Bay),27.58512,-82.61482,0.5,0.0,Not present/background
2018-09-04,South Skyway Rest Area; NW of (Lower Tampa Bay),27.587433,-82.61895,0.2,333.0,Not present/background
2018-09-04,South Skyway Causeway; NE end of (Lower Tampa Bay),27.59275,-82.629067,0.2,3889.0,Very low
2018-09-04,Joe Island; N of (Lower Tampa Bay),27.595514,-82.5912,0.2,1333.0,Very low
2018-09-04,Skyway Fishing Pier; South (Lower Tampa Bay),27.6055,-82.6508,0.5,5333.0,Very low
2018-09-04,Mullet Key; Gulf Pier,27.6133,-82.7391,0.5,31333.0,Low
2018-09-04,Little Redfish Creek; 1.1 mi NW of (Lower Tampa Bay),27.632617,-82.5782,0.2,2667.0,Very low
2018-09-04,FWRI Peninsula; SE tip of (Bayboro Harbor),27.759803,-82.631267,0.5,0.0,Not present/background
2018-09-04,FWRI Peninsula; SE tip of (Bayboro Harbor),27.759803,-82.631267,6.0,0.0,Not present/background
2018-09-04,La Contessa Pier,27.8121,-82.81915,0.5,209760.0,Medium
2018-09-04,15th Avenue; boat ramp E of (ICW),27.8972,-82.843435,0.5,667.0,Not present/background
2018-09-04,Indian Rocks Beach,27.901591,-82.849364,0.5,0.0,Not present/background
2018-09-04,Clearwater Pass,27.96035,-82.8243,0.5,81000.0,Low
2018-09-04,Beach Woods Pier (Indian River),28.02968,-80.54599,0.5,0.0,Not present/background
2018-09-04,Howard Park Causeway; S of (St. Joseph Sound),28.152951,-82.800356,1.0,0.0,Not present/background
2018-09-04,Anclote Gulf Park Pier (Anclote Anchorage),28.1925,-82.7881,1.0,0.0,Not present/background
2018-09-04,Green Key Beach,28.253559,-82.757403,1.0,0.0,Not present/background
2018-09-04,Diamond Bay (Banana River),28.35034,-80.61298,0.5,0.0,Not present/background
2018-09-04,Hudson Beach Park,28.3628,-82.7095,1.0,0.0,Not present/background
2018-09-04,Compass Point; 1.7 mi SW of (Waccasassa Bay),29.14167,-82.85833,0.3,0.0,Not present/background
2018-09-04,Earl Gilbert Park Boat Ramp (East Bay),30.10516,-85.60401,0.5,0.0,Not present/background
2018-09-04,"Lisenby Avenue, S of (St. Andrew Bay)",30.162239,-85.683532,0.5,7333.0,Very low
2018-09-04,Pensacola Beach Pier,30.3273,-87.1419,1.0,0.0,Not present/background
2018-09-04,Navarre Pier,30.376,-86.8631,0.5,0.0,Not present/background
2018-09-05,Fakahatchee Bay,25.8922,-81.477,0.5,0.0,Not present/background
2018-09-05,Faka Union Bay,25.9005,-81.5159,0.5,0.0,Not present/background
2018-09-05,Pumpkin Bay,25.9141,-81.5404,0.5,0.0,Not present/background
2018-09-05,Blackwater River; mouth of,25.9343,-81.5946,0.5,0.0,Not present/background
2018-09-05,Bonita Beach Park,26.33105,-81.84574,0.5,0.0,Not present/background
2018-09-05,Lovers Key State Park,26.3901,-81.8795,0.5,25667.0,Low
2018-09-05,Tarpon Bay Road Beach,26.4217,-82.0801,0.5,306432.0,Medium
2018-09-05,Lighthouse Beach,26.45157,-82.01543,0.5,1393217.0,High
2018-09-05,Lynn Hall Park,26.45398,-81.95776,0.5,199253.0,Medium
2018-09-05,Alison Hagerup Beach Park,26.5264,-82.1945,0.5,333.0,Not present/background
2018-09-05,Redfish Pass; 3.4 mi W of,26.55315,-82.25539,1.5,39333.0,Low
2018-09-05,Redfish Pass; 3.4 mi W of,26.55315,-82.25539,9.6,9333.0,Very low
2018-09-05,Redfish Pass (Pine Island Sound),26.5535,-82.1963,0.2,355439.0,Medium
2018-09-05,Redfish Pass; E of (Pine Island Sound),26.55489,-82.19518,1.5,153667.0,Medium
2018-09-05,Redfish Pass; 8 mi W of,26.55914,-82.3314,0.5,1491240.0,High
2018-09-05,Redfish Pass; 8 mi W of,26.55914,-82.3314,12.0,3333.0,Very low
2018-09-05,Redfish Pass; 1.8 mi E of (Pine Island Sound),26.560417,-82.170817,0.2,34667.0,Low
2018-09-05,Cork Island; W of (Pine Island Sound),26.5767,-82.1347,0.2,194333.0,Medium
2018-09-05,Foster Bay; NE of (Pine Island Sound),26.58809,-82.19176,1.4,60333.0,Low
2018-09-05,Hemp Key; S of (Pine Island Sound),26.5902,-82.1561,0.2,163667.0,Medium
2018-09-05,Captiva Pass; 29 mi W of,26.59564,-82.69575,1.5,0.0,Not present/background
2018-09-05,Captiva Pass; 29 mi W of,26.59564,-82.69575,13.0,3333.0,Very low
2018-09-05,Captiva Pass; 29 mi W of,26.59564,-82.69575,26.2,10000.0,Very low
2018-09-05,Captiva Rocks; SW of (Pine Island Sound),26.59925,-82.18463,0.2,2568500.0,High
2018-09-05,Captiva Pass,26.6092,-82.221,0.2,1149339.0,High
2018-09-05,Captiva Pass; 1.1 mi E of (Pine Island Sound),26.61668,-82.20524,1.1,137513.0,Medium
2018-09-05,Whoopee Island; NW of (Pine Island Sound),26.66545,-82.22029,1.4,527710.0,Medium
2018-09-05,Cayo Costa; 19 mi W of,26.66859,-82.55904,1.5,10333.0,Low
2018-09-05,Cayo Costa; 19 mi W of,26.66859,-82.55904,10.0,27333.0,Low
2018-09-05,Cayo Costa; 19 mi W of,26.66859,-82.55904,19.7,333.0,Not present/background
2018-09-05,Boca Grande Pass (Charlotte Harbor),26.71343,-82.24923,1.3,55991.0,Low
2018-09-05,Boca Grande; 10 mi W of,26.7411,-82.41967,1.6,496577.0,Medium
2018-09-05,Boca Grande; 10 mi W of,26.7411,-82.41967,10.1,4666.0,Very low
2018-09-05,Boca Grande; 10 mi W of,26.7411,-82.41967,15.2,0.0,Not present/background
2018-09-05,Devilfish Key; W of (Gasparilla Sound),26.76713,-82.24539,1.2,667.0,Not present/background
2018-09-05,Gasparilla Pass; 4.7 mi SW of,26.7778,-82.34949,1.6,126000.0,Medium
2018-09-05,Gasparilla Pass; 4.7 mi SW of,26.7778,-82.34949,7.0,23666.0,Low
2018-09-05,Gasparilla Pass; 4.7 mi SW of,26.7778,-82.34949,12.4,0.0,Not present/background
2018-09-05,Boca Grande Pier (Gasparilla Sound),26.80562,-82.27415,0.5,6333.0,Very low
2018-09-05,Stump Pass; SE of,26.883333,-82.333333,0.5,6017214.0,High
2018-09-05,Juno Beach Fishing Pier,26.893715,-80.0542,0.5,0.0,Not present/background
2018-09-05,Ponce De Leon Park (Charlotte Harbor),26.91104,-82.09652,0.5,0.0,Not present/background
2018-09-05,Don Quixote Drive; canal N of,26.91179,-82.08594,0.5,0.0,Not present/background
2018-09-05,Englewood Beach; W of,26.916667,-82.366667,0.5,7569001.0,High
2018-09-05,Englewood Beach,26.92467,-82.36189,0.5,338352.0,Medium
2018-09-05,Indian Mound Park; NW of (Lemon Bay),26.96319,-82.37824,0.5,0.0,Not present/background
2018-09-05,Leachs Key; NE of (Lemon Bay),26.97605,-82.38374,0.5,0.0,Not present/background
2018-09-05,Forked Creek; NW of (Lemon Bay),26.99601,-82.4001,0.5,0.0,Not present/background
2018-09-05,Manasota Beach Bridge; NW of (ICW),27.02309,-82.41807,0.5,0.0,Not present/background
2018-09-05,Manasota Beach Bridge; NW of (ICW),27.02309,-82.41807,0.5,0.0,Not present/background
2018-09-05,Shamrock Park; W of (ICW),27.04942,-82.43688,0.5,0.0,Not present/background
2018-09-05,Red Lake,27.0609,-82.444,0.5,0.0,Not present/background
2018-09-05,Venice Beach,27.099648,-82.46081,0.5,1767570.0,High
2018-09-05,Roberts Bay; Venice,27.1092,-82.4538,0.5,48000.0,Low
2018-09-05,Turner Key; S of (Venice Inlet),27.114,-82.465,0.5,162000.0,Medium
2018-09-05,Lyons Bay,27.1209,-82.4641,0.5,82000.0,Low
2018-09-05,Nokomis Beach,27.123632,-82.471467,0.5,19000.0,Low
2018-09-05,Dona Bay,27.1261,-82.446,0.5,0.0,Not present/background
2018-09-05,Albee Road Bridge; N of (Blackburn Bay),27.13033,-82.47017,0.5,498000.0,Medium
2018-09-05,Albee Road Bridge; N of (Blackburn Bay),27.13033,-82.47017,0.5,466000.0,Medium
2018-09-05,Southern Blackburn Bay,27.14075,-82.47156,0.5,162000.0,Medium
2018-09-05,Mid-Blackburn Bay,27.14932,-82.47496,0.5,202000.0,Medium
2018-09-05,Northern Blackburn Bay (ICW),27.16197,-82.48452,0.5,12000.0,Low
2018-09-05,Dryman Bay,27.1696,-82.49064,0.5,2000.0,Very low
2018-09-05,Blackburn Point Road; N of (Little Sarasota Bay),27.18391,-82.49674,0.5,0.0,Not present/background
2018-09-05,Spanish Point; S of (Little Sarasota Bay),27.20052,-82.49762,0.5,0.0,Not present/background
2018-09-05,Bird Keys; N of (Little Sarasota Bay),27.21801,-82.51121,0.5,0.0,Not present/background
2018-09-05,Blind Pass; N of (Little Sarasota Bay),27.23177,-82.51597,0.5,0.0,Not present/background
2018-09-05,Coral Cove; S of (Little Sarasota Bay),27.23837,-82.51715,0.5,0.0,Not present/background
2018-09-05,Stickney Point Bridge; SE of (Little Sarasota Bay),27.25081,-82.52574,0.5,0.0,Not present/background
2018-09-05,Stickney Point Bridge; SE of (Little Sarasota Bay),27.25081,-82.52574,0.5,0.0,Not present/background
2018-09-05,Stickney Point Bridge; N of (Roberts Bay; Sarasota),27.2575,-82.533,0.5,0.0,Not present/background
2018-09-05,Philippe Creek; S of (Roberts Bay; Sarasota),27.26706,-82.53928,0.5,0.0,Not present/background
2018-09-05,Philippe Creek; N of (Roberts Bay; Sarasota),27.2812,-82.54241,0.5,0.0,Not present/background
2018-09-05,Edwards Island; S of (Roberts Bay; Sarasota),27.2903,-82.54766,0.5,0.0,Not present/background
2018-09-05,Bay Island Park; NE of (Sarasota Bay),27.30436,-82.54324,0.5,32000.0,Low
2018-09-05,Bay Island; N of (Sarasota Bay),27.30965,-82.55321,0.5,192000.0,Medium
2018-09-05,Otter Key; E of (Sarasota Bay),27.31507,-82.56589,0.5,856000.0,Medium
2018-09-05,Otter Key; E of (Sarasota Bay),27.31507,-82.56589,0.5,196000.0,Medium
2018-09-05,Island Park; S of (Sarasota Bay),27.32486,-82.54659,0.5,10000.0,Very low
2018-09-05,Causeway Park; SW of (Sarasota Bay),27.33112,-82.55516,0.5,0.0,Not present/background
2018-09-05,Bay Dock (Sarasota Bay),27.3316,-82.5779,0.5,172000.0,Medium
2018-09-05,New Pass Dock (Sarasota Bay),27.33375,-82.57938,0.5,530000.0,Medium
2018-09-05,Quick Point; NE of (Sarasota Bay),27.33926,-82.58047,0.5,38000.0,Low
2018-09-05,City Island; N of (Sarasota Bay),27.34412,-82.57124,0.5,102000.0,Medium
2018-09-05,Quick Point; NW of (Sarasota Bay),27.3455,-82.59462,0.5,1108000.0,High
2018-09-05,Centennial Park; W of (Sarasota Bay),27.34891,-82.55895,0.5,20000.0,Low
2018-09-05,Longboat Key; E of (Sarasota Bay),27.3634,-82.5876,0.5,0.0,Not present/background
2018-09-05,Indian Beach; W of (Sarasota Bay),27.36698,-82.5698,0.5,0.0,Not present/background
2018-09-05,Bishops Point; S of (Sarasota Bay),27.369,-82.6136,0.5,48000.0,Low
2018-09-05,Stephens Point; W of (Sarasota Bay),27.37632,-82.57216,0.5,0.0,Not present/background
2018-09-05,Mid-Sarasota Bay,27.38414,-82.5886,0.5,30000.0,Low
2018-09-05,Bishops Point; NE of (Sarasota Bay),27.3878,-82.6013,0.5,0.0,Not present/background
2018-09-05,Roseate Island; NE of (Indian River),27.82037,-80.44951,0.5,0.0,Not present/background
2018-09-05,Barefoot Bay Pier; NE of (Indian River),27.88805,-80.49474,0.5,0.0,Not present/background
2018-09-05,Hawksbill Island Drive; canal E of (Banana River),28.198262,-80.612495,0.5,0.0,Not present/background
2018-09-05,Bennett Causeway; 1.9 mi N of (Banana River),28.4336,-80.6394,0.4,0.0,Not present/background
2018-09-05,Pine Island; 2.1 mi W of,28.575,-82.69167,0.3,0.0,Not present/background
2018-09-05,Sikes Cut; N of (Apalachicola Bay),29.622,-84.963333,0.5,0.0,Not present/background
2018-09-05,Marineland Beach,29.66628,-81.21073,0.5,0.0,Not present/background
2018-09-05,Faver-Dykes (Pellicer Creek),29.66822,-81.2631,0.5,0.0,Not present/background
2018-09-05,Indian Pass (St. Vincent Sound),29.6821,-85.2217,0.5,0.0,Not present/background
2018-09-05,Fort Matanzas (Matanzas Bay),29.7427,-81.2447,0.5,0.0,Not present/background
2018-09-05,Crescent Beach,29.7687,-81.251,0.5,0.0,Not present/background
2018-09-05,St. Augustine Beach,29.85138,-81.26473,0.5,0.0,Not present/background
2018-09-05,San Sebastian (Matanzas River),29.8694,-81.3077,0.5,0.0,Not present/background
2018-09-05,Vilano Beach,29.9378,-81.29897,0.5,0.0,Not present/background
2018-09-05,South Ponte Vedra,30.02262,-81.32263,0.5,0.0,Not present/background
2018-09-05,Pine Island; S of (Tolomato River),30.0516,-81.3669,0.5,0.0,Not present/background
2018-09-06,South Marco Beach,25.91165,-81.72805,0.5,0.0,Not present/background
2018-09-06,Naples Pier,26.13163,-81.8063,0.5,0.0,Not present/background
2018-09-06,Seagate,26.2073,-81.8169,0.5,0.0,Not present/background
2018-09-06,Vanderbilt Beach,26.25375,-81.82377,0.5,333.0,Not present/background
2018-09-06,Barefoot Beach State Preserve,26.30481,-81.8362,1.0,0.0,Not present/background
2018-09-06,Sharkys Beach,27.0725,-82.451,1.0,56000.0,Low
2018-09-06,Venice Beach,27.1006,-82.4601,1.0,8667.0,Very low
2018-09-06,St. Armands Key; N of (Pansy Bayou),27.3225,-82.5803,0.5,12667.0,Low
2018-09-06,Bay Dock (Sarasota Bay),27.3316,-82.5779,0.5,280000.0,Medium
2018-09-06,Marina Jack (Sarasota Bay),27.3324,-82.5462,0.5,667.0,Not present/background
2018-09-06,New Pass Dock (Sarasota Bay),27.33375,-82.57938,0.5,614000.0,Medium
2018-09-06,Atlas Street; W of,27.4003,-82.6515,0.5,1333.0,Very low
2018-09-06,Clearwater Beach Pier 60,27.9777,-82.8323,0.5,49000.0,Low
2018-09-06,Geiger Point; Melbourne Causeway at (Indian River),28.08245,-80.59505,0.2,0.0,Not present/background
2018-09-06,Eau Gallie Pier (Indian River),28.13248,-80.62418,0.2,0.0,Not present/background
2018-09-06,Ramp Road Park Boat Ramp (Banana River),28.309033,-80.614283,0.2,0.0,Not present/background
2018-09-06,520 Slick Boat Ramp (Banana River),28.357133,-80.62844,0.2,0.0,Not present/background
2018-09-06,Kelly Park (Banana River),28.4017,-80.66245,0.2,0.0,Not present/background
2018-09-06,Port St. John Boat Ramp (Indian River),28.475083,-80.766533,0.2,0.0,Not present/background
2018-09-06,NASA Causeway; SE side of (Indian River),28.52641,-80.7391,0.2,0.0,Not present/background
2018-09-06,Parrish Park Boat Ramp (Indian River),28.62365,-80.795517,0.2,0.0,Not present/background
2018-09-06,Bird Island; 1.5 mi NW of (Mosquito Lagoon),28.81952,-80.79941,0.5,0.0,Not present/background
2018-09-06,East Halifax Avenue; S of (Mosquito Lagoon),28.86552,-80.83251,0.5,0.0,Not present/background
2018-09-06,Shell Island; 2.6 mi W of (Crystal Bay),28.925,-82.74167,0.1,0.0,Not present/background
2018-09-06,Cedar Island; N of (Cedar Creek),28.95616,-80.85202,0.5,0.0,Not present/background
2018-09-06,Ranken Drive; E of (Mosquito Lagoon),28.95677,-80.88196,0.5,0.0,Not present/background
2018-09-06,Seahorse Key; 8.4 mi SW of,29.02313,-83.18087,0.5,0.0,Not present/background
2018-09-06,Seahorse Key; 2.5 mi SW of,29.08132,-83.1102,0.5,0.0,Not present/background
2018-09-06,Seahorse Key; NE of,29.106333,-83.051667,0.5,0.0,Not present/background
2018-09-06,Deadmans Key; W of,29.114833,-83.077833,0.5,0.0,Not present/background
2018-09-06,Atsena Otie Key; 1.5 mi E of,29.123,-83.000167,0.5,0.0,Not present/background
2018-09-06,Buck Island; 2.4 mi W of (Suwannee Sound),29.216833,-83.12,0.5,0.0,Not present/background
2018-09-06,Pig Island; 0.7 mi E of (St. Joseph Bay),29.70403,-85.35882,0.5,0.0,Not present/background
2018-09-06,Blacks Island; SE of (St. Joseph Bay),29.71837,-85.32308,0.5,0.0,Not present/background
2018-09-06,Millender Street; S of (St. George Sound),29.7301,-84.88478,0.1,0.0,Not present/background
2018-09-06,Eagle Harbor; SE of (St. Joseph Bay),29.7588,-85.3847,0.5,0.0,Not present/background
2018-09-06,Mid-St. Joseph Bay,29.7848,-85.347,0.5,0.0,Not present/background
2018-09-06,Patton Bayou; W of (St. Joseph Bay),29.7987,-85.3045,0.5,0.0,Not present/background
2018-09-06,Shell Point; E of (West Bay),30.212,-85.733556,0.5,0.0,Not present/background
2018-09-06,Coon Point; 1.1 mi SW of (West Bay),30.271361,-85.826611,0.5,0.0,Not present/background
2018-09-07,Harbor Key; 4.2 mi NW of,24.8887,-81.4529,0.2,0.0,Not present/background
2018-09-07,Harbor Key; 5.8 mi N of,24.9128,-81.4392,0.2,0.0,Not present/background
2018-09-07,Big Spanish Key; 8 mi N of,24.9317,-81.4076,0.2,0.0,Not present/background
2018-09-07,Big Spanish Key; 9 mi N of,24.9436,-81.3729,0.2,0.0,Not present/background
2018-09-07,Sea Oat Island,25.984433,-81.748035,0.5,0.0,Not present/background
2018-09-07,Gordon Pass; W of,26.091328,-81.805584,0.5,0.0,Not present/background
2018-09-07,Bay Dock (Sarasota Bay),27.3316,-82.5779,0.5,112000.0,Medium
2018-09-07,New Pass Dock (Sarasota Bay),27.33375,-82.57938,0.5,418000.0,Medium
2018-09-07,Pass-a-Grille Beach,27.706033,-82.73855,0.5,37667.0,Low
2018-09-07,Dixie Highway Bridge; E of (Indian River),27.85566,-80.49085,1.0,0.0,Not present/background
2018-09-07,Sandkey Estates Entrance; N of,27.93873,-82.838087,0.5,13954693.0,High
2018-09-07,Clearwater Marina,27.9759,-82.826717,0.5,3368374.0,High
2018-09-07,Anclote Key Lighthouse; 3.9 mi W of,28.148464,-82.905564,0.5,0.0,Not present/background
2018-09-07,Anclote Key Lighthouse; 1.7 mi SW of,28.148522,-82.863156,0.5,0.0,Not present/background
2018-09-07,Anclote Key; SE of (St. Joseph Sound),28.150183,-82.823981,0.5,0.0,Not present/background
2018-09-07,Anclote Key; 3.5 mi W of,28.192342,-82.908992,0.5,0.0,Not present/background
2018-09-07,Anclote Key; W of,28.193236,-82.866517,0.5,0.0,Not present/background
2018-09-07,Dutchman Key; 1.3 mi E of (Anclote Anchorage),28.193319,-82.822533,0.5,0.0,Not present/background
2018-09-07,Axe Island; 4.1 mi W of,29.30833,-83.24167,0.3,0.0,Not present/background
2018-09-08,The Reef Marina,24.719757,-81.066869,0.1,0.0,Not present/background
2018-09-08,Morgan Island; 9.4 mi W of,25.839333,-81.826667,0.6,0.0,Not present/background
2018-09-08,Hurricane Pass; NW of,25.993333,-81.763,0.3,0.0,Not present/background
2018-09-08,Fishery Road; W of (Gasparilla Sound),26.832426,-82.264583,0.3,0.0,Not present/background
2018-09-08,Englewood Beach,26.923287,-82.36125,0.3,103667.0,Medium
2018-09-08,Lido Beach,27.314463,-82.58155,0.5,41333.0,Low
2018-09-08,Marina Jack,27.335166,-82.547781,0.5,101333.0,Medium
2018-09-08,Belleview Island; W of (Clearwater Harbor),27.945317,-82.829617,0.6,823066.0,Medium
2018-09-08,Clearwater Pass; 1.1 mi W of,27.970467,-82.84925,0.6,163000.0,Medium
2018-09-08,Devon Drive; NE of (Clearwater Bay),27.974883,-82.821233,0.5,1113840.0,High
2018-09-08,Clearwater Pass; 3.5 mi NW of,27.987167,-82.883483,0.5,244397.0,Medium
2018-09-08,Clearwater Pass; 4.1 mi NW of,27.999383,-82.8878,0.5,443700.0,Medium
2018-09-08,Clearwater Pass; 4.8 mi NW of,28.011567,-82.891697,0.5,409922.0,Medium
2018-09-09,Spanish Harbor Keys,24.655494,-81.297074,0.5,0.0,Not present/background
2018-09-09,Cayo Costa State Park; 2.5 mi W of,26.697222,-82.296944,0.5,535527.0,Medium
2018-09-09,Boca Grande Pass; 1.3 mi SW of,26.705278,-82.275,0.5,779380.0,Medium
2018-09-09,South Venice Beach,27.038652,-82.430574,0.5,3204423.0,High
2018-09-09,St. Petersburg Beach,27.712954,-82.739892,0.5,47667.0,Low
2018-09-09,Elbow Bend Road; N of (Alafia River),27.862509,-82.336525,0.5,0.0,Not present/background
2018-09-09,Barefoot Bay Pier (Indian River),27.88507,-80.5008,0.5,0.0,Not present/background
2018-09-09,Honeymoon Island State Park; South Beach,28.056492,-82.82408,0.3,140270.0,Medium
2018-09-09,Honeymoon Island State Park; North Beach,28.068341,-82.834515,0.3,48000.0,Low
2018-09-09,Tropic; SW of (Indian River),28.1505,-80.635,0.5,0.0,Not present/background
2018-09-10,Lower Arsnicker Keys; 7.2 mi W of,24.9159,-80.943,0.2,0.0,Not present/background
2018-09-10,Upper Arsnicker Keys; 8.5 mi NW of,24.93815,-80.9653,0.2,0.0,Not present/background
2018-09-10,Sandy Key; 5.2 mi SW of,24.96038,-80.98737,0.2,0.0,Not present/background
2018-09-10,Sandy Key; 3.4 mi S of,24.98417,-81.0118,0.2,0.0,Not present/background
2018-09-10,Caesar Creek (Biscayne Bay),25.3951,-80.23246,0.5,0.0,Not present/background
2018-09-10,Sands Cut (Biscayne Bay),25.49465,-80.17763,0.5,0.0,Not present/background
2018-09-10,Lewis Cut (Biscayne Bay),25.52142,-80.17476,0.5,0.0,Not present/background
2018-09-10,South Marco Beach,25.91165,-81.72805,0.5,0.0,Not present/background
2018-09-10,Caxambas Park,25.9124,-81.7171,0.5,0.0,Not present/background
2018-09-10,Goodland Bridge,25.9334,-81.6496,0.5,0.0,Not present/background
2018-09-10,Lee Avenue; docks NE of (Big Marco Pass),25.9733,-81.7275,0.5,0.0,Not present/background
2018-09-10,951 Boat Ramp (Big Marco Pass),25.9804,-81.7029,0.5,0.0,Not present/background
2018-09-10,Naples Pier,26.13163,-81.8063,0.5,0.0,Not present/background
2018-09-10,Seagate,26.2073,-81.8169,0.5,0.0,Not present/background
2018-09-10,Vanderbilt Beach,26.25375,-81.82377,0.5,0.0,Not present/background
2018-09-10,Barefoot Beach State Preserve,26.30481,-81.8362,0.5,0.0,Not present/background
2018-09-10,Boca Grande Pass,26.7117,-82.2583,0.2,1189020.0,High
2018-09-10,Cayo Pelau; 2 mi S of (Charlotte Harbor),26.74065,-82.2145,0.2,306432.0,Medium
2018-09-10,Bull Key; NW of (Bull Bay),26.782417,-82.209383,0.2,0.0,Not present/background
2018-09-10,Cayo Pelau; N of (Gasparilla Sound),26.786021,-82.223062,0.2,0.0,Not present/background
2018-09-10,Sandfly Key; NE of (Gasparilla Sound),26.798,-82.231,0.2,0.0,Not present/background
2018-09-10,Gasparilla Pass,26.816167,-82.2805,0.2,250572.0,Medium
2018-09-10,Catfish Creek; mouth of (Gasparilla Sound),26.8164,-82.2526,0.2,161893.0,Medium
2018-09-10,Don Pedro Island Park Kayak Launch (Placida Harbor),26.8558,-82.3028,0.3,0.0,Not present/background
2018-09-10,Blind Pass Beach,26.96324,-82.38565,0.5,830000.0,Medium
2018-09-10,Manasota Beach,27.01031,-82.41312,0.5,36160000.0,High
2018-09-10,Caspersen Beach,27.05703,-82.4436,0.5,5920000.0,High
2018-09-10,Brohard Beach,27.06631,-82.448,0.5,30000.0,Low
2018-09-10,Venice Fishing Pier; N of,27.0735,-82.4515,0.5,10000.0,Very low
2018-09-10,Service Club Park,27.07827,-82.45286,0.5,5120000.0,High
2018-09-10,Venice Beach,27.10034,-82.46089,0.5,10560000.0,High
2018-09-10,North Jetty,27.11382,-82.46883,0.5,354000.0,Medium
2018-09-10,Nokomis Beach,27.12332,-82.47122,0.5,528000.0,Medium
2018-09-10,Turtle Beach,27.21843,-82.51711,0.5,3920000.0,High
2018-09-10,Siesta Beach,27.26518,-82.5531,0.5,1098000.0,High
2018-09-10,South Lido Park,27.29818,-82.56739,0.5,432000.0,Medium
2018-09-10,Lido Beach Casino,27.311,-82.57718,0.5,1214000.0,High
2018-09-10,North Lido Beach,27.31561,-82.58171,0.5,1906000.0,High
2018-09-10,Ringling Causeway,27.32682,-82.56244,0.5,202000.0,Medium
2018-09-10,Walton Rocks Beach; 16 mi E of,27.328,-79.97965,1.0,0.0,Not present/background
2018-09-10,Bay Dock (Sarasota Bay),27.3316,-82.5779,0.5,3520000.0,High
2018-09-10,New Pass Dock (Sarasota Bay),27.33375,-82.57938,0.5,5360000.0,High
2018-09-10,Longboat Key Beach,27.37317,-82.63202,0.5,8720000.0,High
2018-09-10,Longboat Pass Boat Ramp (Sarasota Bay),27.44602,-82.68798,0.5,3686705.0,High
2018-09-10,Cortez Beach,27.462008,-82.699053,0.5,1033289.0,High
2018-09-10,Palma Sola Bay Bridge,27.4959,-82.6522,0.5,84838.0,Low
2018-09-10,Mead Point (Lower Tampa Bay),27.51477,-82.68395,0.2,333.0,Not present/background
2018-09-10,School Key; NE of (Lower Tampa Bay),27.529833,-82.704,0.2,284088.0,Medium
2018-09-10,Anna Maria Island Rod & Reel Pier (Lower Tampa Bay),27.5385,-82.7402,0.5,4459850.0,High
2018-09-10,Fletcher Point (Lower Tampa Bay),27.58512,-82.61482,0.5,0.0,Not present/background
2018-09-10,South Skyway Rest Area; NW of (Lower Tampa Bay),27.587433,-82.61895,0.2,0.0,Not present/background
2018-09-10,South Skyway Causeway; NE end of (Lower Tampa Bay),27.59275,-82.629067,0.2,0.0,Not present/background
2018-09-10,Joe Island; N of (Lower Tampa Bay),27.595514,-82.5912,0.2,0.0,Not present/background
2018-09-10,Skyway Fishing Pier; South (Lower Tampa Bay),27.6055,-82.6508,0.5,2000.0,Very low
2018-09-10,Mullet Key; Gulf Pier,27.6133,-82.7391,0.5,630017.0,Medium
2018-09-10,Little Redfish Creek; 1.1 mi NW of (Lower Tampa Bay),27.632617,-82.5782,0.2,1000.0,Not present/background
2018-09-10,Isla Del Sol (Pass-A-Grille Channel),27.709507,-82.722903,0.5,406100.0,Medium
2018-09-10,St. Petersburg Beach; 12 mi W of,27.710267,-82.941833,0.5,457520.0,Medium
2018-09-10,St. Petersburg Beach; 23 mi W of,27.72745,-83.133183,0.5,1750280.0,High
2018-09-10,Treasure Island Beach; 34 mi W of,27.749367,-83.326017,0.5,0.0,Not present/background
2018-09-10,FWRI Peninsula; SE tip of (Bayboro Harbor),27.759803,-82.631267,0.5,1667.0,Very low
2018-09-10,FWRI Peninsula; SE tip of (Bayboro Harbor),27.759803,-82.631267,5.8,333.0,Not present/background
2018-09-10,Treasure Island Beach; 46 mi W of,27.768767,-83.518167,0.5,0.0,Not present/background
2018-09-10,Apollo Beach Preserve (Tampa Bay),27.792831,-82.419428,0.6,0.0,Not present/background
2018-09-10,La Contessa Pier,27.8121,-82.81915,0.5,1399160.0,High
2018-09-10,Williams Park Boat Ramp (Alafia River),27.859777,-82.384431,0.6,0.0,Not present/background
2018-09-10,South Belleair Causeway (ICW),27.917096,-82.828611,0.5,26333.0,Low
2018-09-10,Clearwater Pass,27.96035,-82.8243,0.5,146300.0,Medium
2018-09-10,Fred Howard Park; 1.5 mi W of,28.151389,-82.831667,0.5,1000.0,Not present/background
2018-09-10,Cow Key; 2.1 mi W of,28.285833,-82.770833,0.5,0.0,Not present/background
2018-09-10,Strickland Memorial Park; W of,28.362856,-82.718285,0.5,0.0,Not present/background
2018-09-10,Cedar Island; 8.9 mi W of,28.373893,-82.845439,0.5,0.0,Not present/background
2018-09-10,Round Island; S of (Little Pine Island Bay),28.495533,-82.68885,0.3,0.0,Not present/background
2018-09-10,Gulf Coast Drive; W of (Little Pine Island Bay),28.49595,-82.6682,0.3,0.0,Not present/background
2018-09-10,Harbor Pointe Marina (Indian River),28.615731,-80.802278,0.5,0.0,Not present/background
2018-09-10,Chambers Island; 3.9 mi W of,29.0083,-82.82525,0.1,0.0,Not present/background
2018-09-10,Dog Island; E of,29.14,-83.0125,0.5,0.0,Not present/background
2018-09-10,Gomez Keys; W of,29.149333,-83.08,0.5,0.0,Not present/background
2018-09-10,Derrick Key; N of,29.198333,-83.088,0.5,0.0,Not present/background
2018-09-10,Sikes Cut; SE of,29.606683,-84.94665,0.5,667.0,Not present/background
2018-09-10,Sikes Cut; N of (Apalachicola Bay),29.622,-84.963333,0.5,0.0,Not present/background
2018-09-10,West Pass (Apalachicola Bay),29.6305,-85.094,0.5,0.0,Not present/background
2018-09-10,West Pass; NE of (Apalachicola Bay),29.637983,-85.089017,0.5,0.0,Not present/background
2018-09-10,Mid-Apalachicola Bay,29.667683,-84.994017,0.5,0.0,Not present/background
2018-09-10,St. Vincent Point; E of (Apalachicola Bay),29.674667,-85.058333,0.5,333.0,Not present/background
2018-09-10,Indian Pass Boat Ramp (St. Vincent Sound),29.68305,-85.22203,0.5,0.0,Not present/background
2018-09-10,Old St. George Island Causeway; E of (St. George Sound),29.702133,-84.880183,0.5,0.0,Not present/background
2018-09-10,Blacks Island; S of (St. Joseph Bay),29.719033,-85.332683,0.1,333.0,Not present/background
2018-09-10,Long Point; S of (East Bay),29.7308,-84.945183,0.5,0.0,Not present/background
2018-09-10,Park Point Circle; E of (St. Joseph Bay),29.75845,-85.384433,0.1,0.0,Not present/background
2018-09-10,Dupont Drive; NW of (St. Joseph Bay),29.798433,-85.304683,0.1,0.0,Not present/background
2018-09-10,Crooked River Road; S of (St. George Sound),29.8825,-84.56283,0.5,0.0,Not present/background
2018-09-10,Royal Tern Way; S of (St. George Sound),29.89533,-84.55533,0.5,0.0,Not present/background
2018-09-10,Turkey Point; SE of (St. George Sound),29.90333,-84.48667,0.5,0.0,Not present/background
2018-09-10,Firefly Circle; SW of (St. George Sound),29.90917,-84.52617,0.5,0.0,Not present/background
2018-09-10,Tyndall AFB; W of (St. Andrew Bay),30.0768,-85.6222,0.3,0.0,Not present/background
2018-09-10,Spanish Ante; E of (St. Andrew Bay),30.09017,-85.66658,0.3,76667.0,Low
2018-09-10,Davis Point; SE of (St. Andrew Bay),30.11367,-85.682,0.3,1333.0,Very low
2018-09-10,St. Andrew State Park Pier; NW of,30.132625,-85.745762,0.3,80324.0,Low
2018-09-10,Redfish Point; SW of (St. Andrew Bay),30.136333,-85.67683,0.3,2667.0,Very low
2018-09-10,Delwood Beach (St. Andrew Bay),30.1415,-85.7125,0.3,4111.0,Very low
2018-09-10,Posten Bayou; NW of (West Bay),30.195556,-85.7225,0.3,0.0,Not present/background
2018-09-10,Laguna Beach,30.225171,-85.897944,0.3,3333.0,Very low
2018-09-10,Cedar Hammock; W of (West Bay),30.259694,-85.749083,0.3,0.0,Not present/background
2018-09-10,Inlet Beach,30.27131,-86.001175,0.3,8667.0,Very low
2018-09-10,Vireo Lane; 1 mi S of (West  Bay),30.276528,-85.837944,0.3,0.0,Not present/background
2018-09-10,Dune Allen Beach,30.3517,-86.2514,0.3,1667.0,Very low
2018-09-10,Santa Rosa Island Beach (East Pass),30.3916,-86.5214,0.3,2667.0,Very low
2018-09-10,Fort Walton Beach,30.396667,-86.625833,0.3,0.0,Not present/background
2018-09-11,Pavilion Key; 9.2 mi SW of,25.6161,-81.4735,0.2,0.0,Not present/background
2018-09-11,Pavilion Key; 5.8 mi SW of,25.6379,-81.4241,0.2,0.0,Not present/background
2018-09-11,Pavilion Key; 2.9 mi SW of,25.6614,-81.3856,0.2,0.0,Not present/background
2018-09-11,Pavilion Key; SW of,25.6817,-81.3579,0.2,0.0,Not present/background
2018-09-11,Buck Key; S of (Blind Pass),26.488,-82.1815,0.2,487810.0,Medium
2018-09-11,York Island; W of (Pine Island Sound),26.4887,-82.1073,0.2,416878.0,Medium
2018-09-11,Merwin Key; W of (San Carlos Bay),26.500278,-82.0475,0.2,2333.0,Very low
2018-09-11,Bird Island; NE of (Caloosahatchee River),26.51845,-82.0299,0.2,0.0,Not present/background
2018-09-11,Buck Key; 1.9 mi NE of (Pine Island Sound),26.532117,-82.15667,0.2,37333.0,Low
2018-09-11,Regla Island; W of (Pine Island Sound),26.538,-82.1257,0.2,0.0,Not present/background
2018-09-11,Redfish Pass; 3.4 mi W of,26.55322,-82.25542,1.5,251575.0,Medium
2018-09-11,Redfish Pass; 3.4 mi W of,26.55322,-82.25542,9.6,111333.0,Medium
2018-09-11,Redfish Pass (Pine Island Sound),26.5535,-82.1963,0.2,55987.0,Low
2018-09-11,Redfish Pass; E of (Pine Island Sound),26.5548,-82.19489,1.5,125000.0,Medium
2018-09-11,Redfish Pass; 1.8 mi E of (Pine Island Sound),26.560417,-82.170817,0.2,197540.0,Medium
2018-09-11,Deer Stop Keys; SW of (Matlacha Pass),26.5627,-82.0704,1.2,0.0,Not present/background
2018-09-11,Cork Island; W of (Pine Island Sound),26.5767,-82.1347,0.2,644954.0,Medium
2018-09-11,McCardle Island; SW of (Matlacha Pass),26.5857,-82.0645,0.2,0.0,Not present/background
2018-09-11,Foster Bay; NE of (Pine Island Sound),26.58795,-82.19086,1.4,8000.0,Very low
2018-09-11,Hemp Key; S of (Pine Island Sound),26.5902,-82.1561,0.2,642327.0,Medium
2018-09-11,Captiva Pass; 29 mi W of,26.59358,-82.69738,1.5,1000.0,Not present/background
2018-09-11,Captiva Pass; 29 mi W of,26.59358,-82.69738,13.0,0.0,Not present/background
2018-09-11,Captiva Pass; 29 mi W of,26.59358,-82.69738,26.2,2667.0,Very low
2018-09-11,Captiva Rocks; SW of (Pine Island Sound),26.59925,-82.18463,0.2,9667.0,Very low
2018-09-11,Captiva Pass,26.6092,-82.221,0.2,667.0,Not present/background
2018-09-11,Captiva Pass; 1.1 mi E of (Pine Island Sound),26.61751,-82.20498,1.1,18333.0,Low
2018-09-11,Porpoise Point Island; SW of (Matlacha Pass),26.625,-82.0742,1.3,0.0,Not present/background
2018-09-11,Whoopee Island; NW of (Pine Island Sound),26.66518,-82.21989,1.4,197000.0,Medium
2018-09-11,Cayo Costa; 19 mi W of,26.66774,-82.5594,1.5,61333.0,Low
2018-09-11,Cayo Costa; 19 mi W of,26.66774,-82.5594,10.0,37333.0,Low
2018-09-11,Cayo Costa; 19 mi W of,26.66774,-82.5594,19.7,205467.0,Medium
2018-09-11,Ben Coleman Keys (Matlacha Pass),26.6678,-82.0946,0.9,0.0,Not present/background
2018-09-11,Mondongo Island; W of (Pine Island Sound),26.6798,-82.2196,0.2,104333.0,Medium
2018-09-11,Jug Creek Point; E of (Matlacha Pass),26.7003,-82.1208,0.2,0.0,Not present/background
2018-09-11,Little Bokeelia Island; N of (Charlotte Harbor),26.705,-82.1837,0.2,0.0,Not present/background
2018-09-11,Boca Grande Pass,26.7117,-82.2583,0.2,7333.0,Very low
2018-09-11,Boca Grande Pass (Charlotte Harbor),26.71464,-82.24785,1.3,102448.0,Medium
2018-09-11,Boca Grande; 9.6 mi W of,26.74052,-82.4193,1.6,1125243.0,High
2018-09-11,Boca Grande; 9.6 mi W of,26.74052,-82.4193,10.1,55333.0,Low
2018-09-11,Boca Grande; 9.6 mi W of,26.74052,-82.4193,15.2,89667.0,Low
2018-09-11,Devilfish Key; W of (Gasparilla Sound),26.76922,-82.2449,1.2,11000.0,Low
2018-09-11,Gasparilla Pass; 4.7 mi SW of,26.77663,-82.3505,1.6,17333.0,Low
2018-09-11,Gasparilla Pass; 4.7 mi SW of,26.77663,-82.3505,7.0,26333.0,Low
2018-09-11,Gasparilla Pass; 4.7 mi SW of,26.77663,-82.3505,12.0,2333.0,Very low
2018-09-11,Boca Grande Pier (Gasparilla Sound),26.80562,-82.27415,0.5,1844497.0,High
2018-09-11,Englewood Beach,26.92467,-82.36189,0.5,31170457.0,High
2018-09-11,St. Armands Key; N of (Pansy Bayou),27.3225,-82.5803,0.5,184667.0,Medium
2018-09-11,Bay Dock (Sarasota Bay),27.3316,-82.5779,0.5,10560000.0,High
2018-09-11,Marina Jack (Sarasota Bay),27.3324,-82.5462,0.5,8333.0,Very low
2018-09-11,New Pass Dock (Sarasota Bay),27.33375,-82.57938,0.5,2894000.0,High
2018-09-11,Atlas Street; W of,27.4003,-82.6515,0.5,1066920.0,High
2018-09-11,Clearwater Pass; W of,27.968667,-82.838833,0.5,518572.0,Medium
2018-09-11,Phillipe Point; E of (Safety Harbor),28.0049,-82.66725,0.5,0.0,Not present/background
2018-09-11,Beach Woods Pier (Indian River),28.02968,-80.54599,0.5,0.0,Not present/background
2018-09-11,Anclote Key Lighthouse; 3.9 mi W of,28.148464,-82.905564,0.5,1000.0,Not present/background
2018-09-11,Anclote Key Lighthouse; 1.7 mi SW of,28.148522,-82.863156,0.5,2000.0,Very low
2018-09-11,Anclote Key; SE of (St. Joseph Sound),28.150183,-82.823981,0.5,0.0,Not present/background
2018-09-11,Anclote Key; 3.5 mi W of,28.192342,-82.908992,0.5,0.0,Not present/background
2018-09-11,Anclote Key; W of,28.193236,-82.866517,0.5,1333.0,Very low
2018-09-11,Dutchman Key; 1.3 mi E of (Anclote Anchorage),28.193319,-82.822533,0.5,0.0,Not present/background
2018-09-11,Hawksbill Island Drive; canal E of (Banana River),28.198262,-80.612495,0.5,0.0,Not present/background
2018-09-11,Cabbage Island; 1.3 mi W of,28.445278,-82.694444,0.5,0.0,Not present/background
2018-09-11,NASA Causeway; N of (Indian River),28.52811,-80.76569,0.3,0.0,Not present/background
2018-09-11,Menzo Park; 1.1 mi E of (Indian River),28.5808,-80.7806,0.3,0.0,Not present/background
2018-09-11,Pine Island; 18 mi W of,28.583333,-82.953333,0.5,0.0,Not present/background
2018-09-11,Lemon Grove Island; 6 mi W of,28.595,-82.765,0.5,0.0,Not present/background
2018-09-11,Space View Park; SE of (Indian River),28.60796,-80.79474,0.3,0.0,Not present/background
2018-09-11,Black Point; 1.2 mi NW of (Indian River),28.69283,-80.80489,0.3,0.0,Not present/background
2018-09-11,Fort Matanzas Bridge (Matanzas Inlet),29.704917,-81.22786,0.5,0.0,Not present/background
2018-09-11,Fort Matanzas National Monument Dock (Matanzas Inlet),29.714528,-81.23508,0.5,0.0,Not present/background
2018-09-11,Piney Island; N of (Oyster Bay),30.0615,-84.347333,0.5,0.0,Not present/background
2018-09-11,St. Andrew Pass; 2.5 mi SW of,30.0908,-85.757633,0.5,5333.0,Very low
2018-09-11,St. Andrew State Park; 2.2 mi SW of,30.1075,-85.77,0.5,667.0,Not present/background
2018-09-11,Pelican Point Golf Course; W of (St. Andrew Bay),30.114444,-85.683333,0.1,560400.0,Medium
2018-09-11,St. Andrew Pass,30.119167,-85.733333,0.5,123667.0,Medium
2018-09-11,St. Andrew State Park Pier,30.130435,-85.744305,0.5,76333.0,Low
2018-09-11,St. Andrew State Park Boat Ramp; N of (Grand Lagoon),30.135556,-85.732222,0.1,21000.0,Low
2018-09-11,Crescent Beach,30.147795,-85.764555,0.5,34333.0,Low
2018-09-11,Edgewater Gulf Beach,30.183072,-85.820198,0.5,7000.0,Very low
2018-09-11,Pensacola Beach Pier,30.3273,-87.1419,1.0,0.0,Not present/background
2018-09-11,Navarre Pier,30.376,-86.8631,0.5,2667.0,Very low
2018-09-11,Norriego Point; N of (Destin Harbor),30.39189,-86.50919,0.3,0.0,Not present/background
2018-09-11,Butchpen Cove; 1.7 mi N of (Pensacola Bay),30.400472,-87.159028,1.2,0.0,Not present/background
2018-09-11,Sudduth Circle NE; S of (Lake Earl),30.42028,-86.59142,0.3,0.0,Not present/background
2018-09-11,Lake Lorraine; S of (Choctawhatchee Bay),30.424861,-86.56649,0.3,0.0,Not present/background
2018-09-11,White Point; 1.6 mi SE of (East Bay),30.427472,-87.05425,1.2,0.0,Not present/background
2018-09-11,Eglin Parkway NE; NW of (Cinco Bayou),30.427748,-86.608333,0.3,0.0,Not present/background
2018-09-11,Paradise Point; S of (Hand Cove),30.44838,-86.59257,0.3,0.0,Not present/background
2018-09-11,Poquito Road; E of (Poquito Bayou),30.45427,-86.57727,0.3,0.0,Not present/background
2018-09-11,Hernandez Point; 1.7 mi NW of (Escambia Bay),30.466833,-87.122056,1.2,0.0,Not present/background
2018-09-12,Morgan Beach; 2.6 mi SW of,25.830167,-81.717733,0.5,0.0,Not present/background
2018-09-12,Cape Romano; S of (Gullivan Bay),25.844,-81.678,0.2,0.0,Not present/background
2018-09-12,Round Key; N of (Fakahatchee Pass),25.851667,-81.524667,0.2,0.0,Not present/background
2018-09-12,Coon Key; S of (Gullivan Bay),25.8815,-81.632167,0.2,0.0,Not present/background
2018-09-12,Shell Key; S of (Gullivan Bay),25.891667,-81.608833,0.2,0.0,Not present/background
2018-09-12,Tigertail Beach; 4.2 mi W of,25.948267,-81.816317,0.5,1000.0,Not present/background
2018-09-12,Delnor-Wiggins Pass State Park; W of,26.281583,-81.832083,0.5,0.0,Not present/background
2018-09-12,Delnor-Wiggins Pass State Park; W of,26.281583,-81.832083,,0.0,Not present/background
2018-09-12,Bonita Beach Park,26.33105,-81.84574,0.5,0.0,Not present/background
2018-09-12,Bonita Beach (Estero Bay),26.35497,-81.84452,0.1,0.0,Not present/background
2018-09-12,Long Key (Estero Bay),26.38591,-81.84631,0.3,1667.0,Very low
2018-09-12,Lovers Key State Park,26.3901,-81.8795,0.5,6667.0,Very low
2018-09-12,Tarpon Bay Road Beach,26.4217,-82.0801,0.5,336417.0,Medium
2018-09-12,Estero Island (Estero Bay),26.43494,-81.91138,0.8,0.0,Not present/background
2018-09-12,Lighthouse Beach,26.45157,-82.01543,0.5,2365380.0,High
2018-09-12,Lynn Hall Park,26.45398,-81.95776,0.5,70050.0,Low
2018-09-12,Alison Hagerup Beach Park,26.5264,-82.1945,0.5,3000.0,Very low
2018-09-12,Juno Beach Fishing Pier,26.893715,-80.0542,0.5,0.0,Not present/background
2018-09-12,Bay Dock (Sarasota Bay),27.3316,-82.5779,0.5,272000.0,Medium
2018-09-12,New Pass Dock (Sarasota Bay),27.33375,-82.57938,0.5,9200000.0,High
2018-09-12,Summer Resort Key; W of (Lower Tampa Bay),27.654533,-82.74135,0.5,318083.0,Medium
2018-09-12,Sand Key Park; S of (Clearwater Harbor),27.955138,-82.826058,0.5,960033.0,Medium
2018-09-12,Clearwater Pass; 3.5 mi W of,27.966667,-82.888333,0.5,360494.0,Medium
2018-09-12,Geiger Point; Melbourne Causeway at (Indian River),28.08245,-80.59505,0.2,0.0,Not present/background
2018-09-12,Eau Gallie Pier (Indian River),28.13248,-80.62418,0.2,0.0,Not present/background
2018-09-12,Ramp Road Park Boat Ramp (Banana River),28.309033,-80.614283,0.2,0.0,Not present/background
2018-09-12,520 Slick Boat Ramp (Banana River),28.357133,-80.62844,0.2,0.0,Not present/background
2018-09-12,Kelly Park (Banana River),28.4017,-80.66245,0.2,0.0,Not present/background
2018-09-12,Port St. John Boat Ramp (Indian River),28.475083,-80.766533,0.2,0.0,Not present/background
2018-09-12,NASA Causeway; SE side of (Indian River),28.52641,-80.7391,0.2,0.0,Not present/background
2018-09-12,Parrish Park Boat Ramp (Indian River),28.62365,-80.795517,0.2,0.0,Not present/background
2018-09-12,Tripod Point; 2.9 mi S of,29.1234,-82.9124,0.5,0.0,Not present/background
2018-09-12,Ramsey Point; 2.9 mi W of (Waccasassa Bay),29.1265,-82.8495,0.5,0.0,Not present/background
2018-09-12,Bird Island; 7.4 mi W of,29.583333,-83.531667,0.5,0.0,Not present/background
2018-09-12,Bird Island; 2.5 mi SW of,29.5928,-83.4471,0.5,0.0,Not present/background
2018-09-12,Pine Log Island; 3.3 mi SW of,29.625,-83.45833,0.3,0.0,Not present/background
2018-09-12,Peninsular Circle; N of (Alligator Harbor),29.904,-84.3715,0.1,0.0,Not present/background
2018-09-12,Alligator Point Marina; N of (Alligator Harbor),29.906333,-84.418,0.1,0.0,Not present/background
2018-09-12,St. Teresa; S of (Alligator Harbor),29.925667,-84.45083,0.1,0.0,Not present/background
2018-09-12,Tyndall AFB; W of (St. Andrew Bay),30.0768,-85.6222,0.5,0.0,Not present/background
2018-09-12,Spanish Ante; E of (St. Andrew Bay),30.09017,-85.66658,0.5,21333.0,Low
2018-09-12,Cedar Point; NE of (East Bay),30.103611,-85.556528,0.5,0.0,Not present/background
2018-09-12,Tyndall Bridge (East Bay),30.105483,-85.60715,0.5,0.0,Not present/background
2018-09-12,Davis Point; SE of (St. Andrew Bay),30.11367,-85.682,0.5,8333.0,Very low
2018-09-12,Laird Point; SW of (East Bay),30.11833,-85.535,0.5,0.0,Not present/background
2018-09-12,Ferry Point; S of (East Bay),30.12167,-85.6192,0.5,0.0,Not present/background
2018-09-12,Redfish Point; SW of (St. Andrew Bay),30.136333,-85.67683,0.5,112858.0,Medium
2018-09-12,Delwood Beach (St. Andrew Bay),30.1415,-85.7125,0.5,333.0,Not present/background
2018-09-12,Harrison Bayou; NE of (West Bay),30.23333,-85.75667,0.5,0.0,Not present/background
2018-09-12,Sherman Inlet; S of (Big Lagoon),30.33433,-87.31602,0.5,0.0,Not present/background
2018-09-12,St. Johns Inland,30.391,-81.4648,0.3,0.0,Not present/background
2018-09-12,St. Johns Inlet,30.4056,-81.4086,0.3,0.0,Not present/background
2018-09-12,Ft. George Inlet,30.4204,-81.4201,0.3,0.0,Not present/background
2018-09-12,Ft. George Inland,30.4411,-81.439,0.3,0.0,Not present/background
2018-09-12,Nassau Inlet,30.5134,-81.4576,0.3,0.0,Not present/background
2018-09-12,St. Marys Inlet,30.7012,-81.4269,0.3,333.0,Not present/background
2018-09-13,South Marco Beach,25.91165,-81.72805,0.5,0.0,Not present/background
2018-09-13,Naples Pier,26.13163,-81.8063,0.5,0.0,Not present/background
2018-09-13,Seagate,26.2073,-81.8169,0.5,0.0,Not present/background
2018-09-13,Vanderbilt Beach,26.25375,-81.82377,0.5,0.0,Not present/background
2018-09-13,Vanderbilt Beach; 31 mi W of,26.256533,-82.322267,0.5,476340.0,Medium
2018-09-13,Barefoot Beach State Preserve,26.30481,-81.8362,0.5,0.0,Not present/background
2018-09-13,Sanibel Island; 45 mi W of,26.310033,-82.8079,0.5,0.0,Not present/background
2018-09-13,Estero Island; 28 mi W of,26.38447,-82.36548,0.5,7902677.0,High
2018-09-13,Bay Dock (Sarasota Bay),27.3316,-82.5779,0.5,588000.0,Medium
2018-09-13,New Pass Dock (Sarasota Bay),27.33375,-82.57938,0.5,8080000.0,High
2018-09-13,Snell Isle; 2.3 mi SE of (Middle Tampa Bay),27.7723,-82.5789,0.5,0.0,Not present/background
2018-09-13,Weedon Island; E of (Old Tampa Bay),27.86111,-82.58911,0.5,0.0,Not present/background
2018-09-13,Big Island; 2.2 mi E of (Old Tampa Bay),27.9055,-82.6046,0.5,0.0,Not present/background
2018-09-13,Big Island; 2.2 mi E of (Old Tampa Bay),27.9055,-82.6046,2.7,0.0,Not present/background
2018-09-13,San Jose St; W of (Old Tampa Bay),27.9244,-82.5496,0.5,0.0,Not present/background
2018-09-13,High Point; 2 mi NE of (Old Tampa Bay),27.942,-82.675,0.5,0.0,Not present/background
2018-09-13,High Point; 2 mi NE of (Old Tampa Bay),27.942,-82.675,3.6,0.0,Not present/background
2018-09-13,Howard Frankland Bridge; N of (Old Tampa Bay),27.949,-82.561,0.5,0.0,Not present/background
2018-09-13,C. Campbell Causeway; S of (Old Tampa Bay),27.957,-82.622,0.5,0.0,Not present/background
2018-09-13,C. Campbell Causeway; S of (Old Tampa Bay),27.957,-82.622,4.4,0.0,Not present/background
2018-09-13,Cooper Point; E of (Old Tampa Bay),27.972,-82.673,0.5,0.0,Not present/background
2018-09-13,C. Campbell Causeway; N of (Old Tampa Bay),27.97467,-82.65576,0.5,0.0,Not present/background
2018-09-13,C. Campbell Causeway; N of (Old Tampa Bay),27.97467,-82.65576,4.1,0.0,Not present/background
2018-09-13,Old Tampa Bay Park; 1.7 mi S of (Old Tampa Bay),27.98,-82.62,0.5,0.0,Not present/background
2018-09-13,Philippe Park; NE of (Safety Harbor),28.02,-82.675,0.5,0.0,Not present/background
2018-09-13,Philippe Park; NE of (Safety Harbor),28.02,-82.675,2.2,0.0,Not present/background
2018-09-13,Bird Island; W of (Chassahowitzka Bay),28.675,-82.69167,0.3,0.0,Not present/background
2018-09-13,Bird Island; 1.5 mi NW of (Mosquito Lagoon),28.81952,-80.79941,0.5,0.0,Not present/background
2018-09-13,Rock Island; NW of,28.82472,-82.74168,0.1,0.0,Not present/background
2018-09-13,East Halifax Avenue; S of (Mosquito Lagoon),28.86552,-80.83251,0.5,0.0,Not present/background
2018-09-13,Cedar Island; N of (Cedar Creek),28.95616,-80.85202,0.5,0.0,Not present/background
2018-09-13,Ranken Drive; E of (Mosquito Lagoon),28.95677,-80.88196,0.5,0.0,Not present/background
2018-09-13,Blacks Island; 1.4 mi S of (St. Joseph Bay),29.70236,-85.33401,0.5,0.0,Not present/background
2018-09-13,Pig Island; 0.7 mi E of (St. Joseph Bay),29.70403,-85.35882,0.5,0.0,Not present/background
2018-09-13,Blacks Island; SE of (St. Joseph Bay),29.71837,-85.32308,0.5,0.0,Not present/background
2018-09-13,Eagle Harbor; SE of (St. Joseph Bay),29.7588,-85.3847,0.5,0.0,Not present/background
2018-09-13,Mid-St. Joseph Bay,29.7848,-85.347,0.5,0.0,Not present/background
2018-09-13,Eagle Harbor; N of (St. Joseph Bay),29.78948,-85.39834,0.5,0.0,Not present/background
2018-09-13,Patton Bayou; W of (St. Joseph Bay),29.7987,-85.3045,0.5,667.0,Not present/background
2018-09-13,St. Joseph Point; 2.1 mi S of (St. Joseph Bay),29.84867,-85.398,0.5,0.0,Not present/background
2018-09-13,St. Joseph Point; SW of (St. Joseph Bay),29.86852,-85.39175,0.5,0.0,Not present/background
2018-09-14,Bahia Honda State Park Pier,24.654922,-81.28253,0.6,0.0,Not present/background
2018-09-14,Veterans Memorial Park,24.68142,-81.229443,0.3,0.0,Not present/background
2018-09-14,East 79th Street; S of,24.717153,-81.057337,0.3,0.0,Not present/background
2018-09-14,Keewaydin Island; S of,25.986564,-81.748322,0.5,0.0,Not present/background
2018-09-14,Gordon Pass; W of,26.092805,-81.804027,0.5,0.0,Not present/background
2018-09-14,Captiva Island;  E of (Pine Island Sound),26.5324,-82.175,0.2,0.0,Not present/background
2018-09-14,Captiva Island; E of (Pine Island Sound),26.548933,-82.1879,0.2,0.0,Not present/background
2018-09-14,Bayfront Park (Sarasota Bay),27.3266,-82.5626,0.5,0.0,Not present/background
2018-09-14,Sapphire Shores Park (Sarasota Bay),27.3761,-82.5635,0.5,0.0,Not present/background
2018-09-14,Conception Key (Lower Tampa Bay),27.641633,-82.6969,0.5,287483.0,Medium
2018-09-14,South Cunningham Key Park; W of (Lower Tampa Bay),27.651783,-82.717567,0.5,183400.0,Medium
2018-09-14,Dixie Highway Bridge; E of (Indian River),27.85566,-80.49085,1.0,0.0,Not present/background
2018-09-14,Anclote Key Lighthouse; 3.9 mi W of,28.148464,-82.905564,0.5,2000.0,Very low
2018-09-14,Anclote Key Lighthouse; 1.7 mi SW of,28.148522,-82.863156,0.5,5333.0,Very low
2018-09-14,Anclote Key; SE of (St. Joseph Sound),28.150183,-82.823981,0.5,1333.0,Very low
2018-09-14,Anclote Key; 3.5 mi W of,28.192342,-82.908992,0.5,5667.0,Very low
2018-09-14,Anclote Key; W of,28.193319,-82.866517,0.5,333.0,Not present/background
2018-09-14,Dutchman Key; 1.3 mi E of (Anclote Anchorage),28.193319,-82.822533,0.5,0.0,Not present/background
2018-09-14,Lutz Beach; S of,29.595433,-84.9652,1.0,0.0,Not present/background
2018-09-14,Veronica's Way; SE of,29.608483,-84.941167,1.0,0.0,Not present/background
2018-09-14,Millender Street; S of (St. George Sound),29.7301,-84.88478,0.1,0.0,Not present/background
2018-09-15,Little Gasparilla Island; 21 mi W of,26.820583,-82.624833,0.5,275011.0,Medium
2018-09-15,Little Gasparilla Island; 14 mi W of,26.8445,-82.528833,0.5,837487.0,Medium
2018-09-15,Anclote Key; S of,28.1449,-82.84655,0.3,0.0,Not present/background
2018-09-15,Eglin Beach Park; 4.6 mi S of,30.3199,-86.51755,0.1,2667.0,Very low
2018-09-15,Eglin Beach Park; 3.1 mi S of,30.340017,-86.51575,0.1,61333.0,Low
2018-09-15,Eglin Beach Park; N of (Choctawhatchee Bay),30.393267,-86.520117,0.1,1667.0,Very low
2018-09-15,Brooks Bridge; E of (ICW),30.400967,-86.599,0.1,0.0,Not present/background
2018-09-16,Ohio Key (Ohio Bahia Honda Channel),24.671972,-81.247417,0.2,0.0,Not present/background
2018-09-16,Sanibel lighthouse; 4.4 mi S of,26.388333,-82.016667,1.0,239333.0,Medium
2018-09-16,Fisherman Key (San Carlos Bay),26.493333,-82.021667,1.0,55667.0,Low
2018-09-16,Cayo Costa; 2.2 mi W of,26.6278,-82.26437,0.5,21841638.0,High
2018-09-16,Sirenia Vista Canoe & Kayak Launch,26.64413,-82.05578,1.0,0.0,Not present/background
2018-09-16,Cheryl Street; NW of (Matlacha Pass),26.645,-82.083,0.5,0.0,Not present/background
2018-09-16,North Shore Park (Caloosahatchee River),26.6573,-81.8829,1.0,0.0,Not present/background
2018-09-16,Jug Creek Point Shoal; W of (Charlotte Harbor),26.712,-82.149,0.5,0.0,Not present/background
2018-09-16,Don Pedro Island; W of,26.87275,-82.339133,0.3,271333.0,Medium
2018-09-16,Stump Pass; SE of,26.883333,-82.333333,0.5,994840.0,Medium
2018-09-16,Rio Tiber Drive; canal S of,26.90673,-82.08039,0.5,0.0,Not present/background
2018-09-16,Sabal Lane; E of (Lemon Bay),26.916667,-82.35,0.5,32333.0,Low
2018-09-16,Cedar Point; NW of (Lemon Bay),26.928,-82.34205,0.3,14667.0,Low
2018-09-16,Sandsprit Park Boat Ramp (Manatee Pocket),27.162256,-80.1939,0.7,0.0,Not present/background
2018-09-16,Indian Riverside Park Pier (Indian River),27.224761,-80.211264,0.7,0.0,Not present/background
2018-09-16,East Midway Road; N of (Indian River),27.38745,-80.2971,0.5,0.0,Not present/background
2018-09-16,Indian River Veterans Memorial Park Boat Ramp (Indian River),27.451811,-80.322742,1.0,0.0,Not present/background
2018-09-16,Barefoot Bay Pier (Indian River),27.88507,-80.5008,0.5,0.0,Not present/background
2018-09-16,Tropic; SW of (Indian River),28.1505,-80.635,0.5,0.0,Not present/background
2018-09-17,South Marco Beach,25.91165,-81.72805,0.5,0.0,Not present/background
2018-09-17,Naples Pier,26.13163,-81.8063,0.5,0.0,Not present/background
2018-09-17,Seagate,26.2073,-81.8169,0.5,26000.0,Low
2018-09-17,Vanderbilt Beach,26.25375,-81.82377,0.5,183621.0,Medium
2018-09-17,100th Avenue N; canal W of,26.262468,-81.819563,0.5,0.0,Not present/background
2018-09-17,Wiggins Pass,26.289031,-81.832387,0.5,29667.0,Low
2018-09-17,Wiggins Pass; W of,26.289321,-81.847588,0.5,81333.0,Low
2018-09-17,Barefoot Beach State Preserve,26.30481,-81.8362,0.5,255913.0,Medium
2018-09-17,Bowmans Beach; 6.9 mi SW of,26.3968,-82.2407,11.3,183687.0,Medium
2018-09-17,Bowmans Beach; 6.9 mi SW of,26.3968,-82.2407,0.5,2622983.0,High
2018-09-17,Sanibel Rocks; S of,26.4269,-82.1345,4.9,366278.0,Medium
2018-09-17,Sanibel Rocks; S of,26.4269,-82.1345,0.5,2737140.0,High
2018-09-17,Blind Pass; 2.8 mi W of,26.4866,-82.2282,8.5,83282.0,Low
2018-09-17,Blind Pass; 2.8 mi W of,26.4866,-82.2282,0.5,1027400.0,High
2018-09-17,Captiva Island; W of,26.5117,-82.206,5.5,330013.0,Medium
2018-09-17,Captiva Island; W of,26.5117,-82.206,0.5,5482260.0,High
2018-09-17,Safety Harbor (Pine Island Sound),26.6008,-82.217033,0.5,0.0,Not present/background
2018-09-17,Cayo Costa; E of (Pine Island Sound),26.61418,-82.2183,0.5,0.0,Not present/background
2018-09-17,Pejuan Cove,26.622667,-82.222,0.5,0.0,Not present/background
2018-09-17,Narrows Key; E of (Pine Island Sound),26.64162,-82.216,0.5,0.0,Not present/background
2018-09-17,Black Key; E of (Pine Island Sound),26.65,-82.1667,0.5,0.0,Not present/background
2018-09-17,Blind Pass Beach,26.96324,-82.38565,0.5,4000.0,Very low
2018-09-17,Manasota Beach,27.01031,-82.41312,0.5,2000.0,Very low
2018-09-17,Manasota Key Road; W of,27.03259,-82.426744,0.5,0.0,Not present/background
2018-09-17,Venice Beach; W of,27.037944,-82.4305,0.5,0.0,Not present/background
2018-09-17,Caspersen Beach,27.05703,-82.4436,0.5,18000.0,Low
2018-09-17,Brohard Beach,27.06631,-82.448,0.5,0.0,Not present/background
2018-09-17,Venice Fishing Pier; N of,27.0735,-82.4515,0.5,6000.0,Very low
2018-09-17,Service Club Park,27.07827,-82.45286,0.5,0.0,Not present/background
2018-09-17,Venice Beach,27.100035,-82.460985,0.5,0.0,Not present/background
2018-09-17,Venice Beach,27.10034,-82.46089,0.5,2000.0,Very low
2018-09-17,North Jetty,27.11382,-82.46883,0.5,20000.0,Low
2018-09-17,Nokomis Beach,27.12332,-82.47122,0.5,4000.0,Very low
2018-09-17,Nokomis Beach,27.123685,-82.471468,0.5,2333.0,Very low
2018-09-17,Turtle Beach,27.21843,-82.51711,0.5,0.0,Not present/background
2018-09-17,Siesta Beach,27.26518,-82.5531,0.5,94000.0,Low
2018-09-17,South Lido Park,27.29818,-82.56739,0.5,5840000.0,High
2018-09-17,Lido Beach Casino,27.311,-82.57718,0.5,16000.0,Low
2018-09-17,North Lido Beach,27.31561,-82.58171,0.5,1382000.0,High
2018-09-17,Ringling Causeway,27.32682,-82.56244,0.5,6000.0,Very low
2018-09-17,Longboat Key; 26 mi W of,27.361033,-83.042033,0.5,10333.0,Low
2018-09-17,Longboat Key; 26 mi W of,27.361033,-83.042033,,0.0,Not present/background
2018-09-17,Longboat Key; 35 mi W of,27.37245,-83.206417,0.5,17000.0,Low
2018-09-17,Longboat Key; 35 mi W of,27.37245,-83.206417,,23667.0,Low
2018-09-17,Longboat Key Beach,27.37317,-82.63202,0.5,15360000.0,High
2018-09-17,Longboat Key; 45 mi W of,27.384,-83.372433,0.5,0.0,Not present/background
2018-09-17,Longboat Key; 45 mi W of,27.384,-83.372433,,333.0,Not present/background
2018-09-17,Longboat Key; 50 mi W of,27.38565,-83.453267,0.5,2333.0,Very low
2018-09-17,Longboat Key; 50 mi W of,27.388583,-83.453367,,9667.0,Very low
2018-09-17,Longboat Pass Boat Ramp (Sarasota Bay),27.44602,-82.68798,0.5,9831360.0,High
2018-09-17,Cortez Beach,27.462064,-82.699179,0.5,11132100.0,High
2018-09-17,Bradenton Beach; 46 mi W of,27.471883,-83.45205,0.5,4333.0,Very low
2018-09-17,Palma Sola Bay Bridge,27.4959,-82.6522,0.5,230667.0,Medium
2018-09-17,Mead Point (Lower Tampa Bay),27.51477,-82.68395,0.2,1333.0,Very low
2018-09-17,School Key; NE of (Lower Tampa Bay),27.529833,-82.704,0.2,745110.0,Medium
2018-09-17,Anna Maria Island Rod & Reel Pier (Lower Tampa Bay),27.5385,-82.7402,0.5,208333.0,Medium
2018-09-17,Fletcher Point (Lower Tampa Bay),27.58512,-82.61482,0.5,29000.0,Low
2018-09-17,South Skyway Rest Area; NW of (Lower Tampa Bay),27.587433,-82.61895,0.2,0.0,Not present/background
2018-09-17,South Skyway Causeway; NE end of (Lower Tampa Bay),27.59275,-82.629067,0.2,667.0,Not present/background
2018-09-17,Joe Island; N of (Lower Tampa Bay),27.595514,-82.5912,0.2,1000.0,Not present/background
2018-09-17,Skyway Fishing Pier; South (Lower Tampa Bay),27.6055,-82.6508,0.5,235189.0,Medium
2018-09-17,Mullet Key; Gulf Pier,27.6133,-82.7391,0.5,414472.0,Medium
2018-09-17,Little Redfish Creek; 1.1 mi NW of (Lower Tampa Bay),27.632617,-82.5782,0.2,13000.0,Low
2018-09-17,Isla Del Sol; S of (Lower Tampa Bay),27.695222,-82.717065,0.5,1080327.0,High
2018-09-17,Gulfport Recreation Center (Boca Ciega Bay),27.735857,-82.710973,0.5,7000.0,Very low
2018-09-17,Walter and Bert Williams Fishing Pier (Boca Ciega Bay),27.737512,-82.7065,0.5,0.0,Not present/background
2018-09-17,FWRI Peninsula; SE tip of (Bayboro Harbor),27.759803,-82.631267,0.5,0.0,Not present/background
2018-09-17,FWRI Peninsula; SE tip of (Bayboro Harbor),27.759803,-82.631267,5.8,667.0,Not present/background
2018-09-17,La Contessa Pier,27.8121,-82.81915,0.5,51063420.0,High
2018-09-17,La Contessa Pier,27.812302,-82.818962,0.5,18294466.0,High
2018-09-17,South Rome Avenue; S of (Hillsborough Bay),27.928933,-82.47655,0.5,0.0,Not present/background
2018-09-17,Clearwater Pass,27.96035,-82.8243,0.5,358033.0,Medium
2018-09-17,Damascus Road; SW of (Old Tampa Bay),27.9605,-82.6987,1.0,0.0,Not present/background
2018-09-17,North Bayshore Boulevard; E of (Cooper Bayou),27.9732,-82.6969,1.0,0.0,Not present/background
2018-09-17,Ream Wilson Trail; E of (Old Tampa Bay),27.9857,-82.6913,1.0,0.0,Not present/background
2018-09-17,Safety Harbor Pier (Tampa Bay),27.988282,-82.684945,0.5,0.0,Not present/background
2018-09-17,Safety Harbor Pier (Tampa Bay),27.988282,-82.684945,1.4,0.0,Not present/background
2018-09-17,Harbor Pointe Marina (Indian River),28.615731,-80.802278,0.5,0.0,Not present/background
2018-09-17,Millender Street; S of (St. George Sound),29.7301,-84.88478,0.1,0.0,Not present/background
2018-09-17,Tyndall Bridge; S of (East Bay),30.099832,-85.611418,0.5,0.0,Not present/background
2018-09-17,St. Andrew State Park (St. Andrew Pass),30.1242,-85.7326,0.5,59000.0,Low
2018-09-17,Caroline Boulevard; S of (St. Andrew Bay),30.163,-85.6826,0.5,0.0,Not present/background
2018-09-17,Carl Gray Park (West Bay),30.1877,-85.7286,0.5,0.0,Not present/background
2018-09-17,Navarre Pier,30.376,-86.8631,0.5,0.0,Not present/background
2018-09-18,Grecian Dry Rocks,25.1107,-80.3061,0.5,667.0,Not present/background
2018-09-18,Blind Pass,26.4828,-82.1828,0.5,366278.0,Medium
2018-09-18,Buck Key; S of (Blind Pass),26.488,-82.1815,0.2,59000.0,Low
2018-09-18,York Island; W of (Pine Island Sound),26.4887,-82.1073,0.2,44667.0,Low
2018-09-18,Buck Key; 1.9 mi NE of (Pine Island Sound),26.532117,-82.15667,0.2,161063.0,Medium
2018-09-18,Regla Island; W of (Pine Island Sound),26.538,-82.1257,0.2,0.0,Not present/background
2018-09-18,Plantation Beach Club; E of (Pine Island Sound),26.54443,-82.1948,0.5,0.0,Not present/background
2018-09-18,Redfish Pass (Pine Island Sound),26.5535,-82.1963,0.2,103667.0,Medium
2018-09-18,Redfish Pass; 1.8 mi E of (Pine Island Sound),26.560417,-82.170817,0.2,8667.0,Very low
2018-09-18,Cork Island; W of (Pine Island Sound),26.5767,-82.1347,0.2,0.0,Not present/background
2018-09-18,Hemp Key; S of (Pine Island Sound),26.5902,-82.1561,0.2,8667.0,Very low
2018-09-18,Captiva Rocks; SW of (Pine Island Sound),26.59925,-82.18463,0.2,177840.0,Medium
2018-09-18,Safety Harbor (Pine Island Sound),26.60115,-82.218433,0.5,850978.0,Medium
2018-09-18,Captiva Pass,26.6092,-82.221,0.2,19333.0,Low
2018-09-18,Captiva Pass (Pine Island Sound),26.612733,-82.218317,0.5,130333.0,Medium
2018-09-18,Pejuan Cove,26.621083,-82.223133,0.5,0.0,Not present/background
2018-09-18,Narrows Key; E of (Pine Island Sound),26.642433,-82.217117,0.5,7000.0,Very low
2018-09-18,Murdock Bayou,26.64605,-82.237283,0.5,12333.0,Low
2018-09-18,Mondongo Island; W of (Pine Island Sound),26.6798,-82.2196,0.2,2000.0,Very low
2018-09-18,Little Bokeelia Island; N of (Charlotte Harbor),26.705,-82.1837,0.2,3333.0,Very low
2018-09-18,Boca Grande Pass,26.7117,-82.2583,0.2,0.0,Not present/background
2018-09-18,Cayo Pelau; 2 mi S of (Charlotte Harbor),26.74065,-82.2145,0.2,0.0,Not present/background
2018-09-18,Boca Grande Marina; SE of (Pine Island Sound),26.746333,-82.254983,0.5,0.0,Not present/background
2018-09-18,Devilfish Key; SW of (Pine Island Sound),26.757683,-82.243933,0.5,22667.0,Low
2018-09-18,Boca Grande Bayou,26.760333,-82.257733,0.5,0.0,Not present/background
2018-09-18,Three Sisters Island; W of (Gasparilla Sound),26.767617,-82.2504,0.5,11333.0,Low
2018-09-18,Hoagen Key; W of,26.76815,-82.258167,0.5,333.0,Not present/background
2018-09-18,Bull Key; NW of (Bull Bay),26.782417,-82.209383,0.2,0.0,Not present/background
2018-09-18,Cayo Pelau; N of (Gasparilla Sound),26.786021,-82.223062,0.2,0.0,Not present/background
2018-09-18,Gasparilla Island; E of (Gasparilla Sound),26.793733,-82.269517,0.5,528211.0,Medium
2018-09-18,Gasparilla Island; E of (Gasparilla Sound),26.797683,-82.2612,0.5,656394.0,Medium
2018-09-18,Sandfly Key; NE of (Gasparilla Sound),26.798,-82.231,0.2,0.0,Not present/background
2018-09-18,Gasparilla Pass,26.816167,-82.2805,0.2,0.0,Not present/background
2018-09-18,Catfish Creek; mouth of (Gasparilla Sound),26.8164,-82.2526,0.2,113220.0,Medium
2018-09-18,Manasota Beach,27.0117,-82.4138,0.5,22667.0,Low
2018-09-18,Venice Pier,27.0725,-82.4528,0.5,0.0,Not present/background
2018-09-18,Venice Beach,27.094286,-82.45917,1.0,0.0,Not present/background
2018-09-18,Venice Beach,27.0998,-82.4609,0.5,667.0,Not present/background
2018-09-18,St. Armands Key; N of (Pansy Bayou),27.3225,-82.5803,0.5,1488270.0,High
2018-09-18,Marina Jack (Sarasota Bay),27.3324,-82.5462,0.5,239333.0,Medium
2018-09-18,Atlas Street; W of,27.4003,-82.6515,0.5,7416085.0,High
2018-09-18,Pinellas Point Park; S of (Tampa Bay),27.69648,-82.65939,0.5,15667.0,Low
2018-09-18,Bay Vista Boat Ramp (Tampa Bay),27.703688,-82.639766,0.5,3000.0,Very low
2018-09-18,St Petersburg Beach; W of,27.713,-82.74,1.0,438461.0,Medium
2018-09-18,Lassing Park; E of (Tampa Bay),27.74976,-82.61461,0.5,0.0,Not present/background
2018-09-18,Isle of Palms; E of (Boca Ciega Bay),27.775667,-82.770817,0.5,17407985.0,High
2018-09-18,Beach Woods Pier (Indian River),28.02968,-80.54599,0.5,0.0,Not present/background
2018-09-18,Honeymoon Island State Park; South Beach,28.0586,-82.8267,0.5,65333.0,Low
2018-09-18,Geiger Point; Melbourne Causeway at (Indian River),28.08245,-80.59505,0.2,0.0,Not present/background
2018-09-18,Three Rooker Island; 5.4 mi W of,28.106,-82.9255,0.6,12667.0,Low
2018-09-18,Three Rooker Island; SE of (St. Joseph Sound),28.123,-82.822333,0.6,3333.0,Very low
2018-09-18,Eau Gallie Pier (Indian River),28.13248,-80.62418,0.2,0.0,Not present/background
2018-09-18,Anclote Key Lighthouse; 3.9 mi W of,28.1485,-82.9056,0.5,1000.0,Not present/background
2018-09-18,Anclote Key Lighthouse; 1.7 mi SW of,28.1485,-82.8632,0.5,667.0,Not present/background
2018-09-18,Anclote Key; SE of (St. Joseph Sound),28.1502,-82.824,0.5,333.0,Not present/background
2018-09-18,Howard Park (St. Joseph Sound),28.1532,-82.8017,1.0,0.0,Not present/background
2018-09-18,Anclote Key; 3.5 mi W of,28.1923,-82.909,0.5,0.0,Not present/background
2018-09-18,Anclote Gulf Park Pier (Anclote Anchorage),28.1925,-82.7881,1.0,0.0,Not present/background
2018-09-18,Anclote Key; W of,28.1932,-82.8665,0.5,333.0,Not present/background
2018-09-18,Dutchman Key; 1.3 mi E of (Anclote Anchorage),28.1933,-82.8225,0.5,0.0,Not present/background
2018-09-18,Ramp Road Park Boat Ramp (Banana River),28.309033,-80.614283,0.2,0.0,Not present/background
2018-09-18,Diamond Bay (Banana River),28.35034,-80.61298,0.5,0.0,Not present/background
2018-09-18,520 Slick Boat Ramp (Banana River),28.357133,-80.62844,0.2,0.0,Not present/background
2018-09-18,Cedar Key; 93 mi SW of,28.399117,-84.350467,0.5,0.0,Not present/background
2018-09-18,Kelly Park (Banana River),28.4017,-80.66245,0.2,0.0,Not present/background
2018-09-18,Port St. John Boat Ramp (Indian River),28.475083,-80.766533,0.2,0.0,Not present/background
2018-09-18,Round Island; 3 mi W of,28.514533,-82.73455,0.5,0.0,Not present/background
2018-09-18,Centipede Bay; 4.9 mi W of,28.516317,-82.7489,0.5,0.0,Not present/background
2018-09-18,NASA Causeway; SE side of (Indian River),28.52641,-80.7391,0.2,0.0,Not present/background
2018-09-18,Rock Island; 7.7 mi W of,28.564917,-82.78085,0.5,0.0,Not present/background
2018-09-18,Pine Island; N of,28.57895,-82.654267,0.5,0.0,Not present/background
2018-09-18,Parrish Park Boat Ramp (Indian River),28.62365,-80.795517,0.2,0.0,Not present/background
2018-09-18,Tripod Point; 2.9 mi S of,29.1234,-82.9124,0.5,0.0,Not present/background
2018-09-18,Ramsey Point; 2.9 mi W of (Waccasassa Bay),29.1265,-82.8495,0.5,0.0,Not present/background
2018-09-18,Indian Pass (St. Vincent Sound),29.6821,-85.2217,0.5,4000.0,Very low
2018-09-18,Neptune Street; N of (Indian Lagoon),29.683,-85.237667,0.5,0.0,Not present/background
2018-09-18,Pig Island; 0.7 mi E of (St. Joseph Bay),29.70403,-85.35882,0.5,0.0,Not present/background
2018-09-18,Seahorse Lane; E of (St. Joseph Bay),29.70415,-85.377567,0.8,0.0,Not present/background
2018-09-18,Cape Palms Park,29.716283,-85.3871,0.9,104333.0,Medium
2018-09-18,Blacks Island; SE of (St. Joseph Bay),29.71837,-85.32308,0.5,0.0,Not present/background
2018-09-18,Sawgrass Lane; NE of (St. Joseph Bay),29.722867,-85.382883,0.8,0.0,Not present/background
2018-09-18,Eagle Harbor; SE of (St. Joseph Bay),29.7588,-85.3847,0.5,0.0,Not present/background
2018-09-18,Eagle Harbor Boat Ramp,29.764662,-85.402524,0.8,0.0,Not present/background
2018-09-18,Mid-St. Joseph Bay,29.7848,-85.347,0.5,667.0,Not present/background
2018-09-18,Patton Bayou; W of (St. Joseph Bay),29.7987,-85.3045,0.5,0.0,Not present/background
2018-09-18,St. Joseph Point; E of (St. Joseph Bay),29.8787,-85.38264,0.5,87000.0,Low
2018-09-18,West Bay Point; SE of (North Bay),30.224222,-85.713972,0.5,0.0,Not present/background
2018-09-18,Pensacola Beach Pier,30.3273,-87.1419,1.0,0.0,Not present/background
2018-09-19,Sawyer Key; 2 mi NW of,24.769483,-81.601017,0.2,0.0,Not present/background
2018-09-19,Sawyer Key; 3.2 mi NW of,24.78372,-81.61275,0.2,1000.0,Not present/background
2018-09-19,Sawyer Key; 5.1 mi NW of,24.79875,-81.638667,0.2,2000.0,Very low
2018-09-19,Sawyer Key; 7 mi NW of,24.811917,-81.664667,0.2,3000.0,Very low
2018-09-19,Marco Island; 32 mi W of,25.903833,-82.241,0.5,0.0,Not present/background
2018-09-19,Marco Island; 32 mi W of,25.903833,-82.241,12.2,12667.0,Low
2018-09-19,Marco Island; 32 mi W of,25.903833,-82.241,,0.0,Not present/background
2018-09-19,Marco Island; 30 mi W of,25.915083,-82.21345,0.5,0.0,Not present/background
2018-09-19,Marco Island; 24 mi W of,25.953817,-82.130817,0.5,80667.0,Low
2018-09-19,Marco Island; 23 mi W of,25.958933,-82.127633,0.3,7174020.0,High
2018-09-19,Keewayden Island; 18 mi W of,25.99325,-82.04905,0.5,2333.0,Very low
2018-09-19,Keewayden Island; 12 mi W of,26.031033,-81.965767,0.5,0.0,Not present/background
2018-09-19,Sue's Beach; 5.7 mi W of,26.069467,-81.883417,0.5,36333.0,Low
2018-09-19,Silver Key; 14 mi SW of,26.384533,-82.378533,0.5,1333.0,Very low
2018-09-19,Silver Key; 18.6 mi W of,26.387133,-82.454483,0.5,125000.0,Medium
2018-09-19,McCardle Island; SW of (Matlacha Pass),26.5857,-82.0645,0.2,0.0,Not present/background
2018-09-19,Jug Creek Point; E of (Matlacha Pass),26.7003,-82.1208,0.2,333.0,Not present/background
2018-09-19,Boca Grande Pier (Gasparilla Sound),26.80562,-82.27415,0.5,200640.0,Medium
2018-09-19,Juno Beach Fishing Pier,26.893715,-80.0542,0.5,0.0,Not present/background
2018-09-19,Hog Island; S of (Charlotte Harbor),26.911667,-82.158833,0.5,0.0,Not present/background
2018-09-19,Englewood Beach,26.92467,-82.36189,0.5,0.0,Not present/background
2018-09-19,Venice Fishing Pier; SE of,27.0725,-82.451,1.0,0.0,Not present/background
2018-09-19,Casey Key Road; W of,27.158033,-82.486083,0.5,0.0,Not present/background
2018-09-19,New Pass Dock (Sarasota Bay),27.33375,-82.57938,0.5,5746050.0,High
2018-09-19,Gulfport Municipal Marina,27.740502,-82.696907,0.5,0.0,Not present/background
2018-09-19,Seminole Boat Ramp,27.97402,-82.802595,0.5,7000.0,Very low
2018-09-19,Hawksbill Island Drive; canal E of (Banana River),28.198262,-80.612495,0.5,0.0,Not present/background
2018-09-19,NASA Causeway; N of (Indian River),28.52811,-80.76569,0.5,0.0,Not present/background
2018-09-19,Menzo Park; 1.1 mi E of (Indian River),28.5808,-80.7806,0.5,0.0,Not present/background
2018-09-19,Space View Park; SE of (Indian River),28.60796,-80.79474,0.5,0.0,Not present/background
2018-09-19,Black Point; 1.2 mi NW of (Indian River),28.69283,-80.80489,0.5,0.0,Not present/background
2018-09-19,Pardon Island; 1.8 mi W of (Mosquito Lagoon),28.7645,-80.76573,0.5,0.0,Not present/background
2018-09-19,Bird Island; 1.5 mi NW of (Mosquito Lagoon),28.81952,-80.79941,0.3,0.0,Not present/background
2018-09-19,East Halifax Avenue; S of (Mosquito Lagoon),28.86552,-80.83251,0.3,0.0,Not present/background
2018-09-19,Cedar Island; N of (Cedar Creek),28.95616,-80.85202,0.3,0.0,Not present/background
2018-09-19,Ranken Drive; E of (Mosquito Lagoon),28.95677,-80.88196,0.3,0.0,Not present/background
2018-09-19,Cape San Blas; 32 mi SW of,29.228967,-85.562233,0.5,333.0,Not present/background
2018-09-19,Deer Island; 2.9 mi W of (Suwannee Sound),29.231333,-83.128667,0.5,0.0,Not present/background
2018-09-19,Alligator Pass; 3.4 mi S of,29.240333,-83.163333,0.5,0.0,Not present/background
2018-09-19,Cat Island; 1.4 mi SW of,29.318667,-83.198667,0.5,0.0,Not present/background
2018-09-19,Sand Island; N of (Apalachicola Bay),29.632225,-85.097167,0.2,0.0,Not present/background
2018-09-19,Alligator Harbor Boat Ramp,29.9235,-84.414167,0.5,0.0,Not present/background
2018-09-19,Bird Rock; 1.9 mi W of,29.9487,-83.87397,0.5,0.0,Not present/background
2018-09-19,Bald Point; 1.2 mi NE of,29.958167,-84.323667,0.5,0.0,Not present/background
2018-09-19,Possum Gap Island; 4.7 mi S of,29.97305,-83.90868,0.5,0.0,Not present/background
2018-09-19,Cabell Point; 6.5 mi S of,29.99147,-84.01587,0.5,0.0,Not present/background
2018-09-19,Bottoms Road Boat Ramp (Apalachee Bay),30.015833,-84.3683,0.5,0.0,Not present/background
2018-09-19,Snipe Island; 2.5 mi SW of,30.033402,-83.9752,0.5,0.0,Not present/background
2018-09-19,Shell Island; NE of (St. Andrew Bay),30.12155,-85.716683,0.5,99667.0,Low
2018-09-19,St. Andrews State Park; NE of (Grand Lagoon),30.1391,-85.7354,0.5,25333.0,Low
2018-09-19,Beechwood Drive; NE of (St. Andrew Bay),30.149767,-85.711133,0.5,5333.0,Very low
2018-09-19,Carl Gray Park; NW of (North Bay),30.190217,-85.729767,,0.0,Not present/background
2018-09-19,Navarre Pier,30.376,-86.8631,0.5,0.0,Not present/background
2018-09-20,Harbor Key; 4.2 mi NW of,24.8887,-81.4529,0.2,0.0,Not present/background
2018-09-20,Harbor Key; 5.8 mi N of,24.9128,-81.4392,0.2,0.0,Not present/background
2018-09-20,Big Spanish Key; 8 mi N of,24.9317,-81.4076,0.2,0.0,Not present/background
2018-09-20,Big Spanish Key; 9 mi N of,24.9436,-81.3729,0.2,0.0,Not present/background
2018-09-20,South Marco Beach,25.91165,-81.72805,0.5,0.0,Not present/background
2018-09-20,Naples Pier,26.13163,-81.8063,0.5,0.0,Not present/background
2018-09-20,Seagate,26.2073,-81.8169,0.5,35667.0,Low
2018-09-20,Vanderbilt Beach,26.25375,-81.82377,0.5,38000.0,Low
2018-09-20,Barefoot Beach State Preserve,26.30481,-81.8362,0.5,78667.0,Low
2018-09-20,Bonita Beach Park,26.33105,-81.84574,0.5,16333.0,Low
2018-09-20,Bowmans Beach; 10 mi SW of,26.36769,-82.28532,0.5,321300.0,Medium
2018-09-20,Bowmans Beach; 6.8 mi SW of,26.3843,-82.22768,0.5,5000.0,Very low
2018-09-20,Lovers Key State Park,26.3901,-81.8795,0.5,73333.0,Low
2018-09-20,Bowmans Beach; 4.1 mi SW of,26.39765,-82.174,0.5,86000.0,Low
2018-09-20,Tarpon Bay Road Beach; 1 mi SW of,26.41497,-82.09502,0.5,1651860.0,High
2018-09-20,Tarpon Bay Road Beach,26.4217,-82.0801,0.5,8152032.0,High
2018-09-20,Lighthouse Beach,26.45157,-82.01543,0.5,14237750.0,High
2018-09-20,Lynn Hall Park,26.45398,-81.95776,0.5,1029420.0,High
2018-09-20,Alison Hagerup Beach Park,26.5264,-82.1945,0.5,197667.0,Medium
2018-09-20,Maximo Beach (Sunshine Skyway Channel),27.709477,-82.682437,0.5,697906.0,Medium
2018-09-20,Clearwater Beach Pier 60,27.9777,-82.8323,0.5,333506.0,Medium
2018-09-20,Eagle Point Park; W of,28.226019,-82.768211,0.5,0.0,Not present/background
2018-09-20,Snake Key; 2.2 mi E of,29.10185,-82.991917,0.5,0.0,Not present/background
2018-09-20,North Key; 3 mi W of,29.131383,-83.143283,0.5,0.0,Not present/background
2018-09-20,Laguna Beach; 50 mi S of,29.505433,-85.924667,0.5,0.0,Not present/background
2018-09-20,Indian Pass Boat Ramp; E of,29.683,-85.221833,0.5,0.0,Not present/background
2018-09-20,Thirteen Mile Road; S of (St. Vincent Sound),29.6989,-85.1889,0.5,0.0,Not present/background
2018-09-20,Egret Lane; W of (St. Vincent Sound),29.7079,-85.1541,0.2,0.0,Not present/background
2018-09-20,Piney Point; 2.4 mi W of,29.76321,-83.62384,0.5,0.0,Not present/background
2018-09-20,Sponge Point; W of,29.78216,-83.60101,0.5,0.0,Not present/background
2018-09-20,Keaton Beach; W of,29.82005,-83.61198,0.5,0.0,Not present/background
2018-09-20,Keaton Beach; 2.5 mi W of,29.82065,-83.63799,0.5,0.0,Not present/background
2018-09-20,Mexico Beach Pier; E of,29.948614,-85.424585,0.5,167333.0,Medium
2018-09-20,Grayton Beach; 20 mi S of,30.05,-86.266667,0.3,0.0,Not present/background
2018-09-20,Posten Bayou; NW of (West Bay),30.195556,-85.7225,0.5,0.0,Not present/background
2018-09-20,Bailey Bridge; E of (North Bay),30.258667,-85.645806,0.5,0.0,Not present/background
2018-09-20,Destin Beach; 1 mi S of,30.366667,-86.505,0.3,0.0,Not present/background
2018-09-21,Aquatel Resort; N of (Manatee River),27.518933,-82.414383,0.5,0.0,Not present/background
2018-09-21,Clearwater Pass; 1 mi NW of,27.9744,-82.8465,0.3,632007.0,Medium
2018-09-21,Clearwater Pass; 1 mi NW of,27.9744,-82.8465,2.7,396950.0,Medium
2018-09-21,Anclote Key Lighthouse; 3.9 mi W of,28.1485,-82.9056,0.5,35000.0,Low
2018-09-21,Anclote Key Lighthouse; 1.7 mi SW of,28.1485,-82.8632,0.5,1000.0,Not present/background
2018-09-21,Anclote Key; SE of (St. Joseph Sound),28.1502,-82.824,0.5,0.0,Not present/background
2018-09-21,Anclote Key; 3.5 mi W of,28.1923,-82.909,0.5,1000.0,Not present/background
2018-09-21,Anclote Key; W of,28.1932,-82.8665,0.5,0.0,Not present/background
2018-09-21,Dutchman Key; 1.3 mi E of (Anclote Anchorage),28.1933,-82.8225,0.5,0.0,Not present/background
2018-09-21,Palm Island; 5.2 mi W of,29.33797,-83.2566,0.5,0.0,Not present/background
2018-09-21,Cotton Island; 2.8 mi S of,29.38778,-83.27618,0.5,0.0,Not present/background
2018-09-21,Horseshoe Beach; 1.9 mi SW of,29.41866,-83.30957,0.5,0.0,Not present/background
2018-09-21,Big Grassy Island; 2.4 mi S of,29.46193,-83.3819,0.5,0.0,Not present/background
2018-09-21,Navarre Pier,30.376,-86.8631,0.5,0.0,Not present/background
2018-09-22,Barefoot Bay Pier (Indian River),27.88507,-80.5008,0.5,0.0,Not present/background
2018-09-22,Clearwater Pass,27.96645,-82.832967,0.5,258552.0,Medium
2018-09-22,Clearwater Beach; 3.3 mi W of,27.9871,-82.883567,0.5,140220.0,Medium
2018-09-22,Hurricane Pass; 7 mi W of,28.0469,-82.9327,0.5,53667.0,Low
2018-09-22,Green Key; 1.7 mi W of,28.257022,-82.785211,0.5,0.0,Not present/background
2018-09-22,Nicks Park Boat Ramp (Millers Bayou),28.272367,-82.726139,0.5,0.0,Not present/background
2018-09-22,Betty Street; canal N of (Boggy Bay),28.284083,-82.726667,0.5,0.0,Not present/background
2018-09-22,Bayport Canal,28.5503,-82.6449,0.5,0.0,Not present/background
2018-09-22,Pine Island,28.571738,-82.656537,0.5,0.0,Not present/background
2018-09-22,Cedar Island Road; E of,29.81497,-83.5865,0.5,0.0,Not present/background
2018-09-22,Keaton Beach,29.818525,-83.593922,0.5,0.0,Not present/background
2018-09-23,Fort Zachary Taylor,24.54513,-81.809145,0.1,0.0,Not present/background
2018-09-23,Higgs Beach,24.547292,-81.78483,0.1,0.0,Not present/background
2018-09-23,Big Pine Key Fishing Lodge (Spanish Harbor Channel),24.647443,-81.329478,0.5,0.0,Not present/background
2018-09-23,Big Carlos Pass; 5.2 mi W of,26.399517,-81.975967,0.6,928340.0,Medium
2018-09-23,Ft. Myers Beach; 1.4 mi SW of,26.433983,-81.965617,0.6,3686760.0,High
2018-09-23,Tropic; SW of (Indian River),28.1505,-80.635,0.5,0.0,Not present/background
2018-09-23,North Anclote Key; NE of (Anclote Anchorage),28.214983,-82.835633,0.3,0.0,Not present/background
2018-09-24,South Marco Beach,25.91165,-81.72805,0.5,0.0,Not present/background
2018-09-24,Naples Pier,26.13163,-81.8063,0.5,0.0,Not present/background
2018-09-24,Seagate,26.2073,-81.8169,0.5,0.0,Not present/background
2018-09-24,Vanderbilt Beach,26.25375,-81.82377,0.5,0.0,Not present/background
2018-09-24,Barefoot Beach State Preserve,26.30481,-81.8362,0.5,0.0,Not present/background
2018-09-24,Cayo Costa; 3.5 mi W of,26.671944,-82.315833,0.5,30667.0,Low
2018-09-24,Cayo Costa; 2.5 mi W of,26.6975,-82.2975,0.5,13667.0,Low
2018-09-24,Gasparilla Island State Park; 1.5 mi E of (Gasparilla Sound),26.721883,-82.23535,0.5,0.0,Not present/background
2018-09-24,Blind Pass Beach,26.96324,-82.38565,0.5,0.0,Not present/background
2018-09-24,Manasota Beach,27.01031,-82.41312,0.5,0.0,Not present/background
2018-09-24,Caspersen Beach,27.05703,-82.4436,0.5,0.0,Not present/background
2018-09-24,Brohard Beach,27.06631,-82.448,0.5,2000.0,Very low
2018-09-24,Venice Fishing Pier; N of,27.0735,-82.4515,0.5,0.0,Not present/background
2018-09-24,Service Club Park,27.07827,-82.45286,0.5,0.0,Not present/background
2018-09-24,Venice Beach,27.10034,-82.46089,0.5,0.0,Not present/background
2018-09-24,North Jetty,27.11382,-82.46883,0.5,2000.0,Very low
2018-09-24,Nokomis Beach,27.12332,-82.47122,0.5,4000.0,Very low
2018-09-24,Siesta Key Beach; 24 mi W of,27.168467,-82.929183,0.5,1000.0,Not present/background
2018-09-24,Siesta Key Beach; 24 mi W of,27.168467,-82.929183,25.0,36333.0,Low
2018-09-24,Turtle Beach,27.21843,-82.51711,0.5,0.0,Not present/background
2018-09-24,Siesta Beach,27.26518,-82.5531,0.5,524000.0,Medium
2018-09-24,South Lido Park,27.29818,-82.56739,0.5,24000.0,Low
2018-09-24,Lido Beach Casino,27.311,-82.57718,0.5,32000.0,Low
2018-09-24,North Lido Beach,27.31561,-82.58171,0.5,106000.0,Medium
2018-09-24,Ringling Causeway,27.32682,-82.56244,0.5,4000.0,Very low
2018-09-24,Longboat Key Beach,27.37317,-82.63202,0.5,176000.0,Medium
2018-09-24,Longboat Pass Boat Ramp (Sarasota Bay),27.44602,-82.68798,0.5,748757.0,Medium
2018-09-24,Cortez Beach,27.462064,-82.699179,0.5,177840.0,Medium
2018-09-24,Palma Sola Bay Bridge,27.4959,-82.6522,0.5,0.0,Not present/background
2018-09-24,Mead Point (Lower Tampa Bay),27.51477,-82.68395,0.2,3000.0,Very low
2018-09-24,School Key; NE of (Lower Tampa Bay),27.529833,-82.704,0.2,110667.0,Medium
2018-09-24,Anna Maria Island Rod & Reel Pier (Lower Tampa Bay),27.5385,-82.7402,0.5,1014428.0,High
2018-09-24,Fletcher Point (Lower Tampa Bay),27.58512,-82.61482,0.5,0.0,Not present/background
2018-09-24,South Skyway Rest Area; NW of (Lower Tampa Bay),27.587433,-82.61895,0.2,3333.0,Very low
2018-09-24,Two Brothers Islands; SW of (Lower Tampa Bay),27.591656,-82.586951,0.2,0.0,Not present/background
2018-09-24,South Skyway Causeway; NE end of (Lower Tampa Bay),27.59275,-82.629067,0.2,1667.0,Very low
2018-09-24,Joe Island; N of (Lower Tampa Bay),27.595514,-82.5912,0.2,667.0,Not present/background
2018-09-24,Skyway Fishing Pier; South (Lower Tampa Bay),27.6055,-82.6508,0.5,19333.0,Low
2018-09-24,Mullet Key; Gulf Pier,27.6133,-82.7391,0.5,7333.0,Very low
2018-09-24,Little Redfish Creek; 1.1 mi NW of (Lower Tampa Bay),27.632617,-82.5782,0.2,1667.0,Very low
2018-09-24,FWRI Peninsula; SE tip of (Bayboro Harbor),27.759803,-82.631267,0.5,0.0,Not present/background
2018-09-24,FWRI Peninsula; SE tip of (Bayboro Harbor),27.759803,-82.631267,4.5,0.0,Not present/background
2018-09-24,La Contessa Pier,27.8121,-82.81915,0.5,79333.0,Low
2018-09-24,Clearwater Pass,27.96035,-82.8243,0.5,403920.0,Medium
2018-09-24,Harbor Pointe Marina (Indian River),28.615731,-80.802278,0.5,0.0,Not present/background
2018-09-24,Neptune Street; N of (Indian Lagoon),29.683,-85.237667,0.5,333.0,Not present/background
2018-09-24,Pig Island; 0.7 mi E of (St. Joseph Bay),29.70403,-85.35882,0.5,0.0,Not present/background
2018-09-24,Cape Palms Park,29.7162,-85.3871,0.6,0.0,Not present/background
2018-09-24,Eastwind Drive; NE of (St. Joseph Bay),29.717674,-85.380929,0.6,0.0,Not present/background
2018-09-24,Blacks Island; SE of (St. Joseph Bay),29.71837,-85.32308,0.5,0.0,Not present/background
2018-09-24,Millender Street; S of (St. George Sound),29.7301,-84.88478,0.1,0.0,Not present/background
2018-09-24,Eagle Harbor; SE of (St. Joseph Bay),29.7588,-85.3847,0.5,0.0,Not present/background
2018-09-24,St. Joseph Peninsula State Park,29.763889,-85.405,0.6,42333.0,Low
2018-09-24,Eagle Harbor Boat Ramp,29.7648,-85.403,0.6,0.0,Not present/background
2018-09-24,Mid-St. Joseph Bay,29.7848,-85.347,0.5,322392.0,Medium
2018-09-24,Patton Bayou; W of (St. Joseph Bay),29.7987,-85.3045,0.5,0.0,Not present/background
2018-09-24,St. Joseph Point (St. Joseph Bay),29.8787,-85.3826,0.5,12667.0,Low
2018-09-24,Richards Bayou; mouth of (East Bay),30.06075,-85.493611,0.5,0.0,Not present/background
2018-09-24,Earl Gilbert Park; SW of (East Bay),30.102483,-85.606167,0.5,0.0,Not present/background
2018-09-24,Pensacola Beach Pier,30.3273,-87.1419,1.0,0.0,Not present/background
2018-09-24,Navarre Pier,30.376,-86.8631,0.5,0.0,Not present/background
2018-09-25,Lower Arsnicker Keys; 7.2 mi W of,24.9159,-80.943,0.2,0.0,Not present/background
2018-09-25,Upper Arsnicker Keys; 8.5 mi NW of,24.93815,-80.9653,0.2,0.0,Not present/background
2018-09-25,Sandy Key; 5.2 mi SW of,24.96038,-80.98737,0.2,0.0,Not present/background
2018-09-25,Sandy Key; 3.4 mi S of,24.98417,-81.0118,0.2,0.0,Not present/background
2018-09-25,Stellrecht Point; NW of (Blackwater Sound),25.165,-80.405,0.5,0.0,Not present/background
2018-09-25,Bonita Beach Park,26.33105,-81.84574,0.5,0.0,Not present/background
2018-09-25,Lovers Key State Park,26.3901,-81.8795,0.5,0.0,Not present/background
2018-09-25,Tarpon Bay Road Beach,26.4217,-82.0801,0.5,2389483.0,High
2018-09-25,Lighthouse Beach,26.45157,-82.01543,0.5,6990480.0,High
2018-09-25,Lynn Hall Park,26.45398,-81.95776,0.5,333.0,Not present/background
2018-09-25,Buck Key; S of (Blind Pass),26.488,-82.1815,0.2,0.0,Not present/background
2018-09-25,York Island; W of (Pine Island Sound),26.4887,-82.1073,0.2,47333.0,Low
2018-09-25,Alison Hagerup Beach Park,26.5264,-82.1945,0.5,350250.0,Medium
2018-09-25,Buck Key; 1.9 mi NE of (Pine Island Sound),26.532117,-82.15667,0.2,667.0,Not present/background
2018-09-25,Regla Island; W of (Pine Island Sound),26.538,-82.1257,0.2,0.0,Not present/background
2018-09-25,Redfish Pass (Pine Island Sound),26.5535,-82.1963,0.2,26667.0,Low
2018-09-25,Redfish Pass; 1.8 mi E of (Pine Island Sound),26.560417,-82.170817,0.2,19667.0,Low
2018-09-25,Cork Island; W of (Pine Island Sound),26.5767,-82.1347,0.2,0.0,Not present/background
2018-09-25,Hemp Key; S of (Pine Island Sound),26.5902,-82.1561,0.2,0.0,Not present/background
2018-09-25,Captiva Rocks; SW of (Pine Island Sound),26.59925,-82.18463,0.2,0.0,Not present/background
2018-09-25,Captiva Pass,26.6092,-82.221,0.2,3667.0,Very low
2018-09-25,Mondongo Island; W of (Pine Island Sound),26.6798,-82.2196,0.2,333.0,Not present/background
2018-09-25,Little Bokeelia Island; N of (Charlotte Harbor),26.705,-82.1837,0.2,0.0,Not present/background
2018-09-25,Boca Grande Pass,26.7117,-82.2583,0.2,0.0,Not present/background
2018-09-25,Cayo Pelau; 2 mi S of (Charlotte Harbor),26.74065,-82.2145,0.2,0.0,Not present/background
2018-09-25,Bull Key; NW of (Bull Bay),26.782417,-82.209383,0.2,0.0,Not present/background
2018-09-25,Cayo Pelau; N of (Gasparilla Sound),26.786021,-82.223062,0.2,0.0,Not present/background
2018-09-25,Sandfly Key; NE of (Gasparilla Sound),26.798,-82.231,0.2,333.0,Not present/background
2018-09-25,Gasparilla Pass,26.816167,-82.2805,0.2,127956.0,Medium
2018-09-25,Catfish Creek; mouth of (Gasparilla Sound),26.8164,-82.2526,0.2,3333.0,Very low
2018-09-25,St. Armands Key; N of (Pansy Bayou),27.3225,-82.5803,0.5,7667.0,Very low
2018-09-25,Marina Jack (Sarasota Bay),27.3324,-82.5462,0.5,0.0,Not present/background
2018-09-25,New Pass Dock (Sarasota Bay),27.33375,-82.57938,0.5,496577.0,Medium
2018-09-25,Atlas Street; W of,27.4003,-82.6515,0.5,183333.0,Medium
2018-09-25,North Skyway Rest Area; 2.1 mi E of (Lower Tampa Bay),27.6443,-82.6396,0.5,85098.0,Low
2018-09-25,North Skyway Rest Area; 2.1 mi E of (Lower Tampa Bay),27.6443,-82.6396,,36667.0,Low
2018-09-25,Beacon Key; 3.7 mi W of (Lower Tampa Bay),27.6667,-82.59686,0.5,137333.0,Medium
2018-09-25,Beacon Key; 3.7 mi W of (Lower Tampa Bay),27.6667,-82.59686,,23333.0,Low
2018-09-25,Little Bayou; 1.2 E of (Lower Tampa Bay),27.71976,-82.61056,0.5,333.0,Not present/background
2018-09-25,Little Bayou; 1.2 E of (Lower Tampa Bay),27.71976,-82.61056,,2000.0,Very low
2018-09-25,Sand Key Park; E of (Clearwater Harbor),27.958333,-82.811667,0.5,829920.0,Medium
2018-09-25,Beach Woods Pier (Indian River),28.02968,-80.54599,0.5,0.0,Not present/background
2018-09-25,Hurricane Pass; W of,28.052183,-82.825433,0.5,8333.0,Very low
2018-09-25,Honeymoon Island State Park; South Beach,28.0586,-82.8267,0.5,1000.0,Not present/background
2018-09-25,Honeymoon Island; W of,28.06965,-82.850783,0.5,0.0,Not present/background
2018-09-25,Pelican Point; 2.5 mi W of,28.093783,-82.877983,0.5,9333.0,Very low
2018-09-25,Anclote Key Lighthouse; 3.9 mi W of,28.148464,-82.905564,0.5,2667.0,Very low
2018-09-25,Anclote Key Lighthouse; 1.7 mi SW of,28.148522,-82.863156,0.5,0.0,Not present/background
2018-09-25,Anclote Key; SE of (St. Joseph Sound),28.150183,-82.823981,0.5,0.0,Not present/background
2018-09-25,Fred Howard Park; 1.2 mi W of (St. Joseph Sound),28.150833,-82.825667,0.5,0.0,Not present/background
2018-09-25,Anclote Key; 3.5 mi W of,28.192342,-82.908992,0.5,0.0,Not present/background
2018-09-25,Anclote Key; W of,28.193236,-82.866517,0.5,1333.0,Very low
2018-09-25,Dutchman Key; 1.3 mi E of (Anclote Anchorage),28.193319,-82.822533,0.5,0.0,Not present/background
2018-09-25,North Anclote Key; 1.5 mi N of,28.235833,-82.8355,0.5,0.0,Not present/background
2018-09-25,Durney Key; N of,28.284667,-82.752,0.5,0.0,Not present/background
2018-09-25,Riverside Park; S of (Indian River North),29.02325,-80.918967,0.5,0.0,Not present/background
2018-09-25,Gomez Keys; W of,29.149333,-83.08,0.5,0.0,Not present/background
2018-09-25,Rattlesnake Key; 2.7 mi W of,29.155833,-83.109233,0.5,0.0,Not present/background
2018-09-25,Alligator Pass; 1.8 mi S of (Suwannee Sound),29.2635,-83.171,0.5,0.0,Not present/background
2018-09-25,Sikes Cut; N of (Apalachicola Bay),29.622,-84.963333,0.5,0.0,Not present/background
2018-09-25,Alligator Harbor Boat Ramp,29.9235,-84.414167,0.5,0.0,Not present/background
2018-09-25,Mashes Sands Beach,29.973333,-84.3405,0.5,0.0,Not present/background
2018-09-25,Crooked Island; N of (St. Andrew Sound),29.991477,-85.525307,0.3,0.0,Not present/background
2018-09-25,Bottoms Road Boat Ramp (Apalachee Bay),30.015833,-84.3683,0.5,0.0,Not present/background
2018-09-25,St. Andrew Sound,30.032155,-85.570721,0.3,0.0,Not present/background
2018-09-26,Naples Beach; 8.3 mi W of,26.171717,-81.945367,0.5,85333.0,Low
2018-09-26,Naples Beach; 8.3 mi W of,26.171717,-81.945367,,47667.0,Low
2018-09-26,Wiggins Island; 7.7 mi W of,26.301933,-81.959667,0.5,125333.0,Medium
2018-09-26,Wiggins Island; 7.7 mi W of,26.301933,-81.959667,,1333.0,Very low
2018-09-26,Barefoot Beach; 2.3 mi W of,26.329833,-81.8816,0.5,121333.0,Medium
2018-09-26,Barefoot Beach; 2.3 mi W of,26.329833,-81.8816,,0.0,Not present/background
2018-09-26,Boca Grande Pier (Gasparilla Sound),26.80562,-82.27415,0.5,9000.0,Very low
2018-09-26,Juno Beach Fishing Pier,26.893715,-80.0542,0.5,0.0,Not present/background
2018-09-26,Hog Island; S of (Charlotte Harbor),26.911667,-82.158833,0.2,0.0,Not present/background
2018-09-26,Englewood Beach,26.92467,-82.36189,0.5,252667.0,Medium
2018-09-26,Bunces Pass; 45 mi W of,27.64503,-83.47994,0.5,0.0,Not present/background
2018-09-26,Bunces Pass; 45 mi W of,27.64503,-83.47994,37.0,0.0,Not present/background
2018-09-26,Bunces Pass; 41 mi W of,27.64966,-83.410366,0.5,0.0,Not present/background
2018-09-26,Bunces Pass; 41 mi W of,27.64966,-83.410366,17.0,0.0,Not present/background
2018-09-26,Bunces Pass; 41 mi W of,27.64966,-83.410366,35.8,0.0,Not present/background
2018-09-26,Bunces Pass; 31 mi W of,27.64966,-83.2474,0.5,0.0,Not present/background
2018-09-26,Bunces Pass; 31 mi W of,27.64966,-83.2474,14.0,0.0,Not present/background
2018-09-26,Bunces Pass; 31 mi W of,27.64966,-83.2474,29.9,0.0,Not present/background
2018-09-26,Bunces Pass; 21 mi W of,27.64966,-83.084434,0.5,67667.0,Low
2018-09-26,Bunces Pass; 21 mi W of,27.64966,-83.084434,19.0,30667.0,Low
2018-09-26,Bunces Pass; 21 mi W of,27.64966,-83.084434,0.5,2.0,Not present/background
2018-09-26,Bunces Pass; 21 mi W of,27.64966,-83.084434,10.0,69.0,Not present/background
2018-09-26,Bunces Pass; 21 mi W of,27.64966,-83.084434,20.1,888.0,Not present/background
2018-09-26,Bunces Pass; 11 mi W of,27.64966,-82.921468,0.5,2441880.0,High
2018-09-26,Bunces Pass; 11 mi W of,27.64966,-82.921468,11.0,69667.0,Low
2018-09-26,Bunces Pass; 11 mi W of,27.64966,-82.921468,0.5,3862245.0,High
2018-09-26,Bunces Pass; 11 mi W of,27.64966,-82.921468,12.3,19000.0,Low
2018-09-26,Bunces Pass; 5.8 mi W of,27.64966,-82.84019,0.5,136667.0,Medium
2018-09-26,Bunces Pass; 5.8 mi W of,27.64966,-82.84019,8.9,45667.0,Low
2018-09-26,Maximo Beach (Sunshine Skyway Channel),27.7095,-82.6824,0.5,308739.0,Medium
2018-09-26,Honeymoon Island; 5.4 mi W of,28.055883,-82.911,0.5,48333.0,Low
2018-09-26,Honeymoon Island; 2.4 mi W of,28.057867,-82.864667,0.5,228667.0,Medium
2018-09-26,Geiger Point; Melbourne Causeway at (Indian River),28.08245,-80.59505,0.2,0.0,Not present/background
2018-09-26,Eau Gallie Pier (Indian River),28.13248,-80.62418,0.2,0.0,Not present/background
2018-09-26,Hawksbill Island Drive; canal E of (Banana River),28.198262,-80.612495,0.5,0.0,Not present/background
2018-09-26,Ramp Road Park Boat Ramp (Banana River),28.309033,-80.614283,0.2,0.0,Not present/background
2018-09-26,520 Slick Boat Ramp (Banana River),28.357133,-80.62844,0.2,0.0,Not present/background
2018-09-26,Kelly Park (Banana River),28.4017,-80.66245,0.2,0.0,Not present/background
2018-09-26,Port St. John Boat Ramp (Indian River),28.475083,-80.766533,0.2,0.0,Not present/background
2018-09-26,NASA Causeway; SE side of (Indian River),28.52641,-80.7391,0.2,0.0,Not present/background
2018-09-26,Parrish Park Boat Ramp (Indian River),28.62365,-80.795517,0.2,0.0,Not present/background
2018-09-26,Sand Island; N of (Apalachicola Bay),29.632225,-85.097167,0.2,0.0,Not present/background
2018-09-26,Egret Lane; W of (St. Vincent Sound),29.7079,-85.1541,0.2,0.0,Not present/background
2018-09-26,Crooked Island Beach,29.956111,-85.458611,0.5,132667.0,Medium
2018-09-26,St. Andrew State Park (St. Andrew Pass),30.1242,-85.7326,0.5,14000.0,Low
2018-09-26,Miramar Beach; 15 mi S of,30.1475,-86.3075,0.9,1667.0,Very low
2018-09-26,Beach Drive; S of (St. Andrew Bay),30.163251,-85.683345,0.5,26333.0,Low
2018-09-26,West Hathaway Bridge Wayside Park (St. Andrew Bay),30.1875,-85.7485,0.5,0.0,Not present/background
2018-09-26,Navarre Pier,30.376,-86.8631,0.5,0.0,Not present/background
2018-09-26,Destin Boardwalk; S of (Destin Harbor),30.39255,-86.507633,0.9,0.0,Not present/background
2018-09-27,South Marco Beach,25.91165,-81.72805,0.5,0.0,Not present/background
2018-09-27,Naples Pier,26.13163,-81.8063,0.5,0.0,Not present/background
2018-09-27,Seagate,26.2073,-81.8169,0.5,2000.0,Very low
2018-09-27,Vanderbilt Beach,26.25375,-81.82377,0.5,305667.0,Medium
2018-09-27,Delnor-Wiggins Pass State Park; 22 mi W of,26.283689,-82.180358,0.5,50333.0,Low
2018-09-27,Delnor-Wiggins Pass State Park; 22 mi W of,26.283689,-82.180358,,0.0,Not present/background
2018-09-27,Barefoot Beach State Preserve,26.30481,-81.8362,0.5,1333.0,Very low
2018-09-27,Sanibel Island; 4.4 mi S of,26.35855,-82.071758,0.5,6283858.0,High
2018-09-27,Sanibel Island; 4.4 mi S of,26.35855,-82.071758,,1886161.0,High
2018-09-27,Sanibel Beach; 3.4 mi SE of,26.411064,-81.982467,0.5,1704156.0,High
2018-09-27,Sanibel Beach; 3.4 mi SE of,26.411064,-81.982467,,6000.0,Very low
2018-09-27,South Venice Beach,27.036872,-82.429535,0.5,4716180.0,High
2018-09-27,Bay Dock (Sarasota Bay),27.3316,-82.5779,0.5,330000.0,Medium
2018-09-27,New Pass Dock (Sarasota Bay),27.33375,-82.57938,0.5,1766000.0,High
2018-09-27,Shell Key Shoal; 32 mi W of,27.672206,-83.270211,27.5,0.0,Not present/background
2018-09-27,St. Pete Beach; 41 mi W of,27.703403,-83.412912,31.0,0.0,Not present/background
2018-09-27,St. Petersburg Beach; 52 mi W of,27.73651,-83.59855,38.0,0.0,Not present/background
2018-09-27,Belleair Shore; 8.8 mi W of,27.912333,-82.989667,0.6,1231580.0,High
2018-09-27,Belleair Beach; 5.4 mi W of,27.947333,-82.9295,2.7,421344.0,Medium
2018-09-27,Clearwater Beach Pier 60,27.9777,-82.8323,0.5,204667.0,Medium
2018-09-27,Bird Island; 7.4 mi W of,29.583333,-83.531667,0.5,0.0,Not present/background
2018-09-27,Bird Island; 2.5 mi SW of,29.5928,-83.4471,0.5,0.0,Not present/background
2018-09-28,Sombrero Beach,24.691996,-81.087365,0.3,0.0,Not present/background
2018-09-28,Coconut Cay Resort and Marina,24.720749,-81.0637,0.1,0.0,Not present/background
2018-09-28,Pavilion Key; 9.2 mi SW of,25.6161,-81.4735,0.2,0.0,Not present/background
2018-09-28,Pavilion Key; 5.8 mi SW of,25.6379,-81.4241,0.2,0.0,Not present/background
2018-09-28,Pavilion Key; 2.9 mi SW of,25.6614,-81.3856,0.2,0.0,Not present/background
2018-09-28,Pavilion Key; SW of,25.6817,-81.3579,0.2,0.0,Not present/background
2018-09-28,Keewaydin Island; E of (Hurricane Pass),25.990014,-81.748905,0.5,0.0,Not present/background
2018-09-28,Gordon Pass,26.093024,-81.80342,0.5,667.0,Not present/background
2018-09-28,Cayo Costa; 14 mi W of,26.662883,-82.471217,0.5,42667.0,Low
2018-09-28,Cayo Costa; 17 mi W of,26.6661,-82.5319,0.5,1000.0,Not present/background
2018-09-28,Cayo Costa; 7.7 mi W of,26.690183,-82.381483,0.5,26667.0,Low
2018-09-28,Boca Grande Pass; 3.5 mi W of,26.711167,-82.315867,0.5,8333.0,Very low
2018-09-28,Bay Dock (Sarasota Bay),27.3316,-82.5779,0.5,210000.0,Medium
2018-09-28,New Pass Dock (Sarasota Bay),27.33375,-82.57938,0.5,326000.0,Medium
2018-09-28,Shell Key Shoal; 88 mi W of,27.672,-84.172,58.0,0.0,Not present/background
2018-09-28,Snell Isle; 2.3 mi SE of (Middle Tampa Bay),27.7723,-82.5789,0.5,0.0,Not present/background
2018-09-28,Sunlit Cove Boat Ramp,27.852073,-82.633577,0.5,0.0,Not present/background
2018-09-28,Dixie Highway Bridge; E of (Indian River),27.85566,-80.49085,1.5,0.0,Not present/background
2018-09-28,Weedon Island; E of (Old Tampa Bay),27.86111,-82.58911,0.5,0.0,Not present/background
2018-09-28,Big Island; 2.2 mi E of (Old Tampa Bay),27.9055,-82.6046,0.5,0.0,Not present/background
2018-09-28,Big Island; 2.2 mi E of (Old Tampa Bay),27.9055,-82.6046,2.6,0.0,Not present/background
2018-09-28,San Jose St; W of (Old Tampa Bay),27.9244,-82.5496,0.5,0.0,Not present/background
2018-09-28,High Point; 2 mi NE of (Old Tampa Bay),27.942,-82.675,0.5,0.0,Not present/background
2018-09-28,High Point; 2 mi NE of (Old Tampa Bay),27.942,-82.675,3.5,0.0,Not present/background
2018-09-28,Sand Key; 81 mi W of,27.94379,-84.16785,,0.0,Not present/background
2018-09-28,C. Campbell Causeway; 1.7 mi S of (Old Tampa Bay),27.94549,-82.62744,0.5,0.0,Not present/background
2018-09-28,Howard Frankland Bridge; N of (Old Tampa Bay),27.949,-82.561,0.5,0.0,Not present/background
2018-09-28,C. Campbell Causeway; S of (Old Tampa Bay),27.957,-82.622,0.5,0.0,Not present/background
2018-09-28,C. Campbell Causeway; S of (Old Tampa Bay),27.957,-82.622,4.4,0.0,Not present/background
2018-09-28,Cooper Point; E of (Old Tampa Bay),27.972,-82.673,0.5,0.0,Not present/background
2018-09-28,Old Tampa Bay Park; 1.7 mi S of (Old Tampa Bay),27.98,-82.62,0.5,0.0,Not present/background
2018-09-28,Philippe Park; NE of (Safety Harbor),28.02,-82.675,0.5,0.0,Not present/background
2018-09-28,Philippe Park; NE of (Safety Harbor),28.02,-82.675,2.3,0.0,Not present/background
2018-09-28,Round Island; 3 mi W of,28.514533,-82.73455,0.5,0.0,Not present/background
2018-09-28,Centipede Bay; 4.9 mi W of,28.516317,-82.7489,0.5,0.0,Not present/background
2018-09-28,Rock Island; 7.7 mi W of,28.564917,-82.78085,0.5,0.0,Not present/background
2018-09-28,Pine Island; 18 mi W of,28.583333,-82.953333,0.5,0.0,Not present/background
2018-09-28,Lemon Grove Island; 6 mi W of,28.595,-82.765,0.5,0.0,Not present/background
2018-09-29,Gordon Pass,26.092165,-81.80283,0.3,2333.0,Very low
2018-09-29,DuBois Park,26.9438,-80.0753,0.3,273980.0,Medium
2018-09-29,Lido Key Beach,27.3122,-82.5782,0.5,1073310.0,High
2018-09-29,Centennial Park Boat Ramp (Sarasota Bay),27.346,-82.5486,0.5,5667.0,Very low
2018-09-29,Sand Key Park; 81 mi W of,27.9575,-84.1637,49.5,0.0,Not present/background
2018-09-29,Aripeka; 119 mi W of,28.442806,-84.625,61.0,0.0,Not present/background
2018-09-29,Coon Key; 133 mi W of,28.51436,-84.8614,55.5,0.0,Not present/background
2018-09-29,Bayview Lane; SW of (Apalachacola Bay),29.713366,-85.011125,1.0,0.0,Not present/background
2018-09-29,Millender Street; E of (St. George Sound),29.730834,-84.884377,1.0,0.0,Not present/background
2018-09-30,Bahia Honda State Park,24.6639,-81.2714,0.3,0.0,Not present/background
2018-09-30,Palm Beach Inlet,26.772917,-80.03585,0.5,59667.0,Low
2018-09-30,Singer Island; 2.2 mi E of,26.78605,-79.996567,0.5,33000.0,Low
2018-09-30,John D. MacArthur Beach State Park; 2.1 mi E of,26.814367,-80.001583,0.5,21667.0,Low
2018-09-30,John D. MacArthur Beach State Park; 2.5 mi E of,26.8395,-80.000533,0.5,9667.0,Very low
2018-09-30,Knight Island; W of,26.883333,-82.333333,0.5,29000.0,Low
2018-09-30,Juno Beach; 2.7 mi E of,26.88345,-80.009567,0.5,42000.0,Low
2018-09-30,Stump Pass Beach State Park; 1.1 mi SW of,26.9,-82.366667,0.5,52667.0,Low
2018-09-30,Jupiter Beach; 2.4 mi E of,26.915083,-80.024633,0.5,60000.0,Low
2018-09-30,Jupiter Inlet; 6.9 mi E of,26.938333,-79.959217,0.5,40667.0,Low
2018-09-30,Jupiter Inlet; S of,26.9433,-80.0709,0.5,179010.0,Medium
2018-09-30,DuBois Park,26.9438,-80.0753,0.5,302940.0,Medium
2018-09-30,Jupiter Inlet; 5 mi E of,26.944167,-79.989298,0.5,56333.0,Low
2018-09-30,Jupiter Inlet; 2.1 mi E of,26.946467,-80.037517,0.5,103333.0,Medium
2018-09-30,Barefoot Bay Pier (Indian River),27.88507,-80.5008,0.5,0.0,Not present/background
2018-09-30,Tropic; SW of (Indian River),28.1505,-80.635,0.5,0.0,Not present/background
2018-09-30,Werner-Boyce Salt Springs State Park; 119 mi W of,28.3262,-84.6836,66.5,0.0,Not present/background
2018-09-30,Port Orange Causeway Park; N of (Halifax River),29.1524,-80.978,1.0,0.0,Not present/background
2018-09-30,Tomoka Marsh Aquatic Preseve; E of (Halifax River),29.3766,-81.086,1.0,0.0,Not present/background
2018-09-30,Shell Point Beach,30.058111,-84.291547,0.5,0.0,Not present/background
2018-09-30,Walker Creek Drive; canal S of,30.060617,-84.289456,0.5,0.0,Not present/background
2018-09-30,Miramar Beach; 3.5 mi SW of,30.328047,-86.381643,0.5,284088.0,Medium
2018-09-30,East Pass; 3.4 mi SE of,30.355577,-86.464945,0.5,23667.0,Low
2018-09-30,East Pass; 1.7 mi SE of,30.363113,-86.494995,0.5,44667.0,Low
2018-09-30,Range Road; S of (Choctawhatchee Bay),30.46386,-86.481232,0.5,0.0,Not present/background
2018-10-01,Sawyer Key; 2 mi NW of,24.769483,-81.601017,0.2,0.0,Not present/background
2018-10-01,Sawyer Key; 3.2 mi NW of,24.78372,-81.61275,0.2,0.0,Not present/background
2018-10-01,Sawyer Key; 5.1 mi NW of,24.79875,-81.638667,0.2,0.0,Not present/background
2018-10-01,Sawyer Key; 7 mi NW of,24.811917,-81.664667,0.2,0.0,Not present/background
2018-10-01,South Marco Beach,25.91165,-81.72805,0.5,0.0,Not present/background
2018-10-01,Naples Pier,26.13163,-81.8063,0.5,0.0,Not present/background
2018-10-01,Seagate,26.2073,-81.8169,0.5,0.0,Not present/background
2018-10-01,Vanderbilt Beach,26.25375,-81.82377,0.5,0.0,Not present/background
2018-10-01,Barefoot Beach State Preserve,26.30481,-81.8362,0.5,0.0,Not present/background
2018-10-01,Pelican Bay Nature Park Pier (Estero Bay),26.3584,-81.8375,0.5,0.0,Not present/background
2018-10-01,Carl Johnson Park Boat Ramp (Estero Bay),26.3936,-81.8655,0.5,0.0,Not present/background
2018-10-01,Coon Key; N of (Estero Bay),26.4287,-81.8832,0.5,2667.0,Very low
2018-10-01,Estero River; mouth of (Estero Bay),26.4294,-81.858,0.5,0.0,Not present/background
2018-10-01,Estero River; upstream,26.43861,-81.84,0.5,0.0,Not present/background
2018-10-01,Mound House Dock (Estero Bay),26.4462,-81.9272,0.5,138333.0,Medium
2018-10-01,Matanzas Pass (Estero Bay),26.4577,-81.9532,0.5,303333.0,Medium
2018-10-01,Gulf Stream Park; N of,26.51,-80.05,0.5,80664.0,Low
2018-10-01,Boca Grande Pass,26.7117,-82.2583,0.2,1777.0,Very low
2018-10-01,Cayo Pelau; 2 mi S of (Charlotte Harbor),26.74065,-82.2145,0.2,0.0,Not present/background
2018-10-01,Boca Grande Beach,26.747776,-82.264855,1.0,0.0,Not present/background
2018-10-01,Burnt Store Marina (Charlotte Harbor),26.7614,-82.0611,0.5,0.0,Not present/background
2018-10-01,Bull Key; NW of (Bull Bay),26.782417,-82.209383,0.2,0.0,Not present/background
2018-10-01,Cayo Pelau; N of (Gasparilla Sound),26.786021,-82.223062,0.2,0.0,Not present/background
2018-10-01,Sandfly Key; NE of (Gasparilla Sound),26.798,-82.231,0.2,2333.0,Very low
2018-10-01,Gasparilla Pass,26.816167,-82.2805,0.2,4333.0,Very low
2018-10-01,Catfish Creek; mouth of (Gasparilla Sound),26.8164,-82.2526,0.2,667.0,Not present/background
2018-10-01,"Juno Beach Fishing Pier, N of",26.8971,-80.057504,0.5,376000.0,Medium
2018-10-01,Punta Gorda Boat Ramp (Charlotte Harbor),26.9092,-82.0953,0.5,0.0,Not present/background
2018-10-01,Carlin Park Beach,26.930104,-80.068107,0.5,898000.0,Medium
2018-10-01,Jupiter Inlet (Loxahatchee River),26.944952,-80.074171,0.5,264000.0,Medium
2018-10-01,A1A Bridge; W of (Loxahatchee River),26.947392,-80.092817,0.5,1202000.0,High
2018-10-01,Pennock Point; E of (Loxahatchee River),26.950247,-80.108792,0.5,160000.0,Medium
2018-10-01,Blind Pass Beach,26.96324,-82.38565,0.5,16000.0,Low
2018-10-01,Coral Cove Park Beach,26.96368,-80.078118,0.5,112000.0,Medium
2018-10-01,Blowing Rocks Beach,26.978874,-80.082551,0.5,64000.0,Low
2018-10-01,Manasota Beach,27.01031,-82.41312,0.5,6000.0,Very low
2018-10-01,Caspersen Beach,27.05703,-82.4436,0.5,0.0,Not present/background
2018-10-01,Brohard Beach,27.06631,-82.448,0.5,0.0,Not present/background
2018-10-01,Venice Fishing Pier; N of,27.0735,-82.4515,0.5,0.0,Not present/background
2018-10-01,Service Club Park; W of,27.0782,-82.4529,0.5,0.0,Not present/background
2018-10-01,Service Club Park,27.07827,-82.45286,0.5,0.0,Not present/background
2018-10-01,Venice Beach,27.099767,-82.460977,0.5,4375780.0,High
2018-10-01,Venice Beach,27.10034,-82.46089,0.5,268000.0,Medium
2018-10-01,North Jetty,27.11382,-82.46883,0.5,154000.0,Medium
2018-10-01,Nokomis Beach,27.12332,-82.47122,0.5,0.0,Not present/background
2018-10-01,Nokomis Beach,27.123788,-82.47158,0.5,0.0,Not present/background
2018-10-01,Sandsprit Park Boat Ramp (Manatee Pocket),27.162256,-80.1939,0.7,7000.0,Very low
2018-10-01,Turtle Beach,27.21843,-82.51711,0.5,122000.0,Medium
2018-10-01,Indian Riverside Park Pier (Indian River),27.224761,-80.211264,0.7,0.0,Not present/background
2018-10-01,County Line,27.262933,-80.19955,0.5,2333.0,Very low
2018-10-01,Siesta Beach,27.26518,-82.5531,0.5,0.0,Not present/background
2018-10-01,Waveland Beach,27.2754,-80.2051,0.5,9667.0,Very low
2018-10-01,Dollman Park Beachside,27.2976,-80.2152,0.5,3000.0,Very low
2018-10-01,South Lido Park,27.29818,-82.56739,0.5,0.0,Not present/background
2018-10-01,Normandy Beach,27.3074,-80.2199,0.5,0.0,Not present/background
2018-10-01,Lido Beach Casino,27.311,-82.57718,0.5,0.0,Not present/background
2018-10-01,Normandy Beach; N of,27.3125,-80.2222,0.5,0.0,Not present/background
2018-10-01,North Lido Beach,27.31561,-82.58171,0.5,0.0,Not present/background
2018-10-01,Hermans Bay Beach,27.3213,-80.2261,0.5,0.0,Not present/background
2018-10-01,Ocean Bay Beach,27.3262,-80.2281,0.5,0.0,Not present/background
2018-10-01,Ringling Causeway,27.32682,-82.56244,0.5,6000.0,Very low
2018-10-01,Bay Dock (Sarasota Bay),27.3316,-82.5779,0.5,84000.0,Low
2018-10-01,New Pass Dock (Sarasota Bay),27.33375,-82.57938,0.5,72000.0,Low
2018-10-01,Walton Rocks Beach,27.3381,-80.2329,0.5,0.0,Not present/background
2018-10-01,Longboat Key Beach,27.37317,-82.63202,0.5,900000.0,Medium
2018-10-01,East Midway Road; N of (Indian River),27.38745,-80.2971,0.5,0.0,Not present/background
2018-10-01,Longboat Pass Boat Ramp (Sarasota Bay),27.44602,-82.68798,0.5,454028.0,Medium
2018-10-01,Indian River Veterans Memorial Park Boat Ramp (Indian River),27.451811,-80.322742,1.0,0.0,Not present/background
2018-10-01,Cortez Beach,27.462064,-82.699179,0.5,216667.0,Medium
2018-10-01,Mead Point (Lower Tampa Bay),27.51477,-82.68395,0.2,2000.0,Very low
2018-10-01,School Key; NE of (Lower Tampa Bay),27.529833,-82.704,0.2,13000.0,Low
2018-10-01,Anna Maria Island Rod & Reel Pier (Lower Tampa Bay),27.5385,-82.7402,0.5,73333.0,Low
2018-10-01,Fletcher Point (Lower Tampa Bay),27.58512,-82.61482,0.5,0.0,Not present/background
2018-10-01,South Skyway Rest Area; NW of (Lower Tampa Bay),27.587433,-82.61895,0.2,0.0,Not present/background
2018-10-01,South Skyway Causeway; NE end of (Lower Tampa Bay),27.59275,-82.629067,0.2,0.0,Not present/background
2018-10-01,Joe Island; N of (Lower Tampa Bay),27.595514,-82.5912,0.2,0.0,Not present/background
2018-10-01,Skyway Fishing Pier; South (Lower Tampa Bay),27.6055,-82.6508,0.5,0.0,Not present/background
2018-10-01,Mullet Key; Gulf Pier,27.6133,-82.7391,0.5,19333.0,Low
2018-10-01,Little Redfish Creek; 1.1 mi NW of (Lower Tampa Bay),27.632617,-82.5782,0.2,3333.0,Very low
2018-10-01,FWRI Peninsula; SE tip of (Bayboro Harbor),27.759803,-82.631267,0.5,0.0,Not present/background
2018-10-01,FWRI Peninsula; SE tip of (Bayboro Harbor),27.759803,-82.631267,5.5,0.0,Not present/background
2018-10-01,La Contessa Pier,27.8121,-82.81915,0.5,344736.0,Medium
2018-10-01,Clearwater Pass,27.96035,-82.8243,0.5,665532.0,Medium
2018-10-01,North Anclote Key; 107 mi W of,28.237783,-84.5993,67.5,0.0,Not present/background
2018-10-01,Neptune Street; N of (Indian Lagoon),29.683,-85.237667,0.5,72000.0,Low
2018-10-01,Cape Palms Park,29.716254,-85.387104,0.6,35333.0,Low
2018-10-01,Eastwind Drive; NE of,29.717745,-85.381112,0.5,0.0,Not present/background
2018-10-01,Spinaker Way; SW of,29.763948,-85.404834,0.6,61333.0,Low
2018-10-01,Spinaker Way; E of (Eagle Harbor),29.764657,-85.402453,0.6,0.0,Not present/background
2018-10-01,Piney Island; N of (Oyster Bay),30.0615,-84.347333,0.5,0.0,Not present/background
2018-10-01,East Pass; 1.7 mi SE of,30.371483,-86.545067,0.1,1333.0,Very low
2018-10-01,Highway 98 Bridge (Choctawhatchee Bay),30.3954,-86.515933,0.1,0.0,Not present/background
2018-10-01,White Point; 1.6 mi SE of (East Bay),30.427472,-87.05425,0.2,0.0,Not present/background
2018-10-01,Escribano Point; 2.5 mi SE of (East Bay),30.480389,-86.989222,0.2,0.0,Not present/background
2018-10-02,Harbor Key; 4.2 mi NW of,24.8887,-81.4529,0.2,0.0,Not present/background
2018-10-02,Harbor Key; 5.8 mi N of,24.9128,-81.4392,0.2,0.0,Not present/background
2018-10-02,Big Spanish Key; 8 mi N of,24.9317,-81.4076,0.2,0.0,Not present/background
2018-10-02,Big Spanish Key; 9 mi N of,24.9436,-81.3729,0.2,0.0,Not present/background
2018-10-02,Buccaneer Drive; W of,25.086083,-80.454083,0.1,0.0,Not present/background
2018-10-02,Crandon Park; E of,25.7111,-80.1436,0.5,13000.0,Low
2018-10-02,Crandon Park; 1.5 mi E of,25.711333,-80.127361,0.5,13000.0,Low
2018-10-02,Collins Park; 1.1 mi E of,25.796139,-80.108861,0.5,39667.0,Low
2018-10-02,Collins Park; E of,25.796333,-80.123206,0.5,7667.0,Very low
2018-10-02,North Shore Open Space Park; E of,25.868111,-80.117444,0.5,6000.0,Very low
2018-10-02,North Shore Open Space Park; 1.1 mi E of,25.868167,-80.102056,0.5,7333.0,Very low
2018-10-02,Haulover Beach; E of,25.914056,-80.119806,0.5,104000.0,Medium
2018-10-02,Haulover Beach; 1.1 mi E of,25.914306,-80.103639,0.5,127667.0,Medium
2018-10-02,Red Reef Park,26.3605,-80.06845,0.2,25667.0,Low
2018-10-02,Gumbo Limbo Nature Center (Lake Wyman),26.36754,-80.07116,0.2,12333.0,Low
2018-10-02,Knowles Park Boat Ramp (Gulf Stream),26.446944,-80.065833,0.5,0.0,Not present/background
2018-10-02,Buck Key; S of (Blind Pass),26.488,-82.1815,0.2,0.0,Not present/background
2018-10-02,York Island; W of (Pine Island Sound),26.4887,-82.1073,0.2,8444.0,Very low
2018-10-02,Merwin Key; W of (San Carlos Bay),26.500278,-82.0475,0.5,0.0,Not present/background
2018-10-02,Buck Key; 1.9 mi NE of (Pine Island Sound),26.532117,-82.15667,0.2,1667.0,Very low
2018-10-02,Regla Island; 1.4 mi W of (Pine Island Sound),26.53618,-82.14646,0.2,0.0,Not present/background
2018-10-02,Regla Island; W of (Pine Island Sound),26.538,-82.1257,0.2,0.0,Not present/background
2018-10-02,Boynton Inlet,26.54,-80.04,0.5,59667.0,Low
2018-10-02,Redfish Pass (Pine Island Sound),26.5535,-82.1963,0.2,0.0,Not present/background
2018-10-02,Redfish Pass; 1.8 mi E of (Pine Island Sound),26.560417,-82.170817,0.2,1333.0,Very low
2018-10-02,Cork Island; W of (Pine Island Sound),26.5767,-82.1347,0.2,0.0,Not present/background
2018-10-02,McCardle Island; SW of (Matlacha Pass),26.5857,-82.0645,0.5,0.0,Not present/background
2018-10-02,Hemp Key; S of (Pine Island Sound),26.5902,-82.1561,0.2,0.0,Not present/background
2018-10-02,Captiva Rocks; SW of (Pine Island Sound),26.59925,-82.18463,0.2,0.0,Not present/background
2018-10-02,Captiva Pass,26.6092,-82.221,0.2,0.0,Not present/background
2018-10-02,Mondongo Island; W of (Pine Island Sound),26.6798,-82.2196,0.2,333.0,Not present/background
2018-10-02,Jug Creek Point; E of (Matlacha Pass),26.7003,-82.1208,0.5,0.0,Not present/background
2018-10-02,Little Bokeelia Island; N of (Charlotte Harbor),26.705,-82.1837,0.2,0.0,Not present/background
2018-10-02,Boca Grande Pass,26.7117,-82.2583,0.2,0.0,Not present/background
2018-10-02,Don Pedro Island; 9.8 mi W of,26.859,-82.473183,0.5,215333.0,Medium
2018-10-02,Don Pedro Island; 7.8 mi W of,26.865,-82.445833,0.5,1151933.0,High
2018-10-02,Manasota Beach,27.0117,-82.4139,0.3,0.0,Not present/background
2018-10-02,Brohard Beach,27.0669,-82.4487,0.5,0.0,Not present/background
2018-10-02,St. Armands Key; N of (Pansy Bayou),27.3225,-82.5803,0.5,14333.0,Low
2018-10-02,Bay Dock (Sarasota Bay),27.3316,-82.5779,0.5,34000.0,Low
2018-10-02,Marina Jack (Sarasota Bay),27.3324,-82.5462,0.5,0.0,Not present/background
2018-10-02,New Pass Dock (Sarasota Bay),27.33375,-82.57938,0.5,62000.0,Low
2018-10-02,Atlas Street; W of,27.4003,-82.6515,0.5,1434728.0,High
2018-10-02,Beach Woods Pier (Indian River),28.02968,-80.54599,0.5,0.0,Not present/background
2018-10-02,Hawksbill Island Drive; canal E of (Banana River),28.198262,-80.612495,0.5,0.0,Not present/background
2018-10-02,Diamond Bay (Banana River),28.35034,-80.61298,0.5,0.0,Not present/background
2018-10-02,Shoal Line Boulevard; NW of,28.528812,-82.632219,0.5,0.0,Not present/background
2018-10-02,Pine Island; W of,28.571981,-82.655394,0.5,0.0,Not present/background
2018-10-02,Chassahowitzka National Wildlife Refuge; 106 mi W of,28.7089,-84.3939,36.5,0.0,Not present/background
2018-10-02,Bird Island; 1.5 mi NW of (Mosquito Lagoon),28.81952,-80.79941,0.3,0.0,Not present/background
2018-10-02,East Halifax Avenue; S of (Mosquito Lagoon),28.86552,-80.83251,0.3,0.0,Not present/background
2018-10-02,Shell Island; 2.6 mi W of (Crystal Bay),28.925,-82.74167,0.1,0.0,Not present/background
2018-10-02,Cedar Island; N of (Cedar Creek),28.95616,-80.85202,0.3,0.0,Not present/background
2018-10-02,Ranken Drive; E of (Mosquito Lagoon),28.95677,-80.88196,0.3,0.0,Not present/background
2018-10-02,Seahorse Key; 8.4 mi SW of,29.02313,-83.18087,0.5,0.0,Not present/background
2018-10-02,Seahorse Key; 2.5 mi SW of,29.08132,-83.1102,0.5,0.0,Not present/background
2018-10-02,Pensacola Beach Pier,30.3273,-87.1419,1.0,0.0,Not present/background
2018-10-02,Sherman Cove,30.333012,-87.325914,0.3,0.0,Not present/background
2018-10-02,Butchpen Cove; 1.7 mi N of (Pensacola Bay),30.400472,-87.159028,0.2,0.0,Not present/background
2018-10-02,Hernandez Point; 1.7 mi NW of (Escambia Bay),30.466833,-87.122056,0.2,0.0,Not present/background
2018-10-03,Boca Inlet Park,26.3343,-80.0719,0.5,117835.0,Medium
2018-10-03,Bonita Beach (Estero Bay),26.35497,-81.84452,0.5,0.0,Not present/background
2018-10-03,Spanish River Park,26.378618,-80.066555,0.5,256394.0,Medium
2018-10-03,Long Key (Estero Bay),26.38591,-81.84631,0.5,0.0,Not present/background
2018-10-03,Estero Island (Estero Bay),26.43494,-81.91138,0.5,0.0,Not present/background
2018-10-03,Gulfstream Park,26.5049,-80.0509,0.5,46333.0,Low
2018-10-03,Ocean Inlet Park,26.5443,-80.0429,0.5,189333.0,Medium
2018-10-03,R. G. Kreusler Park,26.6163,-80.0362,0.5,167333.0,Medium
2018-10-03,Phil Foster Park (Lake Worth),26.7832,-80.0416,0.5,2667.0,Very low
2018-10-03,Ocean Reef Park,26.794,-80.0313,0.5,309060.0,Medium
2018-10-03,Boca Grande Pier (Gasparilla Sound),26.80562,-82.27415,0.5,36000.0,Low
2018-10-03,Gasparilla Pass,26.816167,-82.2805,0.2,0.0,Not present/background
2018-10-03,John D. MacArthur Beach State Park,26.82048,-80.0373,0.5,169065.0,Medium
2018-10-03,Garfield Court; SW of (Placida Harbor),26.8385,-82.2795,0.2,0.0,Not present/background
2018-10-03,Juno Beach Fishing Pier,26.893715,-80.0542,0.5,180348.0,Medium
2018-10-03,Stump Pass (Lemon Bay),26.898667,-82.339333,0.2,0.0,Not present/background
2018-10-03,Englewood Beach,26.92467,-82.36189,0.5,0.0,Not present/background
2018-10-03,Carlin Park Beach,26.930104,-80.068107,0.5,1256000.0,High
2018-10-03,Tom Adams Bridge; S of (Lemon Bay),26.9307,-82.3498,0.2,0.0,Not present/background
2018-10-03,Indiantown Road Bridge; N of (Lake Worth Creek),26.934296,-80.084066,0.5,796000.0,Medium
2018-10-03,Dubois Park Lagoon (Loxahatchee River),26.943203,-80.074508,0.5,272000.0,Medium
2018-10-03,Jupiter Inlet (Loxahatchee River),26.944952,-80.074171,0.5,274000.0,Medium
2018-10-03,A1A Bridge; W of (Loxahatchee River),26.947392,-80.092817,0.5,295000.0,Medium
2018-10-03,Pennock Point; E of (Loxahatchee River),26.950247,-80.108792,0.5,442000.0,Medium
2018-10-03,Indian Mound Park; SW of (Lemon Bay),26.95133,-82.36577,0.5,0.0,Not present/background
2018-10-03,Indian Mound Park; SW of (Lemon Bay),26.95133,-82.36577,0.5,0.0,Not present/background
2018-10-03,South Beach Road Bridge; S of (Indian River),26.952424,-80.07908,0.5,141000.0,Medium
2018-10-03,Blind Pass Beach; E of (Lemon Bay),26.96324,-82.3747,0.2,0.0,Not present/background
2018-10-03,Coral Cove Park Beach,26.96368,-80.078118,0.5,138000.0,Medium
2018-10-03,Jupiter Point Marina; E of (Indian River),26.976028,-80.086284,0.5,27000.0,Low
2018-10-03,Blowing Rocks Beach,26.978874,-80.082551,0.5,65000.0,Low
2018-10-03,Leachs Key; N of (Lemon Bay),26.9813,-82.38921,0.5,0.0,Not present/background
2018-10-03,Forked Creek; NW of (Lemon Bay),27.0015,-82.4053,0.5,0.0,Not present/background
2018-10-03,Manasota Beach Bridge; NW of (ICW),27.01554,-82.41316,0.5,0.0,Not present/background
2018-10-03,Shamrock Park; S of (ICW),27.04493,-82.43241,0.5,0.0,Not present/background
2018-10-03,Hobe Sound Beach,27.066767,-80.114733,0.5,27667.0,Low
2018-10-03,Venice Municiple Airport; E of (ICW),27.0677,-82.431,0.5,0.0,Not present/background
2018-10-03,Venice Pier,27.0725,-82.4528,0.3,0.0,Not present/background
2018-10-03,Venice Beach,27.0998,-82.4609,0.3,0.0,Not present/background
2018-10-03,Roberts Bay; Venice,27.1089,-82.4479,0.5,0.0,Not present/background
2018-10-03,Snake Island (Venice Inlet),27.1128,-82.4627,0.5,0.0,Not present/background
2018-10-03,Dona Bay,27.1263,-82.4487,0.5,0.0,Not present/background
2018-10-03,Lyons Bay; Canal N of,27.1329,-82.4618,0.5,0.0,Not present/background
2018-10-03,Albee Road Bridge; N of (Blackburn Bay),27.13421,-82.47046,0.5,0.0,Not present/background
2018-10-03,Southern Blackburn Bay,27.14446,-82.47512,0.5,0.0,Not present/background
2018-10-03,Mid-Blackburn Bay,27.15314,-82.4802,0.5,0.0,Not present/background
2018-10-03,Northern Blackburn Bay,27.16133,-82.48455,0.5,0.0,Not present/background
2018-10-03,Dryman Bay,27.17174,-82.49235,0.5,0.0,Not present/background
2018-10-03,Dryman Bay,27.17174,-82.49235,0.5,0.0,Not present/background
2018-10-03,Bathtub Beach,27.187033,-80.160417,0.5,2333.0,Very low
2018-10-03,Blackburn Point Road; N of (Little Sarasota Bay),27.1899,-82.49436,0.5,0.0,Not present/background
2018-10-03,Spanish Point; S of (Little Sarasota Bay),27.19858,-82.50238,0.5,0.0,Not present/background
2018-10-03,Bird Keys; NE of (Little Sarasota Bay),27.21758,-82.50273,0.5,0.0,Not present/background
2018-10-03,Blind Pass; N of (Little Sarasota Bay),27.22613,-82.51325,0.5,0.0,Not present/background
2018-10-03,Coral Cove; S of (Little Sarasota Bay),27.23511,-82.52013,0.5,0.0,Not present/background
2018-10-03,Coral Cove; NW of (Little Sarasota Bay),27.24775,-82.52234,0.5,0.0,Not present/background
2018-10-03,Jensen Beach,27.253567,-80.194917,0.5,1000.0,Not present/background
2018-10-03,Stickney Point Bridge; N of (Roberts Bay; Sarasota),27.25707,-82.53238,0.5,0.0,Not present/background
2018-10-03,Philippe Creek; S of (Roberts Bay; Sarasota),27.26634,-82.54074,0.5,1000.0,Not present/background
2018-10-03,Edwards Island; S of (Roberts Bay; Sarasota),27.28559,-82.54434,0.5,2000.0,Very low
2018-10-03,Edwards Island; SW (Roberts Bay; Sarasota),27.29178,-82.55099,0.5,0.0,Not present/background
2018-10-03,Bay Island Park; NE of (Sarasota Bay),27.31165,-82.54243,0.5,0.0,Not present/background
2018-10-03,Bird Key; W of (Sarasota Bay),27.31177,-82.56508,0.5,7000.0,Very low
2018-10-03,Bird Key; W of (Sarasota Bay),27.31177,-82.56508,0.5,8000.0,Very low
2018-10-03,Bird Key; E of (Sarasota Bay),27.31382,-82.55319,0.5,0.0,Not present/background
2018-10-03,Island Park; S of (Sarasota Bay),27.32001,-82.54623,0.5,1000.0,Not present/background
2018-10-03,New Pass (Sarasota Bay),27.33075,-82.58471,0.5,35000.0,Low
2018-10-03,Bay Dock (Sarasota Bay),27.3316,-82.5779,0.5,26000.0,Low
2018-10-03,New Pass Dock (Sarasota Bay),27.33375,-82.57938,0.5,64000.0,Low
2018-10-03,New Pass Dock (Sarasota Bay),27.33375,-82.57938,0.5,41000.0,Low
2018-10-03,Quick Point (New Pass),27.33717,-82.58067,0.2,11000.0,Low
2018-10-03,Causeway Park; NW of (Sarasota Bay),27.3377,-82.55514,0.5,2000.0,Very low
2018-10-03,City Island; NE of (Sarasota Bay),27.33932,-82.56744,0.5,18000.0,Low
2018-10-03,Centennial Park; NW of (Sarasota Bay),27.35294,-82.56188,0.5,13000.0,Low
2018-10-03,Quick Point; N of (Sarasota Bay),27.35317,-82.582,0.5,72000.0,Low
2018-10-03,Longboat Key; E of (Sarasota Bay),27.3609,-82.594,0.5,31000.0,Low
2018-10-03,Indian Beach; SW of (Sarasota Bay),27.36367,-82.56204,0.5,3000.0,Very low
2018-10-03,Bishops Point; E of (Sarasota Bay),27.3705,-82.594,0.5,44000.0,Low
2018-10-03,Stephens Point; SW of (Sarasota Bay),27.37123,-82.57739,0.5,5000.0,Very low
2018-10-03,Stephens Point; SW of (Sarasota Bay),27.37123,-82.57739,0.5,11000.0,Low
2018-10-03,Mid-Sarasota Bay,27.38478,-82.5835,0.5,358000.0,Medium
2018-10-03,Bishops Point; N of (Sarasota Bay),27.3889,-82.6143,0.5,366000.0,Medium
2018-10-03,Coon Key; S of (Sarasota Bay),27.438,-82.6435,0.2,8667.0,Very low
2018-10-03,Longboat Pass (Sarasota Bay),27.443167,-82.688,0.2,59333.0,Low
2018-10-03,North Causeway Island Park Boat Ramp; N of (Indian River),27.47401,-80.32269,0.5,0.0,Not present/background
2018-10-03,Blue Hole Creek; S of (Indian River),27.52775,-80.32761,0.5,0.0,Not present/background
2018-10-03,Round Island; W of (Indian River),27.55483,-80.3425,0.5,0.0,Not present/background
2018-10-03,Maximo Beach (Sunshine Skyway Channel),27.7095,-82.6824,0.5,1004050.0,High
2018-10-03,Maximo Park Boat Ramp,27.712295,-82.682846,0.5,9667.0,Very low
2018-10-03,FWRI Peninsula; SE tip of (Bayboro Harbor),27.759803,-82.631267,0.5,0.0,Not present/background
2018-10-03,FWRI Peninsula; SE tip of (Bayboro Harbor),27.759803,-82.631267,5.2,0.0,Not present/background
2018-10-03,Roseate Island; NE of (Indian River),27.82037,-80.44951,0.5,0.0,Not present/background
2018-10-03,St. Sebastian River; SE of (Indian River),27.84579,-80.4738,0.5,0.0,Not present/background
2018-10-03,Sebastian Inlet Boat Ramp; E of (Indian River),27.84994,-80.45318,0.5,0.0,Not present/background
2018-10-03,Barefoot Bay Pier; NE of (Indian River),27.88805,-80.49474,0.5,0.0,Not present/background
2018-10-03,Honeymoon Island State Park; South Beach,28.0586,-82.8267,0.5,7667.0,Very low
2018-10-03,Geiger Point; Melbourne Causeway at (Indian River),28.08245,-80.59505,0.2,0.0,Not present/background
2018-10-03,Eau Gallie Pier (Indian River),28.13248,-80.62418,0.2,0.0,Not present/background
2018-10-03,Anclote Key Lighthouse; 3.9 mi W of,28.148464,-82.905564,0.5,294210.0,Medium
2018-10-03,Anclote Key Lighthouse; 1.7 mi SW of,28.148522,-82.863156,0.5,333.0,Not present/background
2018-10-03,Anclote Key; SE of (St. Joseph Sound),28.150183,-82.823981,0.5,333.0,Not present/background
2018-10-03,Howard Park Causeway; S of (St. Joseph Sound),28.1532,-82.8017,2.0,0.0,Not present/background
2018-10-03,Anclote Key; 3.5 mi W of,28.192342,-82.908992,0.5,11333.0,Low
2018-10-03,Anclote Gulf Park Pier (Anclote Anchorage),28.1925,-82.7881,2.0,0.0,Not present/background
2018-10-03,Anclote Key; W of,28.193236,-82.866517,0.5,1000.0,Not present/background
2018-10-03,Dutchman Key; 1.3 mi E of (Anclote Anchorage),28.193319,-82.822533,0.5,0.0,Not present/background
2018-10-03,Green Key Beach,28.2536,-82.7575,1.0,0.0,Not present/background
2018-10-03,Ramp Road Park Boat Ramp (Banana River),28.309033,-80.614283,0.2,0.0,Not present/background
2018-10-03,520 Slick Boat Ramp (Banana River),28.357133,-80.62844,0.2,0.0,Not present/background
2018-10-03,Kelly Park (Banana River),28.4017,-80.66245,0.2,0.0,Not present/background
2018-10-03,Aripeka; 106 mi W of,28.4269,-84.4169,0.5,0.0,Not present/background
2018-10-03,Aripeka; 106 mi W of,28.4269,-84.4169,45.5,0.0,Not present/background
2018-10-03,Bathhouse Island; 90 mi W of,28.458,-84.141,0.5,333.0,Not present/background
2018-10-03,Bathhouse Island; 90 mi W of,28.458,-84.141,,0.0,Not present/background
2018-10-03,Port St. John Boat Ramp (Indian River),28.475083,-80.766533,0.2,0.0,Not present/background
2018-10-03,NASA Causeway; SE side of (Indian River),28.52641,-80.7391,0.2,0.0,Not present/background
2018-10-03,Parrish Park Boat Ramp (Indian River),28.62365,-80.795517,0.2,0.0,Not present/background
2018-10-03,Deadmans Key; 1.1 mi W of,28.988167,-82.784833,0.5,0.0,Not present/background
2018-10-03,Porpoise Point; SW of (Withlacoochee Bay),29.048333,-82.810333,0.5,0.0,Not present/background
2018-10-03,Sikes Cut; N of (Apalachicola Bay),29.622,-84.963333,0.5,0.0,Not present/background
2018-10-03,St. Vincent Island (West Pass),29.6321,-85.0973,0.1,0.0,Not present/background
2018-10-03,St. Joseph Bay Preserve Canoe Launch (Lighthouse Bayou),29.679,-85.3643,0.5,0.0,Not present/background
2018-10-03,Neptune Street; N of (Indian Lagoon),29.683,-85.237667,0.5,20667.0,Low
2018-10-03,Indian Pass Boat Ramp (St. Vincent Sound),29.68305,-85.22203,0.5,1333.0,Very low
2018-10-03,Thirteen Mile Road; S of (St. Vincent Sound),29.6989,-85.1889,0.5,0.0,Not present/background
2018-10-03,Egret Lane; W of (St. Vincent Sound),29.7079,-85.1541,0.1,0.0,Not present/background
2018-10-03,Millender Street; S of (St. George Sound),29.7301,-84.88478,0.1,0.0,Not present/background
2018-10-03,Eagle Harbor Boat Ramp,29.7648,-85.403,0.5,0.0,Not present/background
2018-10-03,Frank Pate Park Boat Ramp (St. Joseph Bay),29.810863,-85.305698,0.5,0.0,Not present/background
2018-10-03,Carrabelle Beach (St. George Sound),29.828667,-84.692333,0.5,0.0,Not present/background
2018-10-03,Parker Avenue; W of (St. Joseph Sound),29.8409,-85.3199,0.5,0.0,Not present/background
2018-10-03,Alligator Harbor Boat Ramp,29.9235,-84.414167,0.5,0.0,Not present/background
2018-10-03,Crooked Island Beach,29.956,-85.4562,0.5,970900.0,Medium
2018-10-03,Mashes Sands Beach,29.973333,-84.3405,0.5,0.0,Not present/background
2018-10-03,Earl Gilbert Park Boat Ramp (East Bay),30.10516,-85.60401,0.5,106000.0,Medium
2018-10-03,West Hathaway Bridge Wayside Park (St. Andrew Bay),30.1875,-85.7485,0.5,58000.0,Low
2018-10-03,Navarre Pier,30.376,-86.8631,0.5,1000.0,Not present/background
2018-10-03,St. Johns Inland,30.391,-81.4648,0.3,0.0,Not present/background
2018-10-03,Clyde B. Wells Bridge; W of (Choctawhatchee Bay),30.40375,-86.175944,0.5,0.0,Not present/background
2018-10-03,St. Johns Inlet,30.4056,-81.4086,0.3,0.0,Not present/background
2018-10-03,Ft. George Inlet,30.4204,-81.4201,0.3,0.0,Not present/background
2018-10-03,Ft. George Inland,30.4411,-81.439,0.3,0.0,Not present/background
2018-10-03,Alaque Point; 1.7 mi W of (Choctawhatchee Bay),30.469667,-86.263861,0.5,0.0,Not present/background
2018-10-03,Nassau Inlet,30.5134,-81.4576,0.3,0.0,Not present/background
2018-10-03,St. Marys Inlet,30.7012,-81.4269,0.3,0.0,Not present/background
2018-10-04,Bill Baggs Cape Florida State Park; S of,25.665067,-80.160467,0.5,0.0,Not present/background
2018-10-04,South Pointe Park; S of (Government Inlet),25.76533,-80.13419,0.5,19667.0,Low
2018-10-04,Bayfront Park; E of (Biscayne Bay),25.7743,-80.1844,0.5,10667.0,Low
2018-10-04,53rd Street Park; 1.1 mi E of,25.831133,-80.1055,0.5,37000.0,Low
2018-10-04,53rd Street Park; NE of,25.8333,-80.1174,0.5,79333.0,Low
2018-10-04,Surfside Beach; E of,25.886533,-80.118783,0.5,39667.0,Low
2018-10-04,Surfside Beach; 1.2mi E of,25.886767,-80.109183,0.5,71667.0,Low
2018-10-04,Haulover Park; W of (Biscayne Bay),25.900833,-80.1259,0.5,36333.0,Low
2018-10-04,South Marco Beach,25.91165,-81.72805,0.5,0.0,Not present/background
2018-10-04,Haulover Beach; 0.5 mi E of,25.914517,-80.1128,0.5,87667.0,Low
2018-10-04,Haulover Beach; E of,25.914883,-80.1194,0.5,149000.0,Medium
2018-10-04,North City Beach Park,25.9862,-80.1173,0.5,68333.0,Low
2018-10-04,Hollywood North Beach Park,26.035,-80.1135,0.5,3333.0,Very low
2018-10-04,Dania Beach Fishing Pier,26.058006,-80.10887,0.5,667.0,Not present/background
2018-10-04,Naples Pier,26.13163,-81.8063,0.5,0.0,Not present/background
2018-10-04,Birch State Park; E of,26.1417,-80.1019,0.5,1667.0,Very low
2018-10-04,Anglins Fishing Pier; N of,26.1897,-80.0944,0.5,2667.0,Very low
2018-10-04,Seagate,26.2073,-81.8169,0.5,0.0,Not present/background
2018-10-04,Pompano Beach,26.2348,-80.0878,0.5,5000.0,Very low
2018-10-04,Vanderbilt Beach,26.25375,-81.82377,0.5,0.0,Not present/background
2018-10-04,Hillsboro Inlet South Jetty,26.277,-80.822,0.5,1000.0,Not present/background
2018-10-04,Barefoot Beach State Preserve,26.30481,-81.8362,0.5,0.0,Not present/background
2018-10-04,Deerfield Beach Fishing Pier,26.316486,-80.073837,0.5,7667.0,Very low
2018-10-04,Bay Dock (Sarasota Bay),27.3316,-82.5779,0.5,6000.0,Very low
2018-10-04,New Pass Dock (Sarasota Bay),27.33375,-82.57938,0.5,28000.0,Low
2018-10-04,Johns Pass; 50 mi W of,27.7822,-83.5929,0.5,0.0,Not present/background
2018-10-04,Johns Pass; 50 mi W of,27.7822,-83.5929,39.0,0.0,Not present/background
2018-10-04,Clearwater Pass ; W of,27.9695,-82.848,0.5,303550.0,Medium
2018-10-04,Clearwater Beach Pier 60,27.9777,-82.8323,0.5,79800.0,Low
2018-10-04,Anclote Key; 65 mi W of,28.182994,-83.922409,41.0,0.0,Not present/background
2018-10-04,Harbor Pointe Marina (Indian River),28.615731,-80.802278,0.5,0.0,Not present/background
2018-10-04,Flagler Beach,29.469044,-81.121257,0.5,0.0,Not present/background
2018-10-04,Moody Lane; W of,29.4779,-81.1364,0.5,0.0,Not present/background
2018-10-05,Key Biscayne; N of (Bear Cut),25.732222,-80.156389,0.5,0.0,Not present/background
2018-10-05,South Point Pier; S of (Government Cut),25.763056,-80.129444,0.5,2333.0,Very low
2018-10-05,Rivo Alto Island; N of (Biscayne Bay),25.795278,-80.154167,0.5,0.0,Not present/background
2018-10-05,Sandspur Island; E of (Biscayne Bay),25.899722,-80.131389,0.5,7333.0,Very low
2018-10-05,Hollywood Beach; 1.0 mi E of,26.00796,-80.09917,1.0,78333.0,Low
2018-10-05,Red Reef Park,26.3605,-80.06845,0.5,107000.0,Medium
2018-10-05,Gumbo Limbo Nature Center (Lake Wyman),26.36754,-80.07116,0.2,39000.0,Low
2018-10-05,Bill Coy Preserve Kayak Launch (Buck Creek),26.890758,-82.310572,0.6,0.0,Not present/background
2018-10-05,Hobe Sound Beach,27.066767,-80.114733,0.5,240900.0,Medium
2018-10-05,Sandsprit Park Boat Ramp (Manatee Pocket),27.162256,-80.1939,0.5,6000.0,Very low
2018-10-05,Sailfish Point Marina Boat Ramp (Indian River),27.1842,-80.16325,0.5,667.0,Not present/background
2018-10-05,Bathtub Beach,27.187033,-80.160417,0.5,2667.0,Very low
2018-10-05,Stuart Causeway Boat Ramp (Indian River),27.2078,-80.18862,0.5,0.0,Not present/background
2018-10-05,Jensen Beach Causeway South Boat Ramp (Indian River),27.2516,-80.2231,0.5,0.0,Not present/background
2018-10-05,Jensen Beach,27.253567,-80.194917,0.5,5667.0,Very low
2018-10-05,Bay Dock (Sarasota Bay),27.3316,-82.5779,0.5,1000.0,Not present/background
2018-10-05,New Pass Dock (Sarasota Bay),27.33375,-82.57938,0.5,20000.0,Low
2018-10-05,Dixie Highway Bridge; E of (Indian River),27.85566,-80.49085,1.2,0.0,Not present/background
2018-10-05,Sunset Beach; NW of (St. Joseph Sound),28.148546,-82.796896,0.5,0.0,Not present/background
2018-10-05,Sunkissed Drive; W of (St. Joseph Sound),28.150266,-82.790656,0.5,0.0,Not present/background
2018-10-05,Sunrise Park (Indian River North),28.874837,-80.840392,1.0,0.0,Not present/background
2018-10-05,River Breeze Park (Indian River North),28.898585,-80.851589,1.0,0.0,Not present/background
2018-10-05,Peninsular Circle; N of (Alligator Harbor),29.904,-84.3715,0.1,0.0,Not present/background
2018-10-05,Alligator Point Marina; N of (Alligator Harbor),29.906333,-84.418,0.1,0.0,Not present/background
2018-10-05,St. Teresa; S of (Alligator Harbor),29.925667,-84.45083,0.1,0.0,Not present/background
2018-10-05,Richards Bayou; mouth of (East Bay),30.06075,-85.493611,0.5,0.0,Not present/background
2018-10-05,Tyndall Bridge; E of (East Bay),30.102017,-85.606767,0.5,92667.0,Low
2018-10-05,Cedar Point; NE of (East Bay),30.103611,-85.556528,0.5,4222.0,Very low
2018-10-05,Military Point; W of (East Bay),30.124111,-85.631,0.5,84667.0,Low
2018-10-05,Fort Pickens; 14 mi SE of,30.1735,-87.128833,0.5,0.0,Not present/background
2018-10-05,Pensacola Beach; 11 mi S of,30.1735,-87.0955,0.5,0.0,Not present/background
2018-10-05,Posten Bayou; NW of (West Bay),30.195556,-85.7225,0.5,333.0,Not present/background
2018-10-05,West Bay Point; SE of (North Bay),30.224222,-85.713972,0.5,1000.0,Not present/background
2018-10-05,Little Oyster Bar Point; NW of (North Bay),30.256889,-85.684222,0.5,0.0,Not present/background
2018-10-05,Cedar Hammock; W of (West Bay),30.259694,-85.749083,0.5,0.0,Not present/background
2018-10-06,Marco Island Beach,25.931193,-81.733136,0.5,0.0,Not present/background
2018-10-06,Marco Island; 3.8 mi W of,25.958056,-81.814722,0.5,0.0,Not present/background
2018-10-06,Gordon's Pass; 1.4 mi W of,26.091817,-81.824067,0.5,333.0,Not present/background
2018-10-06,Rattlesnake Key; NW of (Lower Tampa Bay),27.5643,-82.6294,0.5,0.0,Not present/background
2018-10-06,Ed's Key; SW of (Miguel By),27.571,-82.612,0.5,0.0,Not present/background
2018-10-06,Sebastian Inlet State Park (Sebastian Inlet),27.855102,-80.452209,0.5,0.0,Not present/background
2018-10-06,US Highway A1A Bridge; W of (Sebastian Inlet),27.858766,-80.451519,0.5,0.0,Not present/background
2018-10-06,Barefoot Bay Pier (Indian River),27.88507,-80.5008,0.5,0.0,Not present/background
2018-10-06,Clearwater Beach; 3.4 mi W of,27.986583,-82.884083,,449172.0,Medium
2018-10-06,Big Mangrove Key; W of (Mandalay Channel),27.99255,-82.822317,,12667.0,Low
2018-10-06,Bird Key; 4.1 mi W of,28.0163,-82.893983,,130667.0,Medium
2018-10-06,Little St. George Island; 1.1 mi S of,29.595433,-84.9652,1.0,0.0,Not present/background
2018-10-06,St. George Island; SE of,29.608483,-84.941167,1.0,0.0,Not present/background
2018-10-06,Possom Gap Island; 6.8 mi SW of,29.964011,-84.008469,0.3,0.0,Not present/background
2018-10-06,Flint Rock Wildlife Management Area; 4.2 mi S of,30.032733,-84.098192,0.3,0.0,Not present/background
2018-10-07,Little Pine Key; SE of,24.706694,-81.295444,0.5,667.0,Not present/background
2018-10-07,Sunshine Beach,27.77688,-82.781817,0.5,1138320.0,High
2018-10-07,123rd Avenue Boat Ramp (Boca Ceiga Bay),27.77895,-82.77845,0.5,4302461.0,High
2018-10-07,Tropic; SW of (Indian River),28.1505,-80.635,0.5,0.0,Not present/background
2018-10-07,Anclote Key; SE of (St. Joseph Sound),28.150833,-82.825667,0.5,0.0,Not present/background
2018-10-07,Gulf Harbors Beach; 4.4 mi W of,28.235667,-82.835333,0.5,0.0,Not present/background
2018-10-07,Gun Point Key; S of,28.438167,-82.676333,0.5,0.0,Not present/background
2018-10-07,Swoop Site Boat Ramp; N of (Ponce de Leon Cut),29.0693,-80.9397,0.5,0.0,Not present/background
2018-10-07,Sunglow Fishing Pier; 1.8 mi E of,29.1507,-80.9347,0.5,0.0,Not present/background
2018-10-07,St. George Island Light House; E of,29.66,-84.8524,0.3,0.0,Not present/background
2018-10-07,Guana Tolomato Matanzas National Estuarine Research Reserve; 1.3 mi N of (Guana River),30.039821,-81.3337,0.5,0.0,Not present/background
2018-10-07,Patty's Island; 2.1 mi S of (Apalachee Bay),30.052908,-84.250214,0.3,0.0,Not present/background
2018-10-08,South Pointe Beach,25.765639,-80.129972,0.6,333.0,Not present/background
2018-10-08,South Marco Beach,25.91165,-81.72805,0.5,0.0,Not present/background
2018-10-08,North City Beach Park,25.9862,-80.1173,0.5,55000.0,Low
2018-10-08,East Hallandale Beach Boulevard Bridge; N of (ICW),25.986978,-80.121218,0.5,0.0,Not present/background
2018-10-08,Lake Forest Park (ICW),26.034576,-80.116945,0.5,0.0,Not present/background
2018-10-08,Hollywood North Beach Park,26.038,-80.113,0.5,0.0,Not present/background
2018-10-08,Dania Beach Fishing Pier,26.058006,-80.10887,0.5,19000.0,Low
2018-10-08,Dania Beach Marina (Whiskey Creek),26.0587,-80.11231,0.5,0.0,Not present/background
2018-10-08,Merle Fogg Park (Middle River),26.1198,-80.11035,0.5,333.0,Not present/background
2018-10-08,Naples Pier,26.13163,-81.8063,0.5,0.0,Not present/background
2018-10-08,Birch State Park; E of,26.140628,-80.101929,0.5,1667.0,Very low
2018-10-08,Anglins Fishing Pier; N of,26.1897,-80.0944,0.5,333.0,Not present/background
2018-10-08,Commercial Boulevard; N of (ICW),26.19,-80.10327,0.5,0.0,Not present/background
2018-10-08,Seagate,26.2073,-81.8169,0.5,0.0,Not present/background
2018-10-08,Pompano Beach,26.2324,-80.0884,0.5,333.0,Not present/background
2018-10-08,East Atlantic Boulevard Bridge; N of (ICW),26.2325,-80.09335,0.5,3667.0,Very low
2018-10-08,Vanderbilt Beach,26.25375,-81.82377,0.5,0.0,Not present/background
2018-10-08,Hillsboro Inlet Lighthouse (Hillsboro Inlet),26.25905,-80.0812,0.5,0.0,Not present/background
2018-10-08,Lighthouse Point Yacht Club; canal E of,26.282988,-80.082973,0.5,0.0,Not present/background
2018-10-08,Barefoot Beach State Preserve,26.30481,-81.8362,0.5,667.0,Not present/background
2018-10-08,South East 9th Street; E of,26.3066,-80.076,0.5,115000.0,Medium
2018-10-08,Sullivan Park (Gulf Stream),26.315,-80.08133,0.5,0.0,Not present/background
2018-10-08,Deerfield Beach,26.3163,-80.0747,0.5,0.0,Not present/background
2018-10-08,Buck Key; 1.9 mi NE of (Pine Island Sound),26.532117,-82.15667,0.2,0.0,Not present/background
2018-10-08,Regla Island; 1.4 mi W of (Pine Island Sound),26.53618,-82.14646,0.2,0.0,Not present/background
2018-10-08,Regla Island; W of (Pine Island Sound),26.538,-82.1257,0.2,0.0,Not present/background
2018-10-08,Redfish Pass; 1.8 mi E of (Pine Island Sound),26.560417,-82.170817,0.2,0.0,Not present/background
2018-10-08,Cork Island; W of (Pine Island Sound),26.5767,-82.1347,0.2,0.0,Not present/background
2018-10-08,Hemp Key; S of (Pine Island Sound),26.5902,-82.1561,0.2,0.0,Not present/background
2018-10-08,Captiva Rocks; SW of (Pine Island Sound),26.59925,-82.18463,0.2,0.0,Not present/background
2018-10-08,Captiva Pass,26.6092,-82.221,0.2,0.0,Not present/background
2018-10-08,Blind Pass Beach,26.96324,-82.38565,0.5,0.0,Not present/background
2018-10-08,Manasota Beach,27.01031,-82.41312,0.5,0.0,Not present/background
2018-10-08,Caspersen Beach,27.05703,-82.4436,0.5,0.0,Not present/background
2018-10-08,Brohard Beach,27.06631,-82.448,0.5,0.0,Not present/background
2018-10-08,Hobe Sound Beach,27.066767,-80.114733,0.5,667.0,Not present/background
2018-10-08,Venice Fishing Pier; N of,27.0735,-82.4515,0.5,0.0,Not present/background
2018-10-08,Service Club Park,27.07827,-82.45286,0.5,0.0,Not present/background
2018-10-08,Venice Beach,27.10034,-82.46089,0.5,0.0,Not present/background
2018-10-08,North Jetty,27.11382,-82.46883,0.5,0.0,Not present/background
2018-10-08,Nokomis Beach,27.12332,-82.47122,0.5,0.0,Not present/background
2018-10-08,Sandsprit Park Boat Ramp (Manatee Pocket),27.162256,-80.1939,0.5,580944.0,Medium
2018-10-08,Sailfish Point Marina Boat Ramp (Indian River),27.1842,-80.16325,0.5,0.0,Not present/background
2018-10-08,Bathtub Beach,27.187033,-80.160417,0.5,42000.0,Low
2018-10-08,Stuart Causeway Boat Ramp (Indian River),27.2078,-80.18862,0.5,13667.0,Low
2018-10-08,Turtle Beach,27.21843,-82.51711,0.5,0.0,Not present/background
2018-10-08,Jensen Beach Causeway South Boat Ramp (Indian River),27.2516,-80.2231,0.5,0.0,Not present/background
2018-10-08,Jensen Beach,27.253567,-80.194917,0.5,23000.0,Low
2018-10-08,County Line Beach,27.26305,-80.1996,0.5,109831.0,Medium
2018-10-08,Siesta Beach,27.26518,-82.5531,0.5,0.0,Not present/background
2018-10-08,Waveland Beach,27.2754,-80.2051,0.5,128981.0,Medium
2018-10-08,Dollman Park Beachside,27.2976,-80.2152,0.5,129744.0,Medium
2018-10-08,South Lido Park,27.29818,-82.56739,0.5,0.0,Not present/background
2018-10-08,Normandy Beach,27.3074,-80.2199,0.5,84915.0,Low
2018-10-08,Lido Beach Casino,27.311,-82.57718,0.5,0.0,Not present/background
2018-10-08,Normandy Beach; N of,27.3125,-80.2222,0.5,139957.0,Medium
2018-10-08,North Lido Beach,27.31561,-82.58171,0.5,0.0,Not present/background
2018-10-08,Herman's Bay Beach,27.3213,-80.2261,0.5,96389.0,Low
2018-10-08,Ocean Bay Beach,27.3262,-80.2281,0.5,98265.0,Low
2018-10-08,Ringling Causeway,27.32682,-82.56244,0.5,0.0,Not present/background
2018-10-08,Bay Dock (Sarasota Bay),27.3316,-82.5779,0.5,0.0,Not present/background
2018-10-08,New Pass Dock (Sarasota Bay),27.33375,-82.57938,0.5,10000.0,Very low
2018-10-08,Walton Rocks Beach,27.3381,-80.2329,0.5,83282.0,Low
2018-10-08,Longboat Key Beach,27.37317,-82.63202,0.5,0.0,Not present/background
2018-10-08,Longboat Pass Boat Ramp (Sarasota Bay),27.44602,-82.68798,0.5,46000.0,Low
2018-10-08,Cortez Beach,27.459565,-82.69827,0.5,333.0,Not present/background
2018-10-08,Museum Pointe Park Boat Ramp (Indian River),27.46125,-80.31394,0.5,3667.0,Very low
2018-10-08,Fort Pierce Jetty Park; SE of,27.468183,-80.289967,0.5,667.0,Not present/background
2018-10-08,Palma Sola Bay Bridge,27.4959,-82.6522,0.5,0.0,Not present/background
2018-10-08,Anna Maria Island Rod & Reel Pier (Lower Tampa Bay),27.5385,-82.7402,0.5,2000.0,Very low
2018-10-08,Fletcher Point (Lower Tampa Bay),27.58512,-82.61482,0.5,0.0,Not present/background
2018-10-08,Skyway Fishing Pier; South (Lower Tampa Bay),27.6055,-82.6508,0.5,333.0,Not present/background
2018-10-08,Mullet Key; Gulf Pier,27.6133,-82.7391,0.5,9333.0,Very low
2018-10-08,La Contessa Pier,27.8121,-82.81915,0.5,832320.0,Medium
2018-10-08,Clearwater Pass,27.96035,-82.8243,0.5,208080.0,Medium
2018-10-08,Honeymoon Island State Park; South Beach,28.0586,-82.8267,0.5,8333.0,Very low
2018-10-08,Diamond Bay (Banana River),28.35034,-80.61298,0.5,0.0,Not present/background
2018-10-08,Skeleton Key; 5.2 mi W of,28.3634,-82.79493,0.5,0.0,Not present/background
2018-10-08,Millender Street; S of (St. George Sound),29.7301,-84.88478,0.1,0.0,Not present/background
2018-10-08,Pensacola Beach Pier,30.3273,-87.1419,1.0,5333.0,Very low
2018-10-08,Navarre Pier,30.376,-86.8631,0.5,6333.0,Very low
2018-10-09,Pavilion Key; 9.2 mi SW of,25.6161,-81.4735,0.2,0.0,Not present/background
2018-10-09,Pavilion Key; 5.8 mi SW of,25.6379,-81.4241,0.2,0.0,Not present/background
2018-10-09,Pavilion Key; 2.9 mi SW of,25.6614,-81.3856,0.2,0.0,Not present/background
2018-10-09,Pavilion Key; SW of,25.6817,-81.3579,0.2,0.0,Not present/background
2018-10-09,Boca Inlet Park,26.3343,-80.0719,0.5,9333.0,Very low
2018-10-09,Red Reef Park,26.3605,-80.06845,0.3,41333.0,Low
2018-10-09,Gumbo Limbo Nature Center (Lake Wyman),26.36754,-80.07116,0.1,4000.0,Very low
2018-10-09,Spanish River Park Dog Beach,26.38284,-80.06645,0.3,42000.0,Low
2018-10-09,Delray Public Beach,26.461,-80.0571,0.5,29667.0,Low
2018-10-09,Gulfstream Park,26.5049,-80.0509,0.5,24333.0,Low
2018-10-09,Ocean Inlet Park,26.5443,-80.0429,0.5,15667.0,Low
2018-10-09,R. G. Kreusler Park,26.6163,-80.0362,0.5,21333.0,Low
2018-10-09,Palm Beach Municipal Beach,26.6998,-80.0328,0.5,28333.0,Low
2018-10-09,Phil Foster Park; S of (ICW),26.7832,-80.0416,0.5,13000.0,Low
2018-10-09,Ocean Reef Park,26.794,-80.0313,0.5,14667.0,Low
2018-10-09,Carlin Park Beach,26.930104,-80.068107,0.5,15000.0,Low
2018-10-09,Indiantown Road Bridge; N of (Lake Worth Creek),26.934296,-80.084066,0.5,36000.0,Low
2018-10-09,Dubois Park Lagoon (Loxahatchee River),26.943203,-80.074508,0.5,6000.0,Very low
2018-10-09,Jupiter Inlet (Loxahatchee River),26.944952,-80.074171,0.5,0.0,Not present/background
2018-10-09,A1A Bridge; W of (Loxahatchee River),26.947392,-80.092817,0.5,12000.0,Low
2018-10-09,Pennock Point; E of (Loxahatchee River),26.950247,-80.108792,0.5,4000.0,Very low
2018-10-09,South Beach Road Bridge; S of (Indian River),26.952424,-80.07908,0.5,0.0,Not present/background
2018-10-09,River Isle Road; E of  (Loxahatchee River),26.958052,-80.120267,0.5,28000.0,Low
2018-10-09,Coral Cove Park Beach,26.96368,-80.078118,0.5,11000.0,Low
2018-10-09,Jupiter Point Marina; E of (Indian River),26.976028,-80.086284,0.5,3000.0,Very low
2018-10-09,Blowing Rocks Beach,26.978874,-80.082551,0.5,18000.0,Low
2018-10-09,St. Armands Key; N of (Pansy Bayou),27.3225,-82.5803,0.5,0.0,Not present/background
2018-10-09,Bay Dock (Sarasota Bay),27.3316,-82.5779,0.5,0.0,Not present/background
2018-10-09,Marina Jack (Sarasota Bay),27.3324,-82.5462,0.5,0.0,Not present/background
2018-10-09,New Pass Dock (Sarasota Bay),27.33375,-82.57938,0.5,0.0,Not present/background
2018-10-09,Atlas Street; W of,27.4003,-82.6515,0.5,0.0,Not present/background
2018-10-09,FWRI Peninsula; SE tip of (Bayboro Harbor),27.759803,-82.631267,0.5,0.0,Not present/background
2018-10-09,FWRI Peninsula; SE tip of (Bayboro Harbor),27.759803,-82.631267,5.0,0.0,Not present/background
2018-10-09,Beach Woods Pier (Indian River),28.02968,-80.54599,0.5,0.0,Not present/background
2018-10-09,Titusville Marina (Indian River),28.619934,-80.809162,0.5,0.0,Not present/background
2018-10-10,Lower Arsnicker Keys; 7.2 mi W of,24.9159,-80.943,0.2,0.0,Not present/background
2018-10-10,Upper Arsnicker Keys; 8.5 mi NW of,24.93815,-80.9653,0.2,0.0,Not present/background
2018-10-10,Sandy Key; 5.2 mi SW of,24.96038,-80.98737,0.2,0.0,Not present/background
2018-10-10,Sandy Key; 3.4 mi S of,24.98417,-81.0118,0.2,0.0,Not present/background
2018-10-10,North City Beach Park,25.9862,-80.1173,0.5,0.0,Not present/background
2018-10-10,East Hallandale Beach Boulevard Bridge; N of (ICW),25.9872,-80.1221,0.5,0.0,Not present/background
2018-10-10,Lake Forest Park (ICW),26.034576,-80.116945,0.5,0.0,Not present/background
2018-10-10,Hollywood North Beach Park,26.035,-80.1135,0.5,0.0,Not present/background
2018-10-10,Dania Beach Marina (Whiskey Creek),26.0587,-80.11231,0.5,0.0,Not present/background
2018-10-10,Dania Beach Fishing Pier,26.0587,-80.1113,0.5,333.0,Not present/background
2018-10-10,Merle Fogg Park (Middle River),26.1198,-80.11035,0.5,0.0,Not present/background
2018-10-10,Birch State Park; E of,26.1406,-80.1019,0.5,0.0,Not present/background
2018-10-10,Anglins Fishing Pier; N of,26.1897,-80.0944,0.5,0.0,Not present/background
2018-10-10,Commercial Boulevard; N of (ICW),26.19,-80.10327,0.5,0.0,Not present/background
2018-10-10,Pompano Beach,26.23,-80.0888,0.5,0.0,Not present/background
2018-10-10,East Atlantic Boulevard Bridge; N of (ICW),26.2325,-80.09335,0.5,2333.0,Very low
2018-10-10,North Ocean Park,26.254019,-80.083709,0.5,4333.0,Very low
2018-10-10,Hillsboro Inlet Lighthouse (Hillsboro Inlet),26.25905,-80.0812,0.5,0.0,Not present/background
2018-10-10,Northeast 48th Court; E of (Hillsboro River),26.29084,-80.0812,0.5,0.0,Not present/background
2018-10-10,Sullivan Park (Gulf Stream),26.315,-80.08133,0.5,0.0,Not present/background
2018-10-10,Deerfield Beach,26.3163,-80.0747,0.5,667.0,Not present/background
2018-10-10,Deerfield Pier; N of,26.3174,-80.0749,0.5,667.0,Not present/background
2018-10-10,Bonita Beach Park,26.33105,-81.84574,0.5,667.0,Not present/background
2018-10-10,Boca Raton Inlet; 1 mi E of,26.337567,-80.053767,1.0,4667.0,Very low
2018-10-10,Lovers Key State Park,26.3901,-81.8795,0.5,0.0,Not present/background
2018-10-10,Tarpon Bay Road Beach,26.4217,-82.0801,0.5,0.0,Not present/background
2018-10-10,Lighthouse Beach,26.45157,-82.01543,0.5,0.0,Not present/background
2018-10-10,Lynn Hall Park,26.45398,-81.95776,0.5,0.0,Not present/background
2018-10-10,Alison Hagerup Beach Park,26.5264,-82.1945,0.5,0.0,Not present/background
2018-10-10,Juno Beach Fishing Pier,26.893715,-80.0542,0.5,6333.0,Very low
2018-10-10,County Line Beach,27.262867,-80.199533,0.5,22000.0,Low
2018-10-10,Waveland Beach,27.2754,-80.2051,0.5,8667.0,Very low
2018-10-10,Dollman Park Beachside,27.2976,-80.2152,0.5,2667.0,Very low
2018-10-10,Normandy Beach,27.3074,-80.2199,0.5,1667.0,Very low
2018-10-10,Normandy Beach; N of,27.3125,-80.2222,0.5,1333.0,Very low
2018-10-10,Herman's Bay Beach,27.3213,-80.2261,0.5,28000.0,Low
2018-10-10,Ocean Bay Beach,27.3262,-80.2281,0.5,38000.0,Low
2018-10-10,Bay Dock (Sarasota Bay),27.3316,-82.5779,0.5,0.0,Not present/background
2018-10-10,New Pass Dock (Sarasota Bay),27.33375,-82.57938,0.5,0.0,Not present/background
2018-10-10,Walton Rocks Beach,27.3381,-80.2329,0.5,14667.0,Low
2018-10-10,South Beach Park,27.4605,-80.2874,0.5,41667.0,Low
2018-10-10,Museum Pointe Park Boat Ramp (Indian River),27.46125,-80.31394,0.5,28333.0,Low
2018-10-10,Gandy Beach,27.87375,-82.60155,0.5,0.0,Not present/background
2018-10-10,Lake Shepherd,28.1925,-80.6094,0.5,0.0,Not present/background
2018-10-10,Hawksbill Island Drive; canal E of (Banana River),28.198262,-80.612495,0.5,0.0,Not present/background
2018-10-10,Harbor Pointe Marina (Indian River),28.615731,-80.802278,0.8,0.0,Not present/background
2018-10-10,Moody Lane Boat Ramp (Matanzas River),29.476944,-81.135833,0.5,0.0,Not present/background
2018-10-10,Washington Oaks Gardens State Park; N of (Matanzas River),29.645833,-81.214444,0.5,0.0,Not present/background
2018-10-11,Key West; 5.5 mi S of,24.46773,-81.78203,0.2,7000.0,Very low
2018-10-11,Key West; 2.3 mi S of,24.51067,-81.80447,0.2,26000.0,Low
2018-10-11,Key West Harbor,24.55421,-81.81337,0.2,6000.0,Very low
2018-10-11,Key West; 3 mi NW of,24.58325,-81.84827,0.2,7000.0,Very low
2018-10-11,Key West; 5.5 mi NW of,24.6128,-81.87297,0.2,1000.0,Not present/background
2018-10-11,Kemp Channel Bridge; 1.6 mi SE of,24.64009,-81.45865,0.2,0.0,Not present/background
2018-10-11,Key West; 8.6 mi NW of,24.64097,-81.89827,0.2,2000.0,Very low
2018-10-11,Key West; 10 mi NW of,24.68048,-81.90799,0.2,18000.0,Low
2018-10-11,Smith Shoals,24.71724,-81.92366,0.2,55000.0,Low
2018-10-11,Marquesas Keys; 8.3 mi N of,24.71731,-82.12366,0.2,55000.0,Low
2018-10-11,Key West; 18 mi NW of,24.71799,-82.02452,0.2,66000.0,Low
2018-10-11,Key West; 12 mi N of,24.73238,-81.83607,0.2,2000.0,Very low
2018-10-11,West Harbor Key; 6.6 mi N of,24.75,-81.74417,0.2,0.0,Not present/background
2018-10-11,Marvin Key; 3.9 mi N of,24.76532,-81.65648,0.2,0.0,Not present/background
2018-10-11,Sawyer Key; 1.7 mi N of,24.78364,-81.56958,0.2,0.0,Not present/background
2018-10-11,Bill Baggs Cape Florida State Park; S of,25.6624,-80.157967,0.5,0.0,Not present/background
2018-10-11,Crandon Park; E of,25.7111,-80.1436,0.5,0.0,Not present/background
2018-10-11,Crandon Park; 1.5 mi E of,25.711283,-80.1272,0.5,0.0,Not present/background
2018-10-11,South Pointe Park; S of (Government Cut),25.765067,-80.134083,0.5,1000.0,Not present/background
2018-10-11,Collins Park; 1.1 mi E of,25.79635,-80.10855,0.5,0.0,Not present/background
2018-10-11,53rd Street Park; NE of,25.8333,-80.1174,0.5,0.0,Not present/background
2018-10-11,53rd Street Park; 1.1 mi E of,25.8336,-80.100917,0.5,0.0,Not present/background
2018-10-11,North Shore Open Space Park; 1.1 mi E of,25.867917,-80.101783,0.5,0.0,Not present/background
2018-10-11,North Shore Open Space Park; E of,25.868367,-80.117617,0.5,0.0,Not present/background
2018-10-11,Surfside Beach; E of,25.886783,-80.119417,0.5,0.0,Not present/background
2018-10-11,Surfside Beach; 1.2 mi E of,25.887217,-80.1018,0.5,0.0,Not present/background
2018-10-11,Haulover Park; W of (Biscayne Bay),25.9014,-80.1264,0.5,0.0,Not present/background
2018-10-11,South Marco Beach,25.91165,-81.72805,0.5,333.0,Not present/background
2018-10-11,Haulover Beach; 1.1 mi E of,25.91415,-80.10335,0.5,333.0,Not present/background
2018-10-11,Haulover Beach; E of,25.9142,-80.119717,0.5,0.0,Not present/background
2018-10-11,Loggia Beach Park; SE of,25.9628,-80.117,0.5,0.0,Not present/background
2018-10-11,North City Beach Park; E of,25.986167,-80.115848,0.5,0.0,Not present/background
2018-10-11,North City Beach Park; 1.2 mi E of,25.986167,-80.097467,0.5,0.0,Not present/background
2018-10-11,Hollywood North Beach Park; E of,26.0345,-80.112098,0.5,667.0,Not present/background
2018-10-11,Hollywood North Beach Park; 1.2 mi E of,26.0345,-80.093623,0.5,667.0,Not present/background
2018-10-11,Dania Beach Fishing Pier; N of,26.059167,-80.109808,0.5,1667.0,Very low
2018-10-11,Dania Beach Pier; 1.2 mi E of,26.059167,-80.091365,0.5,333.0,Not present/background
2018-10-11,Lake Mabel (Stranahan River),26.09358,-80.114538,0.5,101000.0,Medium
2018-10-11,Las Olas Beach; E of,26.119167,-80.102378,0.5,3333.0,Very low
2018-10-11,Las Olas Beach; 1.2 mi E of,26.119167,-80.083863,0.5,4333.0,Very low
2018-10-11,Anglin's Fishing Pier; S of,26.188333,-80.093178,0.5,7667.0,Very low
2018-10-11,Anglins Fishing Pier; 1.1 mi E of,26.188333,-80.074737,0.5,5000.0,Very low
2018-10-11,Seagate,26.2073,-81.8169,0.5,333.0,Not present/background
2018-10-11,Pompano Beach; E of,26.231833,-80.087095,0.5,667.0,Not present/background
2018-10-11,Pompano Beach; 1.2 mi E of,26.231833,-80.068537,0.5,1667.0,Very low
2018-10-11,Vanderbilt Beach,26.25375,-81.82377,0.5,0.0,Not present/background
2018-10-11,Hillsboro Inlet Lighthouse; E of,26.259,-80.07881,0.5,3000.0,Very low
2018-10-11,Hillsboro Inlet Lighthouse; 1.3 mi E of,26.259,-80.060335,0.5,333.0,Not present/background
2018-10-11,Barefoot Beach State Preserve,26.30481,-81.8362,0.5,0.0,Not present/background
2018-10-11,Deerfield Beach Fishing Pier; S of,26.3155,-80.073428,0.5,16667.0,Low
2018-10-11,Deerfield Beach Fishing Pier; 1.1 mi E of,26.3155,-80.054872,0.5,11667.0,Low
2018-10-11,South Inlet Park,26.3335,-80.0718,0.2,333.0,Not present/background
2018-10-11,Boca Inlet Park,26.3343,-80.0719,0.5,0.0,Not present/background
2018-10-11,South Beach Park,26.350439,-80.068962,0.3,1333.0,Very low
2018-10-11,Red Reef Park,26.3605,-80.06845,0.2,1333.0,Very low
2018-10-11,Gumbo Limbo Nature Center (Lake Wyman),26.36754,-80.07116,0.3,2333.0,Very low
2018-10-11,Spanish River Park,26.378618,-80.066555,0.2,333.0,Not present/background
2018-10-11,Delray Public Beach,26.461,-80.0571,0.5,333.0,Not present/background
2018-10-11,Gulfstream Park,26.5049,-80.0509,0.5,2000.0,Very low
2018-10-11,Ocean Inlet Park,26.5443,-80.0429,0.5,6000.0,Very low
2018-10-11,R. G. Kreusler Park,26.6163,-80.0362,0.5,3333.0,Very low
2018-10-11,Palm Beach Municipal Beach,26.6998,-80.0328,0.5,3333.0,Very low
2018-10-11,Phil Foster Park (Lake Worth),26.7832,-80.0416,0.5,333.0,Not present/background
2018-10-11,Ocean Reef Park,26.794,-80.0313,0.5,333.0,Not present/background
2018-10-11,Boca Grande Pier (Gasparilla Sound),26.80562,-82.27415,0.5,0.0,Not present/background
2018-10-11,Juno Beach Fishing Pier,26.893715,-80.0542,0.5,1667.0,Very low
2018-10-11,Englewood Beach,26.92467,-82.36189,0.5,0.0,Not present/background
2018-10-11,Hobe Sound Beach,27.066767,-80.114733,0.5,0.0,Not present/background
2018-10-11,Sandsprit Park Boat Ramp (Manatee Pocket),27.162256,-80.1939,0.5,5333.0,Very low
2018-10-11,Sailfish Point Marina (Indian River),27.18391,-80.16404,0.5,27333.0,Low
2018-10-11,Bathtub Beach,27.187033,-80.160417,0.5,0.0,Not present/background
2018-10-11,Stuart Causeway Boat Ramp (Indian River),27.2078,-80.18862,0.5,7667.0,Very low
2018-10-11,Jensen Beach Causeway North Boat Ramp (Indian River),27.2527,-80.2224,0.5,7333.0,Very low
2018-10-11,Jensen Beach,27.253567,-80.194917,0.5,667.0,Not present/background
2018-10-11,Bay Dock (Sarasota Bay),27.3316,-82.5779,0.5,1000.0,Not present/background
2018-10-11,New Pass Dock (Sarasota Bay),27.33375,-82.57938,0.5,1000.0,Not present/background
2018-10-11,Clearwater Beach Pier 60,27.9777,-82.8323,0.5,728840.0,Medium
2018-10-11,Geiger Point; Melbourne Causeway at (Indian River),28.08245,-80.59505,0.2,0.0,Not present/background
2018-10-11,Eau Gallie Pier (Indian River),28.13248,-80.62418,0.2,0.0,Not present/background
2018-10-11,Ramp Road Park Boat Ramp (Banana River),28.309033,-80.614283,0.2,0.0,Not present/background
2018-10-11,520 Slick Boat Ramp (Banana River),28.357133,-80.62844,0.2,0.0,Not present/background
2018-10-11,Kelly Park (Banana River),28.4017,-80.66245,0.2,0.0,Not present/background
2018-10-11,Port St. John Boat Ramp (Indian River),28.475083,-80.766533,0.2,0.0,Not present/background
2018-10-11,NASA Causeway; SE side of (Indian River),28.52641,-80.7391,0.2,333.0,Not present/background
2018-10-11,Parrish Park Boat Ramp (Indian River),28.62365,-80.795517,0.2,0.0,Not present/background
2018-10-11,Bairs Cove Boat Ramp (Haulover Canal),28.733199,-80.75747,1.0,0.0,Not present/background
2018-10-11,George R. Kennedy Memorial Park,28.993932,-80.903372,1.0,0.0,Not present/background
2018-10-11,Navarre Pier,30.376,-86.8631,0.5,292536.0,Medium
2018-10-12,Fort Zachary Taylor Historic State Park,24.545113,-81.812502,0.5,44333.0,Low
2018-10-12,Hopkins Island; 5.2 mi S of,24.55314,-81.38009,0.2,36000.0,Low
2018-10-12,Spanish Harbor Channel Bridge; 5.5 mi S of,24.56813,-81.32693,0.2,3000.0,Very low
2018-10-12,Ibis Bay Beach Resort,24.569479,-81.769145,0.3,0.0,Not present/background
2018-10-12,Big Munson Island; 1.1 mi S of,24.60679,-81.38625,0.2,9000.0,Very low
2018-10-12,Molasses Reef Lighthouse; SW of,25.01,-80.38,1.0,667.0,Not present/background
2018-10-12,Molasses Reef Lighthouse; SW of,25.01,-80.38,31.0,1667.0,Very low
2018-10-12,Darwin Beach; W of (Bear Cut),25.7313,-80.1645,1.7,0.0,Not present/background
2018-10-12,Virginia Beach Drive; SW of (Biscayne Bay),25.7315,-80.1659,1.7,0.0,Not present/background
2018-10-12,Virginia Key Park; S of (Biscayne Bay),25.73466,-80.1667,1.7,333.0,Not present/background
2018-10-12,North City Beach Park,25.9862,-80.1173,0.5,0.0,Not present/background
2018-10-12,East Hallandale Beach Boulevard Bridge; N of (ICW),25.9872,-80.1221,0.5,0.0,Not present/background
2018-10-12,Sea Oat Island; N of,25.990024,-81.748821,0.5,4333.0,Very low
2018-10-12,Harry Berry Park; N of,26.012,-80.115,0.5,0.0,Not present/background
2018-10-12,Lake Forest Park (ICW),26.034576,-80.116945,0.5,0.0,Not present/background
2018-10-12,Dania Beach Marina (Whiskey Creek),26.0587,-80.11231,0.5,1000.0,Not present/background
2018-10-12,Dania Beach Fishing Pier,26.0587,-80.1113,0.5,0.0,Not present/background
2018-10-12,Gordon Pass,26.09293,-81.800754,0.5,0.0,Not present/background
2018-10-12,Merle Fogg Park (Middle River),26.1198,-80.11035,0.5,8333.0,Very low
2018-10-12,Birch State Park; E of,26.1406,-80.1019,0.5,1000.0,Not present/background
2018-10-12,Anglins Fishing Pier; N of,26.1897,-80.0944,0.5,1000.0,Not present/background
2018-10-12,Commercial Boulevard; N of (ICW),26.19,-80.10327,0.5,0.0,Not present/background
2018-10-12,Pompano Beach,26.2324,-80.0884,0.5,0.0,Not present/background
2018-10-12,East Atlantic Boulevard Bridge; N of (ICW),26.2325,-80.09335,0.5,2667.0,Very low
2018-10-12,Hillsboro Inlet Lighthouse (Hillsboro Inlet),26.25846,-80.08181,0.5,1000.0,Not present/background
2018-10-12,Northeast 48th Court; E of (Hillsboro River),26.29084,-80.0812,0.5,8000.0,Very low
2018-10-12,Sullivan Park (Gulf Stream),26.315,-80.08133,0.5,333.0,Not present/background
2018-10-12,Deerfield Beach,26.3163,-80.0747,0.5,24333.0,Low
2018-10-12,Maude Street; E of (Charlotte Harbor),26.928333,-82.063611,0.5,0.0,Not present/background
2018-10-12,Jensen Beach Park; 10 mi E of,27.27415,-80.032633,1.0,1667.0,Very low
2018-10-12,Bay Dock (Sarasota Bay),27.3316,-82.5779,0.5,2000.0,Very low
2018-10-12,New Pass Dock (Sarasota Bay),27.33375,-82.57938,0.5,307000.0,Medium
2018-10-12,37th Avenue; W of,27.713075,-82.739818,0.5,565070.0,Medium
2018-10-12,Dixie Highway Bridge; E of (Indian River),27.85566,-80.49085,0.5,0.0,Not present/background
2018-10-12,Shine Island; 4.6 mi W of,28.341512,-82.784389,0.5,0.0,Not present/background
2018-10-12,Hudson Beach Park; W of,28.3634,-82.719493,0.5,0.0,Not present/background
2018-10-12,Pine Island; 18 mi W of,28.583333,-82.953333,0.5,0.0,Not present/background
2018-10-12,Lemon Grove Island; 6 mi W of,28.595,-82.765,0.5,0.0,Not present/background
2018-10-12,Bird Island; 7.4 mi W of,29.583333,-83.531667,0.5,0.0,Not present/background
2018-10-12,Bird Island; 2.5 mi SW of,29.5928,-83.4471,0.5,333.0,Not present/background
2018-10-12,Brooks Bridge; SW of (ICW),30.399717,-86.6004,0.1,409922.0,Medium
2018-10-12,Cedar Avenue Southwest; S of (ICW),30.404,-86.624833,0.1,56000.0,Low
2018-10-13,Sand Key Lighthouse; 3.1 mi E of,24.455,-81.828,1.0,8000.0,Very low
2018-10-13,Sand Key Lighthouse; 3.1 mi E of,24.455,-81.828,28.0,9000.0,Very low
2018-10-13,Boca Chica Key; 5.4 mi S of,24.478,-81.717,1.0,5000.0,Very low
2018-10-13,Boca Chica Key; 5.4 mi S of,24.478,-81.717,20.0,6333.0,Very low
2018-10-13,Big Munson Island; 9.5 mi S of,24.483,-81.392,1.0,22333.0,Low
2018-10-13,Big Munson Island; 9.5 mi S of,24.483,-81.392,32.0,0.0,Not present/background
2018-10-13,Big Munson Island; 9.5 mi S of,24.483,-81.392,71.0,0.0,Not present/background
2018-10-13,Key West; 1.2 mi SW of,24.5367,-81.8283,1.0,6333.0,Very low
2018-10-13,Key West; 1.2 mi SW of,24.5367,-81.8283,7.0,8667.0,Very low
2018-10-13,Looe Key; SW of,24.5383,-81.4133,1.0,333.0,Not present/background
2018-10-13,Looe Key; SW of,24.5383,-81.4133,32.7,1000.0,Not present/background
2018-10-13,Ramrod Key; 7.3 mi S of,24.54209,-81.41548,0.2,3000.0,Very low
2018-10-13,Munson Island; 4.2 mi S of,24.56269,-81.39978,0.2,5000.0,Very low
2018-10-13,Big Munson Island; 2.9 mi SW of,24.58455,-81.41698,0.2,0.0,Not present/background
2018-10-13,Cottrell Key; 8.4 mi N of,24.7278,-81.9167,1.0,9333.0,Very low
2018-10-13,Cottrell Key; 8.4 mi N of,24.7278,-81.9167,11.0,1333.0,Very low
2018-10-13,Boca Grande Key; 33 mi N of,25.0108,-82.0428,19.0,2667.0,Very low
2018-10-13,Tropical Drive; E of,26.51,-80.050035,0.2,1667.0,Very low
2018-10-13,Boca Grande Lighthouse; SW of,26.711389,-82.263889,0.5,0.0,Not present/background
2018-10-13,Boca Grande Lighthouse; S of,26.711944,-82.259722,0.5,0.0,Not present/background
2018-10-13,North Palm Beach Marina (ICW),26.830477,-80.059202,0.6,0.0,Not present/background
2018-10-13,Saint Lucie Inlet Preserve State Park; 13 mi E of,27.16095,-79.9488,1.0,0.0,Not present/background
2018-10-13,Fort Desoto Boat Ramp; W of (Bunces Pass),27.646052,-82.717442,0.5,3440233.0,High
2018-10-13,Barefoot Bay Pier (Indian River),27.88507,-80.5008,0.5,0.0,Not present/background
2018-10-13,Pensacola Beach; 20 mi S of,30.03,-87.221667,0.5,8333.0,Very low
2018-10-13,Pensacola Beach; 16 mi S of,30.096667,-87.15,0.5,3000.0,Very low
2018-10-13,Henderson Beach; 5.1 mi S of,30.309117,-86.436183,0.1,277440.0,Medium
2018-10-13,Eglin Beach Park; N of (East Pass),30.3929,-86.520083,0.1,0.0,Not present/background
2018-10-14,Ohio Key,24.674194,-81.243444,0.5,0.0,Not present/background
2018-10-14,Marquesas Keys; 56 mi N of,25.4017,-82.21,1.0,0.0,Not present/background
2018-10-14,Marquesas Keys; 56 mi N of,25.4017,-82.21,23.0,0.0,Not present/background
2018-10-14,Marquesas Keys; 58 mi N of,25.436365,-82.254191,1.0,0.0,Not present/background
2018-10-14,Marquesas Keys; 58 mi N of,25.436365,-82.254191,21.5,0.0,Not present/background
2018-10-14,Crate Key; 36 mi W of,25.7417,-81.9433,1.0,2000.0,Very low
2018-10-14,Crate Key; 36 mi W of,25.7417,-81.9433,14.6,667.0,Not present/background
2018-10-14,Kice Island; 8.3 mi W of,25.873,-81.833,1.0,0.0,Not present/background
2018-10-14,Marco Island; 4.4 mi W of,25.9117,-81.8,1.0,333.0,Not present/background
2018-10-14,Marco Island; 4.4 mi W of,25.9117,-81.8,8.2,0.0,Not present/background
2018-10-14,Marco Island; 1.1 mi W of,25.95,-81.767,1.0,0.0,Not present/background
2018-10-14,Keewaydin Island; 44 mi W of,26.040717,-82.47885,0.5,0.0,Not present/background
2018-10-14,Keewaydin Island; 33 mi W of,26.053617,-82.317167,0.5,333.0,Not present/background
2018-10-14,Doctors Pass; 25 mi W of,26.1835,-82.2173,1.0,0.0,Not present/background
2018-10-14,Doctors Pass; 25 mi W of,26.1835,-82.2173,15.0,0.0,Not present/background
2018-10-14,Vanderbilt Beach; 20 mi W of,26.254,-82.138,1.0,333.0,Not present/background
2018-10-14,Vanderbilt Beach; 20 mi W of,26.254,-82.138,11.0,0.0,Not present/background
2018-10-14,Tarpon Bay Road Beach; 6 mi SE of,26.3417,-82.0419,1.0,0.0,Not present/background
2018-10-14,Tarpon Bay Road Beach; 6 mi SE of,26.3417,-82.0419,8.0,0.0,Not present/background
2018-10-14,Little Hickory Island Beach Park; 7.2 mi W of,26.354835,-81.973852,0.5,0.0,Not present/background
2018-10-14,Lighthouse Beach; 4.8 mi S of,26.3836,-82.0004,1.0,0.0,Not present/background
2018-10-14,Lighthouse Beach; 4.8 mi S of,26.3836,-82.0004,6.0,0.0,Not present/background
2018-10-14,Buccaneer Lagoon (Estero Bay),26.408084,-81.884892,0.5,0.0,Not present/background
2018-10-14,Blind Pass; 9.1 mi SW of,26.424858,-82.3156,1.0,1333.0,Very low
2018-10-14,Blind Pass; 9.1 mi SW of,26.424858,-82.3156,7.3,0.0,Not present/background
2018-10-14,Blind Pass; 9.1 mi SW of,26.424858,-82.3156,10.1,0.0,Not present/background
2018-10-14,Fort Myers Beach Pier; 1.8 mi S of,26.426,-81.96,1.0,0.0,Not present/background
2018-10-14,Sirenia Vista Canoe & Kayak Launch,26.64413,-82.05578,1.0,0.0,Not present/background
2018-10-14,North Shore Park (Caloosahatchee River),26.6573,-81.8829,1.0,0.0,Not present/background
2018-10-14,Knight Island; W of,26.883567,-82.3492,0.2,0.0,Not present/background
2018-10-14,Thornton Key Preserve; W of (Knight Pass),26.885267,-82.3294,0.2,0.0,Not present/background
2018-10-14,City Beach Park; canal SE of (Charlotte Harbor),26.909067,-82.093883,0.5,0.0,Not present/background
2018-10-14,Rio Lisbo Court; canal N of,26.91424,-82.07978,0.5,0.0,Not present/background
2018-10-14,Cedar Point Environmental Park; W of,26.926,-82.3454,0.2,0.0,Not present/background
2018-10-14,Sandsprit Park Boat Ramp (Manatee Pocket),27.162256,-80.1939,0.7,3000.0,Very low
2018-10-14,Indian Riverside Park Pier (Indian River),27.224761,-80.211264,0.7,0.0,Not present/background
2018-10-14,East Midway Road; N of (Indian River),27.38745,-80.2971,0.5,0.0,Not present/background
2018-10-14,Indian River Veterans Memorial Park Boat Ramp (Indian River),27.451811,-80.322742,1.0,26667.0,Low
2018-10-14,Treasure Island Beach,27.77688,-82.781817,0.5,2333.0,Very low
2018-10-14,123rd Avenue Boat Launch (Boca Ciega Bay),27.7789,-82.7785,0.5,4620420.0,High
2018-10-14,Sebastian Inlet Boat Ramp,27.848635,-80.455867,0.5,0.0,Not present/background
2018-10-14,Sebastian Inlet State Park Campground,27.855102,-80.452209,0.5,2333.0,Very low
2018-10-14,Tropic; SW of (Indian River),28.1505,-80.635,0.5,0.0,Not present/background
2018-10-15,South Marco Beach,25.91165,-81.72805,0.5,0.0,Not present/background
2018-10-15,North City Beach Park,25.9862,-80.1173,0.5,0.0,Not present/background
2018-10-15,East Hallandale Beach Boulevard Bridge; N of (ICW),25.9872,-80.1221,0.5,0.0,Not present/background
2018-10-15,Dania Beach; 1.2 mi E of,26.059167,-80.091365,0.5,1000.0,Not present/background
2018-10-15,Lake Mabel (Stranahan River),26.09358,-80.114538,0.5,0.0,Not present/background
2018-10-15,Las Olas Beach; E of,26.119167,-80.102378,0.5,0.0,Not present/background
2018-10-15,Merle Fogg Park (Middle River),26.1198,-80.11035,0.5,0.0,Not present/background
2018-10-15,Naples Pier,26.13163,-81.8063,0.5,333.0,Not present/background
2018-10-15,Anglins Fishing Pier; 1.1 mi E of,26.188333,-80.074733,0.5,0.0,Not present/background
2018-10-15,Anglins Fishing Pier; N of,26.1897,-80.0944,0.5,0.0,Not present/background
2018-10-15,Seagate,26.2073,-81.8169,0.5,0.0,Not present/background
2018-10-15,Pompano Beach,26.2324,-80.0884,0.5,333.0,Not present/background
2018-10-15,East Atlantic Boulevard Bridge; N of (ICW),26.2325,-80.09335,0.5,0.0,Not present/background
2018-10-15,Vanderbilt Beach,26.25375,-81.82377,0.5,0.0,Not present/background
2018-10-15,Hillsboro Inlet Lighthouse; 1.3 mi E of,26.259,-80.060335,0.5,333.0,Not present/background
2018-10-15,Barefoot Beach State Preserve,26.30481,-81.8362,0.5,2000.0,Very low
2018-10-15,Sullivan Park (Gulf Stream),26.315,-80.08133,0.5,333.0,Not present/background
2018-10-15,Deerfield Beach,26.3163,-80.0747,0.5,4667.0,Very low
2018-10-15,Buck Key; 1.9 mi NE of (Pine Island Sound),26.532117,-82.15667,0.2,0.0,Not present/background
2018-10-15,Regla Island; 1.4 mi W of (Pine Island Sound),26.53618,-82.14646,0.2,0.0,Not present/background
2018-10-15,Regla Island; W of (Pine Island Sound),26.538,-82.1257,0.2,0.0,Not present/background
2018-10-15,Redfish Pass; SW of,26.5465,-82.2124,1.0,0.0,Not present/background
2018-10-15,Redfish Pass; 8.1 mi W of,26.5514,-82.3314,1.0,1000.0,Not present/background
2018-10-15,Redfish Pass; 8.1 mi W of,26.5514,-82.3314,7.8,667.0,Not present/background
2018-10-15,Redfish Pass; 8.1 mi W of,26.5514,-82.3314,11.4,667.0,Not present/background
2018-10-15,Redfish Pass; 3.4 mi W of,26.5532,-82.2554,1.0,0.0,Not present/background
2018-10-15,Redfish Pass; 3.4 mi W of,26.5532,-82.2554,8.2,0.0,Not present/background
2018-10-15,Redfish Pass; 1.8 mi E of (Pine Island Sound),26.560417,-82.170817,0.2,0.0,Not present/background
2018-10-15,Cork Island; W of (Pine Island Sound),26.5767,-82.1347,0.2,0.0,Not present/background
2018-10-15,North Captiva Island; 17 mi W of,26.578,-82.4978,1.0,155000.0,Medium
2018-10-15,North Captiva Island; 17 mi W of,26.578,-82.4978,10.1,29333.0,Low
2018-10-15,North Captiva Island; 17 mi W of,26.578,-82.4978,15.1,27333.0,Low
2018-10-15,Hemp Key; S of (Pine Island Sound),26.5902,-82.1561,0.2,0.0,Not present/background
2018-10-15,Captiva Pass; 29 mi W of,26.5956,-82.6958,1.0,25000.0,Low
2018-10-15,Captiva Pass; 29 mi W of,26.5956,-82.6958,23.0,21333.0,Low
2018-10-15,Captiva Rocks; SW of (Pine Island Sound),26.59925,-82.18463,0.2,0.0,Not present/background
2018-10-15,Cayo Costa; 19 mi W of,26.668296,-82.556608,1.0,333.0,Not present/background
2018-10-15,Cayo Costa; 19 mi W of,26.668296,-82.556608,18.0,0.0,Not present/background
2018-10-15,Cayo Costa State Park; 11 mi W of,26.674933,-82.4347,0.5,5333.0,Very low
2018-10-15,Boca Grande Lighthouse; 4.4 mi W of,26.705567,-82.331883,0.5,0.0,Not present/background
2018-10-15,Boca Grande Pass,26.7117,-82.2583,0.2,0.0,Not present/background
2018-10-15,Cayo Pelau; 2 mi S of (Charlotte Harbor),26.74065,-82.2145,0.2,0.0,Not present/background
2018-10-15,Boca Grande; 9.5 mi W of,26.743821,-82.418931,1.0,0.0,Not present/background
2018-10-15,Boca Grande; 9.5 mi W of,26.743821,-82.418931,13.2,0.0,Not present/background
2018-10-15,Gasparilla Pass; 4.8 mi SW of,26.779352,-82.350624,1.0,667.0,Not present/background
2018-10-15,Gasparilla Pass; 4.8 mi SW of,26.779352,-82.350624,9.0,1000.0,Not present/background
2018-10-15,Bull Key; NW of (Bull Bay),26.782417,-82.209383,0.2,0.0,Not present/background
2018-10-15,Cayo Pelau; N of (Gasparilla Sound),26.786021,-82.223062,0.2,0.0,Not present/background
2018-10-15,Sandfly Key; NE of (Gasparilla Sound),26.798,-82.231,0.2,0.0,Not present/background
2018-10-15,Gasparilla Pass; SW of,26.80475,-82.297145,1.0,13667.0,Low
2018-10-15,Gasparilla Pass; SW of,26.80475,-82.297145,7.0,3000.0,Very low
2018-10-15,Gasparilla Pass,26.816167,-82.2805,0.2,0.0,Not present/background
2018-10-15,Catfish Creek; mouth of (Gasparilla Sound),26.8164,-82.2526,0.2,0.0,Not present/background
2018-10-15,Blind Pass Beach,26.96324,-82.38565,0.5,3000.0,Very low
2018-10-15,Manasota Beach,27.01031,-82.41312,0.5,0.0,Not present/background
2018-10-15,Caspersen Beach,27.05703,-82.4436,0.5,0.0,Not present/background
2018-10-15,Brohard Beach,27.06631,-82.448,0.5,0.0,Not present/background
2018-10-15,Hobe Sound Beach,27.066767,-80.114733,0.5,1000.0,Not present/background
2018-10-15,Venice Fishing Pier; N of,27.0735,-82.4515,0.5,0.0,Not present/background
2018-10-15,Service Club Park,27.07827,-82.45286,0.5,0.0,Not present/background
2018-10-15,Venice Beach,27.099813,-82.46096,0.5,0.0,Not present/background
2018-10-15,Venice Beach,27.10034,-82.46089,0.5,0.0,Not present/background
2018-10-15,North Jetty,27.11382,-82.46883,0.5,1000.0,Not present/background
2018-10-15,Nokomis Beach,27.12332,-82.47122,0.5,1000.0,Not present/background
2018-10-15,Nokomis Public Beach,27.12358,-82.471495,0.5,0.0,Not present/background
2018-10-15,Sandsprit Park Boat Ramp (Manatee Pocket),27.162256,-80.1939,0.5,667.0,Not present/background
2018-10-15,Bathtub Beach,27.187033,-80.160417,0.5,10333.0,Low
2018-10-15,Stuart Causeway Boat Ramp (Indian River),27.2078,-80.18862,0.5,0.0,Not present/background
2018-10-15,Turtle Beach,27.21843,-82.51711,0.5,1500.0,Very low
2018-10-15,Jensen Beach Causeway South Boat Ramp (Indian River),27.2516,-80.2231,0.5,667.0,Not present/background
2018-10-15,Jensen Beach,27.253567,-80.194917,0.5,29000.0,Low
2018-10-15,Siesta Beach,27.26518,-82.5531,0.5,2500.0,Very low
2018-10-15,Waveland Beach,27.2754,-80.2051,0.5,18333.0,Low
2018-10-15,South Lido Park,27.29818,-82.56739,0.5,33500.0,Low
2018-10-15,Normandy Beach,27.3074,-80.2199,0.5,37333.0,Low
2018-10-15,Lido Beach Casino,27.311,-82.57718,0.5,2000.0,Very low
2018-10-15,North Lido Beach,27.31561,-82.58171,0.5,1000.0,Not present/background
2018-10-15,Ringling Causeway,27.32682,-82.56244,0.5,2000.0,Very low
2018-10-15,Bay Dock (Sarasota Bay),27.3316,-82.5779,0.5,335000.0,Medium
2018-10-15,New Pass Dock (Sarasota Bay),27.33375,-82.57938,0.5,1843000.0,High
2018-10-15,Blind Creek Beach,27.3662,-80.2462,0.5,49000.0,Low
2018-10-15,Longboat Key Beach,27.37317,-82.63202,0.5,500.0,Not present/background
2018-10-15,Longboat Pass Boat Ramp (Sarasota Bay),27.44602,-82.68798,0.5,18000.0,Low
2018-10-15,Kimberly Bergalis Memorial Park,27.4541,-80.2848,0.5,63333.0,Low
2018-10-15,Cortez Beach,27.459565,-82.69827,0.5,11333.0,Low
2018-10-15,Museum Pointe Park Boat Ramp (Indian River),27.46125,-80.31394,0.5,667.0,Not present/background
2018-10-15,Palma Sola Bay Bridge,27.4959,-82.6522,0.5,0.0,Not present/background
2018-10-15,Anna Maria Island Rod & Reel Pier (Lower Tampa Bay),27.5385,-82.7402,0.5,3000.0,Very low
2018-10-15,Round Island Oceanfront Park,27.5615,-80.3219,0.5,4333.0,Very low
2018-10-15,Fletcher Point (Lower Tampa Bay),27.58512,-82.61482,0.1,2333.0,Very low
2018-10-15,Skyway Fishing Pier; South (Lower Tampa Bay),27.6055,-82.6508,0.5,2667.0,Very low
2018-10-15,Mullet Key; Gulf Pier,27.6133,-82.7391,0.5,32333.0,Low
2018-10-15,Mullet Key (Soldier Hole),27.625378,-82.733681,0.5,0.0,Not present/background
2018-10-15,Sexton Plaza Beach,27.6534,-80.3549,0.5,547740.0,Medium
2018-10-15,37th Avenue; W of,27.712775,-82.739848,0.5,28667.0,Low
2018-10-15,FWRI Peninsula; SE tip of (Bayboro Harbor),27.759803,-82.631267,0.5,0.0,Not present/background
2018-10-15,FWRI Peninsula; SE tip of (Bayboro Harbor),27.759803,-82.631267,4.5,667.0,Not present/background
2018-10-15,Wabasso Beach Park,27.7633,-80.3965,0.5,435708.0,Medium
2018-10-15,La Contessa Pier,27.8121,-82.81915,0.5,1723433.0,High
2018-10-15,Sebastian Inlet State Park Beach,27.852,-80.4426,0.5,6176520.0,High
2018-10-15,Clearwater Pass,27.96035,-82.8243,0.5,178319.0,Medium
2018-10-15,Honeymoon Island State Park; South Beach,28.0586,-82.8267,0.5,11333.0,Low
2018-10-15,Melbourne Beach,28.0612,-80.552,0.5,155000.0,Medium
2018-10-15,James Nance Park; E of,28.09195,-80.5644,0.5,401942.0,Medium
2018-10-15,Bird Island; W of (Chassahowitzka Bay),28.675,-82.69167,0.3,0.0,Not present/background
2018-10-15,Bird Island; 1.5 mi NW of (Mosquito Lagoon),28.81952,-80.79941,0.3,0.0,Not present/background
2018-10-15,Rock Island; NW of,28.82472,-82.74168,0.1,0.0,Not present/background
2018-10-15,East Halifax Avenue; S of (Mosquito Lagoon),28.86552,-80.83251,0.3,0.0,Not present/background
2018-10-15,Cedar Island; S of (Mosquito Lagoon),28.93952,-80.85403,0.3,0.0,Not present/background
2018-10-15,Cedar Island; N of (Cedar Creek),28.95616,-80.85202,0.3,0.0,Not present/background
2018-10-15,Ranken Drive; E of (Mosquito Lagoon),28.95677,-80.88196,0.3,0.0,Not present/background
2018-10-15,Deadmans Key; W of,29.114833,-83.077833,0.5,0.0,Not present/background
2018-10-15,Gomez Keys; W of,29.149333,-83.08,0.5,0.0,Not present/background
2018-10-15,Derrick Key; N of,29.198333,-83.088,0.5,0.0,Not present/background
2018-10-15,Deer Island; 2.9 mi W of (Suwannee Sound),29.231333,-83.128667,0.5,0.0,Not present/background
2018-10-15,Alligator Pass; 1.8 mi S of (Suwannee Sound),29.2635,-83.171,0.5,0.0,Not present/background
2018-10-15,Cat Island; 1.4 mi SW of,29.318667,-83.198667,0.5,0.0,Not present/background
2018-10-15,Fort Matanzas Bridge (Matanzas Inlet),29.704917,-81.22786,,0.0,Not present/background
2018-10-15,Fort Matanzas National Monument Dock (Matanzas Inlet),29.714528,-81.23508,,0.0,Not present/background
2018-10-15,Navarre Pier,30.376,-86.8631,0.5,261000.0,Medium
2018-10-16,Bill Baggs Cape Florida State Park; S of,25.662967,-80.158583,0.5,0.0,Not present/background
2018-10-16,Crandon Park; E of,25.7111,-80.1436,0.5,0.0,Not present/background
2018-10-16,Crandon Park; 1.5 mi E of,25.712567,-80.128067,0.5,1333.0,Very low
2018-10-16,South Pointe Park; S of (Government Cut),25.764933,-80.134433,0.5,0.0,Not present/background
2018-10-16,Bayfront Park; E of (Biscayne Bay),25.7743,-80.1844,0.5,0.0,Not present/background
2018-10-16,Collins Park; 1.1 mi E of,25.79635,-80.108667,0.5,0.0,Not present/background
2018-10-16,Collins Park; E of,25.798117,-80.121767,0.5,0.0,Not present/background
2018-10-16,53rd Street Park; 1.1 mi E of,25.831983,-80.105117,0.5,0.0,Not present/background
2018-10-16,53rd Street Park; NE of,25.8333,-80.1174,0.5,0.0,Not present/background
2018-10-16,North Shore Open Space Park; 1.1 mi E of,25.867567,-80.100367,0.5,0.0,Not present/background
2018-10-16,North Shore Open Space Park; E of,25.8687,-80.116367,0.5,1000.0,Not present/background
2018-10-16,Surfside Beach; 1.2 mi E of,25.88785,-80.104833,0.5,0.0,Not present/background
2018-10-16,Surfside Beach; E of,25.888317,-80.1186,0.5,0.0,Not present/background
2018-10-16,Haulover Park; W of (Biscayne Bay),25.901,-80.126667,0.5,0.0,Not present/background
2018-10-16,Haulover Beach; 1.1 mi E of,25.9139,-80.102667,0.5,0.0,Not present/background
2018-10-16,Haulover Beach; E of,25.914683,-80.118867,0.5,0.0,Not present/background
2018-10-16,Loggia Beach Park; SE of,25.9628,-80.117,0.5,0.0,Not present/background
2018-10-16,Loggia Beach Park; 1.2 mi SE of,25.964667,-80.10085,0.5,0.0,Not present/background
2018-10-16,Clearwater Beach Island; 15 mi W of,26.2537,-82.1383,1.0,0.0,Not present/background
2018-10-16,Clearwater Beach Island; 15 mi W of,26.2537,-82.1383,15.1,0.0,Not present/background
2018-10-16,South Inlet Park,26.3335,-80.0718,0.3,1333.0,Very low
2018-10-16,Boca Inlet Park,26.3343,-80.0719,0.5,667.0,Not present/background
2018-10-16,South Beach Park,26.350439,-80.068962,0.3,1667.0,Very low
2018-10-16,Red Reef Park,26.3605,-80.06845,0.3,3000.0,Very low
2018-10-16,Gumbo Limbo Nature Center (Lake Wyman),26.36754,-80.07116,0.3,15333.0,Low
2018-10-16,Spanish River Park,26.378618,-80.066555,0.3,5333.0,Very low
2018-10-16,Delray Public Beach,26.461,-80.0571,0.5,0.0,Not present/background
2018-10-16,Gulfstream Park,26.5049,-80.0509,0.5,3333.0,Very low
2018-10-16,Ocean Inlet Park,26.5443,-80.0429,0.5,0.0,Not present/background
2018-10-16,R. G. Kreusler Park,26.6163,-80.0362,0.5,8333.0,Very low
2018-10-16,Palm Beach Municipal Beach,26.6998,-80.0328,0.5,8667.0,Very low
2018-10-16,Bokeelia Island; 2.3 mi NW of (Charlotte Harbor),26.72455,-82.200617,0.5,0.0,Not present/background
2018-10-16,Cape Haze; 2.1 mi E of (Charlotte Harbor),26.7785,-82.132683,0.5,0.0,Not present/background
2018-10-16,Phil Forster Park (Lake Worth),26.7832,-80.0416,0.5,12000.0,Low
2018-10-16,Ocean Reef Park,26.794,-80.0313,0.5,4667.0,Very low
2018-10-16,Gasparilla Pass,26.816167,-82.2805,0.2,0.0,Not present/background
2018-10-16,Charlotte Harbor Preserve State Park; 1.5 mi E of (Charlotte Harbor),26.836233,-82.1303,0.5,0.0,Not present/background
2018-10-16,Garfield Court; SW of (Placida Harbor),26.8385,-82.2795,0.2,667.0,Not present/background
2018-10-16,Juno Beach Fishing Pier,26.893715,-80.0542,0.5,3667.0,Very low
2018-10-16,Stump Pass (Lemon Bay),26.898667,-82.339333,0.2,6667.0,Very low
2018-10-16,Tom Adams Bridge; S of (Lemon Bay),26.9307,-82.3498,0.2,0.0,Not present/background
2018-10-16,Blind Pass Beach; E of (Lemon Bay),26.96324,-82.3747,0.2,0.0,Not present/background
2018-10-16,Caspersen Beach,27.0582,-82.4443,0.5,667.0,Not present/background
2018-10-16,Tramonto Vista Park; W of,27.0725,-82.4511,0.5,0.0,Not present/background
2018-10-16,Siesta Key Beach,27.264386,-82.553483,0.5,2000.0,Very low
2018-10-16,Lido Key Beach,27.3119,-82.5777,0.5,667.0,Not present/background
2018-10-16,St. Armands Key; N of (Pansy Bayou),27.3225,-82.5803,0.5,9667.0,Very low
2018-10-16,Bay Dock (Sarasota Bay),27.3316,-82.5779,0.5,66000.0,Low
2018-10-16,Marina Jack (Sarasota Bay),27.3324,-82.5462,0.5,0.0,Not present/background
2018-10-16,New Pass Dock (Sarasota Bay),27.33375,-82.57938,0.5,254000.0,Medium
2018-10-16,Atlas Street; W of,27.4003,-82.6515,0.5,667.0,Not present/background
2018-10-16,Bradenton Beach; 20 mi W of,27.403017,-83.01165,0.5,130125.0,Medium
2018-10-16,Garfield Cut; W of (Indian River),27.51465,-80.33528,0.3,0.0,Not present/background
2018-10-16,Mead Point (Lower Tampa Bay),27.51477,-82.68395,0.2,1667.0,Very low
2018-10-16,School Key; NE of (Lower Tampa Bay),27.529833,-82.704,0.2,0.0,Not present/background
2018-10-16,Round Island; W of (Indian River),27.55483,-80.3425,0.3,0.0,Not present/background
2018-10-16,South Skyway Rest Area; NW of (Lower Tampa Bay),27.587433,-82.61895,0.2,0.0,Not present/background
2018-10-16,South Skyway Causeway; NE end of (Lower Tampa Bay),27.59275,-82.629067,0.2,0.0,Not present/background
2018-10-16,Joe Island; N of (Lower Tampa Bay),27.595514,-82.5912,0.2,2000.0,Very low
2018-10-16,Mullet Key; 35 mi W of,27.617,-83.3,1.0,0.0,Not present/background
2018-10-16,Mullet Key; 35 mi W of,27.617,-83.3,30.0,0.0,Not present/background
2018-10-16,Mullet Key; 24 mi W of,27.617,-83.13,1.0,0.0,Not present/background
2018-10-16,Mullet Key; 24 mi W of,27.617,-83.13,21.0,0.0,Not present/background
2018-10-16,Little Redfish Creek; 1.1 mi NW of (Lower Tampa Bay),27.632617,-82.5782,0.2,333.0,Not present/background
2018-10-16,Egmont Key; 20 mi W of,27.6338,-83.091733,0.5,0.0,Not present/background
2018-10-16,Shell Key; 16 mi W of,27.6721,-82.9997,1.0,38000.0,Low
2018-10-16,Shell Key Preserve; 4.5 mi W of,27.6753,-82.817267,0.5,776894.0,Medium
2018-10-16,Sunset Park; 11 mi W of,27.74,-82.928,1.0,93828.0,Low
2018-10-16,Sunset Park; 11 mi W of,27.74,-82.928,7.9,89137.0,Low
2018-10-16,Archibald Beach Park; 4.8 mi W of,27.801,-82.882,1.0,1449121.0,High
2018-10-16,Archibald Beach Park; 4.8 mi W of,27.801,-82.882,6.0,370099.0,Medium
2018-10-16,Roseate Island; E of (Indian River),27.81555,-80.456,0.3,0.0,Not present/background
2018-10-16,Roseate Island; NE of (Indian River),27.82037,-80.44951,0.3,0.0,Not present/background
2018-10-16,Redington Shores; 6.3 mi W of,27.8391,-82.9423,1.0,468673.0,Medium
2018-10-16,Redington Shores; 6.3 mi W of,27.8391,-82.9423,7.7,643764.0,Medium
2018-10-16,Redington Shores; 1 mi W of,27.8392,-82.8562,1.0,629417.0,Medium
2018-10-16,Redington Shores; 1 mi W of,27.8392,-82.8562,3.9,573393.0,Medium
2018-10-16,Redington Shores; 11 mi W of,27.8421,-83.0258,1.0,270183.0,Medium
2018-10-16,Redington Shores; 11 mi W of,27.8421,-83.0258,9.0,90333.0,Low
2018-10-16,St. Sebastian River; SE of (Indian River),27.84579,-80.4738,0.3,58333.0,Low
2018-10-16,Sebastian Inlet Boat Ramp; E of (Indian River),27.84994,-80.45318,0.3,39333.0,Low
2018-10-16,Mud Hole; W of (Indian River),27.87745,-80.48863,0.3,0.0,Not present/background
2018-10-16,Barefoot Bay Pier; NE of (Indian River),27.88805,-80.49474,0.3,0.0,Not present/background
2018-10-16,Clearwater Beach,27.982122,-82.829625,0.5,24333.0,Low
2018-10-16,Clearwater Beach Island; 8 mi W of,28.01,-82.96,1.0,24667.0,Low
2018-10-16,Clearwater Beach Island; 8 mi W of,28.01,-82.96,9.0,2000.0,Very low
2018-10-16,Clearwater Beach Island; 1.2 mi W of,28.01,-82.848,1.0,222333.0,Medium
2018-10-16,Juan Ponce de Leon Landing,28.0113,-80.5297,0.7,101000.0,Medium
2018-10-16,Dunedin Pass; 4 mi W of,28.017,-82.892,1.0,169652.0,Medium
2018-10-16,Dunedin Pass; 4 mi W of,28.017,-82.892,7.0,4023448.0,High
2018-10-16,Coconut Point Park,28.0229,-80.5352,0.3,125667.0,Medium
2018-10-16,Beach Woods Pier (Indian River),28.02968,-80.54599,0.5,0.0,Not present/background
2018-10-16,Spessard Holland South,28.0475,-80.5467,0.5,312300.0,Medium
2018-10-16,Geiger Point; Melbourne Causeway at (Indian River),28.08245,-80.59505,0.2,0.0,Not present/background
2018-10-16,James Nance Park,28.0927,-80.5642,0.5,645660.0,Medium
2018-10-16,Eau Gallie Pier (Indian River),28.13248,-80.62418,0.2,0.0,Not present/background
2018-10-16,Anclote Key; E of (Anclote Anchorage),28.167123,-82.835977,0.5,1333.0,Very low
2018-10-16,Pelican Beach Park,28.1683,-80.5871,0.7,1349460.0,High
2018-10-16,Bird Key; 1.1 mi NW of (Anclote Anchorage),28.182915,-82.819797,0.3,22333.0,Low
2018-10-16,Robert P. Murkshe Memorial Park; N of,28.2916,-80.6064,0.7,333.0,Not present/background
2018-10-16,Ramp Road Park Boat Ramp (Banana River),28.309033,-80.614283,0.2,0.0,Not present/background
2018-10-16,520 Slick Boat Ramp (Banana River),28.357133,-80.62844,0.2,0.0,Not present/background
2018-10-16,Kelly Park (Banana River),28.4017,-80.66245,0.2,0.0,Not present/background
2018-10-16,Port St. John Boat Ramp (Indian River),28.475083,-80.766533,0.2,0.0,Not present/background
2018-10-16,NASA Causeway; SE side of (Indian River),28.52641,-80.7391,0.2,0.0,Not present/background
2018-10-16,Pine Island; 2.1 mi W of,28.575,-82.69167,0.3,0.0,Not present/background
2018-10-16,Parrish Park Boat Ramp (Indian River),28.62365,-80.795517,0.2,0.0,Not present/background
2018-10-16,Chambers Island; 3.9 mi W of,29.0083,-82.82525,0.1,0.0,Not present/background
2018-10-16,Bushstake Gap; E of (Withlacoochee Bay),29.017167,-82.789167,0.5,0.0,Not present/background
2018-10-16,Seahorse Key; 8.4 mi SW of,29.02313,-83.18087,0.5,0.0,Not present/background
2018-10-16,Seahorse Key; 2.5 mi SW of,29.08132,-83.1102,0.5,0.0,Not present/background
2018-10-16,Tripod Point; 2.9 mi S of,29.1234,-82.9124,0.5,0.0,Not present/background
2018-10-16,Ramsey Point; 2.9 mi W of (Waccasassa Bay),29.1265,-82.8495,0.5,0.0,Not present/background
2018-10-16,Pensacola Beach Pier,30.3273,-87.1419,0.5,8333.0,Very low
2018-10-16,Indian Island; 1.6 mi W of (Choctawhatchee Bay),30.40939,-86.14531,0.5,0.0,Not present/background
2018-10-16,Motes Point; 2.1 mi S of (Choctawhatchee Bay),30.42319,-86.18297,0.5,0.0,Not present/background
2018-10-16,Lake Lorraine,30.43595,-86.559767,0.5,0.0,Not present/background
2018-10-16,Fourmile Point; 1.9 mi NW of (Choctawhatchee Bay),30.44311,-86.3365,0.5,4667.0,Very low
2018-10-16,Indian Bay Drive; 1.7 mi S of (Choctawhatchee Bay),30.4571,-86.2712,0.5,0.0,Not present/background
2018-10-17,Spanish Harbor Key Boat Ramp,24.64975,-81.31777,0.2,0.0,Not present/background
2018-10-17,Sombrero Beach (Marathon),24.69195,-81.08748,0.2,0.0,Not present/background
2018-10-17,Marathon Key 33rd St. Boat Ramp,24.71365,-81.09599,0.2,0.0,Not present/background
2018-10-17,Plover Key; 44 mi W of,25.593056,-81.979626,1.0,7667.0,Very low
2018-10-17,Plover Key; 44 mi W of,25.593056,-81.979626,16.0,0.0,Not present/background
2018-10-17,North City Beach Park,25.9862,-80.1173,0.5,0.0,Not present/background
2018-10-17,Harry Berry Park; N of,26.0076,-80.1143,0.5,0.0,Not present/background
2018-10-17,Dania Beach Fishing Pier,26.058006,-80.10887,0.5,0.0,Not present/background
2018-10-17,Keewaydin; 1.0 mi W of,26.086033,-81.81625,0.5,0.0,Not present/background
2018-10-17,Keewaydin; W of,26.08633,-81.811,0.5,0.0,Not present/background
2018-10-17,Birch State Park; E of,26.1417,-80.1019,0.5,0.0,Not present/background
2018-10-17,Anglins Fishing Pier; N of,26.1897,-80.0944,0.5,0.0,Not present/background
2018-10-17,Pompano Beach,26.2324,-80.0884,0.5,0.0,Not present/background
2018-10-17,Deerfield Beach,26.3163,-80.0747,0.5,0.0,Not present/background
2018-10-17,Bonita Beach Park,26.33105,-81.84574,0.5,2333.0,Very low
2018-10-17,Lovers Key State Park,26.3901,-81.8795,0.5,0.0,Not present/background
2018-10-17,Tarpon Bay Road Beach,26.4217,-82.0801,0.5,0.0,Not present/background
2018-10-17,Lighthouse Beach,26.45157,-82.01543,0.5,0.0,Not present/background
2018-10-17,Lynn Hall Park,26.45398,-81.95776,0.5,0.0,Not present/background
2018-10-17,Alison Hagerup Beach Park,26.5264,-82.1945,0.5,0.0,Not present/background
2018-10-17,William O. Lockhart Municipal Pier,26.61266,-80.03636,0.6,667.0,Not present/background
2018-10-17,Boca Grande Pier (Gasparilla Sound),26.80562,-82.27415,0.5,0.0,Not present/background
2018-10-17,Englewood Beach,26.92467,-82.36189,0.5,217933.0,Medium
2018-10-17,Dollman Park Beachside,27.2976,-80.2152,0.5,34333.0,Low
2018-10-17,Bay Dock (Sarasota Bay),27.3316,-82.5779,0.5,132000.0,Medium
2018-10-17,New Pass Dock (Sarasota Bay),27.33375,-82.57938,0.5,104000.0,Medium
2018-10-17,Blind Creek Beach; NE of,27.374733,-80.2409,0.5,88303.0,Low
2018-10-17,Middle Cove Beach; E of,27.396433,-80.2534,0.5,171233.0,Medium
2018-10-17,Frederick Douglass Memorial Park; E of,27.4149,-80.258183,0.5,100333.0,Medium
2018-10-17,John Brooks Beach; NE of,27.424817,-80.2617,0.5,135185.0,Medium
2018-10-17,South Beach Park; SE of,27.45815,-80.278433,0.5,76667.0,Low
2018-10-17,Museum Pointe Park Boat Ramp (Indian River),27.46125,-80.31394,0.5,4333.0,Very low
2018-10-17,Fort Pierce Jetty Park; E of,27.469717,-80.278433,0.5,134640.0,Medium
2018-10-17,Round Island Oceanfront Park,27.5615,-80.3219,0.5,11667.0,Low
2018-10-17,Ft DeSoto Kayak Launch (Soldier Hole),27.617447,-82.729342,0.5,0.0,Not present/background
2018-10-17,Sexton Plaza Beach,27.6534,-80.3549,0.5,0.0,Not present/background
2018-10-17,Maximo Beach (Sunshine Skyway Channel),27.7095,-82.6824,0.5,5873280.0,High
2018-10-17,Wabasso Beach Park,27.7633,-80.3965,0.5,5361547.0,High
2018-10-17,North Redington Beach; 16 mi W of,27.811517,-83.086183,0.5,0.0,Not present/background
2018-10-17,Sunset Reef; 2.3 mi W of,27.828833,-82.87085,0.5,21271792.0,High
2018-10-17,Redington Shores; 18 mi W of,27.839,-83.1301,1.0,0.0,Not present/background
2018-10-17,Redington Shores; 18 mi W of,27.839,-83.1301,18.8,0.0,Not present/background
2018-10-17,Sebastian Inlet State Park Beach,27.852,-80.4426,0.5,63000.0,Low
2018-10-17,Sebastian Inlet State Park Campground (Sebastian Inlet),27.855082,-80.452214,0.5,19333.0,Low
2018-10-17,Sebastian Inlet State Park; N of (Sebastian Inlet),27.860425,-80.449482,0.5,54333.0,Low
2018-10-17,BGs Bayside Marina (Campbell Pocket),27.874205,-80.459764,0.5,0.0,Not present/background
2018-10-17,Indian Rocks Beach; 3.3 mi W of,27.882,-82.906233,0.5,4032884.0,High
2018-10-17,Sand Key; 16 mi W of,27.9166,-83.114617,0.5,0.0,Not present/background
2018-10-17,Sand Key; 11 mi W of,27.931217,-83.026117,0.5,333.0,Not present/background
2018-10-17,Hawksbill Island Drive; canal E of (Banana River),28.198262,-80.612495,0.5,0.0,Not present/background
2018-10-17,Bird Island; 1.5 mi NW of (Mosquito Lagoon),28.81952,-80.79941,0.5,0.0,Not present/background
2018-10-17,East Halifax Avenue; S of (Mosquito Lagoon),28.86552,-80.83251,0.5,0.0,Not present/background
2018-10-17,Mary McLeod Bethune Beach Park,28.951043,-80.839085,0.6,667.0,Not present/background
2018-10-17,Cedar Island; N of (Cedar Creek),28.95616,-80.85202,0.5,333.0,Not present/background
2018-10-17,Compass Point; 1.7 mi SW of (Waccasassa Bay),29.14167,-82.85833,0.3,0.0,Not present/background
2018-10-17,Ormond Beach,29.29234,-81.038562,0.6,0.0,Not present/background
2018-10-17,Millender Street; S of (St. George Sound),29.7301,-84.88478,0.1,0.0,Not present/background
2018-10-17,Navarre Pier,30.376,-86.8631,0.5,1297440.0,High
2018-10-17,Lake Earl,30.419969,-86.590289,0.5,0.0,Not present/background
2018-10-17,Garcon Point Park (Pensacola Bay),30.444667,-87.1015,0.1,0.0,Not present/background
2018-10-17,Mike Gibson Lane; W of (Escambia Bay),30.463333,-87.097,0.1,0.0,Not present/background
2018-10-17,Dickerson City Boat Ramp (East Bay),30.480811,-87.058241,0.1,0.0,Not present/background
2018-10-18,White Street Pier (Key West),24.54687,-81.78537,0.2,0.0,Not present/background
2018-10-18,Truman Waterfront,24.55119,-81.80795,0.2,1000.0,Not present/background
2018-10-18,Boca Chica Bridge; E of,24.57794,-81.71298,0.2,0.0,Not present/background
2018-10-18,Kemp Channel Bridge; W of,24.66258,-81.46704,0.2,0.0,Not present/background
2018-10-18,Cape Sable; 32 mi W of,25.1667,-81.6533,1.0,0.0,Not present/background
2018-10-18,Shark River Island; NW of,25.3453,-81.1528,1.0,0.0,Not present/background
2018-10-18,Shark River Island; 5.3 mi W of,25.35,-81.2273,1.0,0.0,Not present/background
2018-10-18,Shark River Island; 3.2 mi W of,25.3502,-81.1933,1.0,0.0,Not present/background
2018-10-18,Shark River Island; 32 mi W of,25.3517,-81.6533,1.0,0.0,Not present/background
2018-10-18,Shark River Island; 22 mi W of,25.3517,-81.49,1.0,0.0,Not present/background
2018-10-18,Shark River Island; 12 mi W of,25.3517,-81.336,1.0,0.0,Not present/background
2018-10-18,Shark River Island; 7.7 mi W of,25.3517,-81.265,1.0,0.0,Not present/background
2018-10-18,Broad River; 8.9 mi W of,25.4533,-81.3083,1.0,0.0,Not present/background
2018-10-18,Broad River; 8.9 mi W of,25.4533,-81.3083,4.2,0.0,Not present/background
2018-10-18,Wood Key; 48 mi W of,25.57538,-82.010304,1.0,0.0,Not present/background
2018-10-18,Wood Key; 48 mi W of,25.57538,-82.010304,18.2,0.0,Not present/background
2018-10-18,Wood Key; 11 mi W of,25.5833,-81.4083,1.0,333.0,Not present/background
2018-10-18,Wood Key; 8 mi W of,25.5833,-81.3667,1.0,0.0,Not present/background
2018-10-18,Wood Key; 5.7 mi W of,25.5833,-81.33,1.0,0.0,Not present/background
2018-10-18,Wood Key; 3.3 mi W of,25.5833,-81.2917,1.0,0.0,Not present/background
2018-10-18,Wood Key; 14 mi W of,25.5835,-81.4707,1.0,0.0,Not present/background
2018-10-18,Bill Baggs Cape Florida State Park; S of,25.663033,-80.1583,0.5,0.0,Not present/background
2018-10-18,Crandon Park; E of,25.7111,-80.1436,0.5,0.0,Not present/background
2018-10-18,Cradon Park; 1.5 mi E of,25.7115,-80.127167,0.5,0.0,Not present/background
2018-10-18,Darwin Beach; W of (Bear Cut),25.7313,-80.1645,0.5,0.0,Not present/background
2018-10-18,Virginia Beach Drive; W of (Biscayne Bay),25.731992,-80.166597,0.5,0.0,Not present/background
2018-10-18,Virginia Key Park; S of (Biscayne Bay),25.73466,-80.1667,0.5,0.0,Not present/background
2018-10-18,South Pointe Park; S of (Government Cut),25.765017,-80.134117,0.5,0.0,Not present/background
2018-10-18,Bayfront Park; E of (Biscayne Bay),25.7743,-80.1844,0.5,0.0,Not present/background
2018-10-18,Collins Park; 1.1 mi E of,25.796417,-80.109533,0.5,3667.0,Very low
2018-10-18,Collins Park; E of,25.796683,-80.123033,0.5,333.0,Not present/background
2018-10-18,53rd Street Park; NE of,25.8333,-80.1174,0.5,0.0,Not present/background
2018-10-18,53rd Street Park; 1.1 mi E of,25.833833,-80.1015,0.5,0.0,Not present/background
2018-10-18,North Shore Open Space Park; 1.1 mi E of,25.868283,-80.102567,0.5,333.0,Not present/background
2018-10-18,North Shore Open Space Park; E of,25.8683,-80.117483,0.5,0.0,Not present/background
2018-10-18,Surfside Beach; 1.2 mi E of,25.887533,-80.102117,0.5,0.0,Not present/background
2018-10-18,Surfside Beach; E of,25.88755,-80.1195,0.5,0.0,Not present/background
2018-10-18,Haulover Park; W of (Biscayne Bay),25.900733,-80.126133,0.5,0.0,Not present/background
2018-10-18,South Marco Beach,25.91165,-81.72805,0.5,0.0,Not present/background
2018-10-18,Haulover Beach; 1.1 mi E of,25.9139,-80.103817,0.5,0.0,Not present/background
2018-10-18,Haulover Beach; E of,25.914283,-80.1196,0.5,667.0,Not present/background
2018-10-18,Loggia Beach Park; 1.2 mi SE of,25.962633,-80.099617,0.5,333.0,Not present/background
2018-10-18,Loggia Beach Park; SE of,25.9628,-80.117,0.5,333.0,Not present/background
2018-10-18,Dania Beach Fishing Pier,26.058006,-80.10887,0.5,0.0,Not present/background
2018-10-18,Naples Pier,26.13163,-81.8063,0.5,0.0,Not present/background
2018-10-18,Seagate,26.2073,-81.8169,0.5,0.0,Not present/background
2018-10-18,Vanderbilt Beach,26.25375,-81.82377,0.5,0.0,Not present/background
2018-10-18,North Ocean Park; NE of,26.25415,-80.083804,0.5,0.0,Not present/background
2018-10-18,Hillsboro Inlet Lighthouse; SW of (Hillsboro Inlet),26.258063,-80.081826,0.5,667.0,Not present/background
2018-10-18,Barefoot Beach State Preserve,26.30481,-81.8362,0.5,0.0,Not present/background
2018-10-18,South Inlet Park,26.3335,-80.0718,0.5,4000.0,Very low
2018-10-18,South Beach Park,26.350439,-80.068962,0.5,20333.0,Low
2018-10-18,Red Reef Park,26.3605,-80.06845,0.5,2667.0,Very low
2018-10-18,Gumbo Limbo Nature Center (Lake Wyman),26.36754,-80.07116,0.5,1667.0,Very low
2018-10-18,Spanish River Park,26.378618,-80.066555,0.5,2000.0,Very low
2018-10-18,Bowmans Beach; 6.9 mi SW of,26.3968,-82.2407,11.3,39667.0,Low
2018-10-18,Bowmans Beach; 6.9 mi SW of,26.3968,-82.2407,0.5,7667.0,Very low
2018-10-18,Sanibel Rocks; S of,26.4269,-82.1345,4.9,0.0,Not present/background
2018-10-18,Sanibel Rocks; S of,26.4269,-82.1345,0.5,0.0,Not present/background
2018-10-18,Delray Public Beach,26.461,-80.0571,0.5,9667.0,Very low
2018-10-18,Blind Pass; 2.8 mi W of,26.4866,-82.2282,8.5,0.0,Not present/background
2018-10-18,Blind Pass; 2.8 mi W of,26.4866,-82.2282,0.5,0.0,Not present/background
2018-10-18,Gulfstream Park,26.5049,-80.0509,0.5,2000.0,Very low
2018-10-18,Captiva Island; W of,26.5117,-82.206,5.2,0.0,Not present/background
2018-10-18,Captiva Island; W of,26.5117,-82.206,0.5,0.0,Not present/background
2018-10-18,Ocean Inlet Park,26.5443,-80.0429,0.5,3333.0,Very low
2018-10-18,R. G. Kreusler Park,26.6163,-80.0362,0.5,0.0,Not present/background
2018-10-18,Cayo Costa State Park; 18 mi W of,26.643533,-82.54365,0.5,22333.0,Low
2018-10-18,Cayo Costa State Park; 12 mi W of,26.669117,-82.455233,0.5,119667.0,Medium
2018-10-18,Cayo Costa State Park; 6.8 mi W of,26.69375,-82.37115,0.5,29333.0,Low
2018-10-18,Palm Beach Municipal Beach,26.6998,-80.0328,0.5,8333.0,Very low
2018-10-18,Phil Foster Park (Lake Worth),26.7832,-80.0416,0.5,1333.0,Very low
2018-10-18,Ocean Reef Park,26.794,-80.0313,0.5,1333.0,Very low
2018-10-18,Juno Beach Fishing Pier,26.893715,-80.0542,0.5,5000.0,Very low
2018-10-18,Stump Pass (Lemon Bay),26.897,-82.34,0.5,87667.0,Low
2018-10-18,Englewood Beach; S of,26.921,-82.362,0.5,183667.0,Medium
2018-10-18,Maude Street; E of (Charlotte Harbor),26.928333,-82.063611,0.5,0.0,Not present/background
2018-10-18,Hobe Sound Beach,27.066767,-80.114733,0.5,11333.0,Low
2018-10-18,Southeast Harbor Terrace; E of (Great Pocket),27.15891,-80.17567,0.5,333.0,Not present/background
2018-10-18,Sandsprit Park Boat Ramp (Manatee Pocket),27.162256,-80.1939,0.5,5333.0,Very low
2018-10-18,St. Lucie Inlet; 1.5 mi E of,27.16253,-80.12926,0.5,667.0,Not present/background
2018-10-18,Sailfish Point Marina Boat Ramp (Indian River),27.1842,-80.16325,0.5,0.0,Not present/background
2018-10-18,Bathtub Beach,27.187033,-80.160417,0.5,333.0,Not present/background
2018-10-18,Stuart Causeway Boat Ramp (Indian River),27.2078,-80.18862,0.5,3667.0,Very low
2018-10-18,St. Lucie Inlet; 7.4 mi NE of,27.21263,-80.04609,0.5,0.0,Not present/background
2018-10-18,Jensen Beach Causeway South Boat Ramp (Indian River),27.2516,-80.2231,0.5,0.0,Not present/background
2018-10-18,Jensen Beach,27.253567,-80.194917,0.5,34000.0,Low
2018-10-18,Bay Dock (Sarasota Bay),27.3316,-82.5779,0.5,103000.0,Medium
2018-10-18,New Pass Dock (Sarasota Bay),27.33375,-82.57938,0.5,171000.0,Medium
2018-10-18,Bradenton Beach; 7.8 mi W of,27.433967,-82.821333,0.5,298361.0,Medium
2018-10-18,Mandalay Park; E of (Mandalay Channel),27.984272,-82.822071,0.2,774967.0,Medium
2018-10-18,Kipling Plaza; E of (Mandalay Channel),27.996774,-82.821886,0.2,53333.0,Low
2018-10-18,Fred Howard Park Causeway,28.15331,-82.80111,1.0,0.0,Not present/background
2018-10-18,Anclote Gulf Park Pier (Anclote Anchorage),28.1925,-82.7881,1.0,0.0,Not present/background
2018-10-18,Robert K Rees Memorial Park,28.25358,-82.7574,1.0,0.0,Not present/background
2018-10-18,Minutemen Causeway; E of,28.3184,-80.6069,0.5,1279080.0,High
2018-10-18,Hudson Beach Park,28.36272,-82.710271,1.0,0.0,Not present/background
2018-10-18,Cocoa Beach Pier; S of,28.3675,-80.6015,0.5,579080.0,Medium
2018-10-18,Cherie Down Park,28.3914,-80.5955,0.5,50333.0,Low
2018-10-18,Harbor Pointe Marina (Indian River),28.615731,-80.802278,0.5,0.0,Not present/background
2018-10-19,Little Duck Key; 6.4 mi S of,24.5983,-81.1833,1.0,0.0,Not present/background
2018-10-19,Money Key; SE of,24.675,-81.205,1.0,0.0,Not present/background
2018-10-19,Craig Key; 1.1 mi S of,24.8208,-80.7567,1.0,1667.0,Very low
2018-10-19,East Bahia Honda Key; 11 mi N of,24.93,-81.1667,1.0,0.0,Not present/background
2018-10-19,Cape Sable; 12 mi W of,25.1667,-81.336,1.0,0.0,Not present/background
2018-10-19,Cape Sable; 5.9 mi W of,25.1667,-81.235,1.0,0.0,Not present/background
2018-10-19,Caesar Creek (Biscayne Bay),25.3951,-80.23246,0.5,0.0,Not present/background
2018-10-19,Sands Cut (Biscayne Bay),25.49465,-80.17763,0.5,0.0,Not present/background
2018-10-19,Lewis Cut (Biscayne Bay),25.52142,-80.17476,0.5,0.0,Not present/background
2018-10-19,Pavilion Key; 9.2 mi SW of,25.6161,-81.4735,0.2,0.0,Not present/background
2018-10-19,Pavilion Key; 5.8 mi SW of,25.6379,-81.4241,0.2,0.0,Not present/background
2018-10-19,Pavilion Key; 2.9 mi SW of,25.6614,-81.3856,0.2,0.0,Not present/background
2018-10-19,Pavilion Key; SW of,25.6817,-81.3579,0.2,0.0,Not present/background
2018-10-19,Isles of Capri; SW of (Marco Bay),25.970206,-81.749273,0.5,0.0,Not present/background
2018-10-19,North City Beach Park,25.9862,-80.1173,0.5,0.0,Not present/background
2018-10-19,Harry Berry Park; N of,26.0083,-80.1143,0.5,0.0,Not present/background
2018-10-19,Hollywood North Beach Park,26.035,-80.1135,0.5,0.0,Not present/background
2018-10-19,Dania Beach Fishing Pier,26.058006,-80.10887,0.5,0.0,Not present/background
2018-10-19,Gordon Pass; W of,26.09211,-81.808426,0.5,0.0,Not present/background
2018-10-19,Birch State Park; E of,26.1417,-80.1019,0.5,0.0,Not present/background
2018-10-19,Anglins Fishing Pier; N of,26.1897,-80.0944,0.5,0.0,Not present/background
2018-10-19,Deerfield Beach,26.3163,-80.0747,0.5,1667.0,Very low
2018-10-19,Deerfield Beach Fishing Pier,26.316484,-80.07265,0.5,333.0,Not present/background
2018-10-19,North Lido Beach,27.3146,-82.5817,0.5,36000.0,Low
2018-10-19,Bayfront Park,27.3277,-82.561,0.5,2667.0,Very low
2018-10-19,Bay Dock (Sarasota Bay),27.3316,-82.5779,0.5,16000.0,Low
2018-10-19,New Pass Dock (Sarasota Bay),27.33375,-82.57938,0.5,61000.0,Low
2018-10-19,Park Street (Long Bayou),27.802909,-82.757222,0.5,0.0,Not present/background
2018-10-19,Clearwater Beach Pier 60,27.9777,-82.8323,0.5,16333.0,Low
2018-10-19,Anclote Key Lighthouse; 3.9 mi W of,28.1485,-82.9056,0.5,667.0,Not present/background
2018-10-19,Anclote Key Lighthouse; 1.7 mi SW of,28.1485,-82.8632,0.5,333.0,Not present/background
2018-10-19,Anclote Key; SE of (St. Joseph Sound),28.1502,-82.824,0.5,667.0,Not present/background
2018-10-19,Anclote Key; 3.5 mi W of,28.1923,-82.909,0.5,0.0,Not present/background
2018-10-19,Anclote Key; W of,28.1932,-82.8665,0.5,1000.0,Not present/background
2018-10-19,Dutchman Key; 1.3 mi E of (Anclote Anchorage),28.1933,-82.8225,0.5,0.0,Not present/background
2018-10-19,Axe Island; 4.1 mi W of,29.30833,-83.24167,0.3,0.0,Not present/background
2018-10-20,Lois Key; 5.9 mi S of,24.53051,-81.48734,0.2,1000.0,Not present/background
2018-10-20,Munson Island; 5.3 mi S of,24.54667,-81.40214,0.2,8000.0,Very low
2018-10-20,Spanish Harbor Channel Bridge; 5.5 mi S of,24.56867,-81.32655,0.2,9000.0,Very low
2018-10-20,Bahia Honda State Park; 5.3 mi S of,24.58908,-81.24203,0.2,3000.0,Very low
2018-10-20,Lower Arsnicker Keys; 7.2 mi W of,24.9159,-80.943,0.2,0.0,Not present/background
2018-10-20,Upper Arsnicker Keys; 8.5 mi NW of,24.93815,-80.9653,0.2,0.0,Not present/background
2018-10-20,Sandy Key; 5.2 mi SW of,24.96038,-80.98737,0.2,0.0,Not present/background
2018-10-20,Sandy Key; 3.4 mi S of,24.98417,-81.0118,0.2,0.0,Not present/background
2018-10-20,Captn Butchers Marina; E of (Indain River),27.829383,-80.468536,0.5,27667.0,Low
2018-10-20,St. Sebastian River; SE of (Indian River),27.845722,-80.477446,0.5,9000.0,Very low
2018-10-20,Dixie Highway Bridge; E of (Indian River),27.85566,-80.49085,0.5,3333.0,Very low
2018-10-20,New Smyrna Beach; 3 mi E of,29.0246,-80.836767,0.5,0.0,Not present/background
2018-10-20,Kelly Lane; E of (Boggy Bayou),30.492,-86.480967,0.5,0.0,Not present/background
2018-10-20,South John Sims Parkway Bridge; E of (Toms Bayou),30.502167,-86.492717,0.5,0.0,Not present/background
2018-10-20,Lions Park; W of (Boggy Bayou),30.5104,-86.484017,0.5,0.0,Not present/background
2018-10-20,Spence Circle; E of (Boggy Bayou),30.519467,-86.497217,0.5,0.0,Not present/background
2018-10-21,Dry Tortugas National Park; 10 mi SE of,24.489167,-82.803,0.5,5000.0,Very low
2018-10-21,Bahia Honda State Park; S of,24.659379,-81.273837,0.3,0.0,Not present/background
2018-10-21,123rd Avenue; W of,27.77688,-82.781817,0.5,9919689.0,High
2018-10-21,123 Avenue Boat Launch (Boca Ciega Bay),27.778889,-82.778452,0.5,13645800.0,High
2018-10-21,Riverview Park Pier (Indian River),27.808938,-80.461754,0.5,333.0,Not present/background
2018-10-21,Barefoot Bay Pier (Indian River),27.88507,-80.5008,0.5,0.0,Not present/background
2018-10-21,Tropic; SW of (Indian River),28.1505,-80.635,0.5,0.0,Not present/background
2018-10-21,North Anclote Key; NE of,28.218583,-82.83755,0.5,0.0,Not present/background
2018-10-21,Durney Key; W of,28.284817,-82.768383,0.3,0.0,Not present/background
2018-10-21,Horseshoe Beach,29.441283,-83.290631,0.5,0.0,Not present/background
2018-10-22,Eastern Sambo Reef,24.49305,-81.65961,0.2,2000.0,Very low
2018-10-22,Dry Tortugas National Park; 13 mi SW of,24.5075,-83.030667,0.5,0.0,Not present/background
2018-10-22,Maryland Shoal Reef,24.51036,-81.56991,0.2,9000.0,Very low
2018-10-22,South Marco Beach,25.91165,-81.72805,0.5,0.0,Not present/background
2018-10-22,Caxambas Park,25.9124,-81.7171,0.5,0.0,Not present/background
2018-10-22,Goodland Bridge,25.9334,-81.6496,0.5,0.0,Not present/background
2018-10-22,Lee Avenue; docks NE of (Big Marco Pass),25.9733,-81.7275,0.5,0.0,Not present/background
2018-10-22,951 Boat Ramp (Big Marco Pass),25.9804,-81.7029,0.5,0.0,Not present/background
2018-10-22,Naples Pier,26.13163,-81.8063,0.5,0.0,Not present/background
2018-10-22,Seagate,26.2073,-81.8169,0.5,1333.0,Very low
2018-10-22,Vanderbilt Beach,26.25375,-81.82377,0.5,667.0,Not present/background
2018-10-22,Barefoot Beach State Preserve,26.30481,-81.8362,0.5,0.0,Not present/background
2018-10-22,Highland Beach,26.410273,-80.063911,0.5,333.0,Not present/background
2018-10-22,Buck Key; 1.9 mi NE of (Pine Island Sound),26.532117,-82.15667,0.2,0.0,Not present/background
2018-10-22,Regla Island; W of (Pine Island Sound),26.538,-82.1257,0.2,0.0,Not present/background
2018-10-22,Redfish Pass; 1.8 mi E of (Pine Island Sound),26.560417,-82.170817,0.2,0.0,Not present/background
2018-10-22,Cork Island; W of (Pine Island Sound),26.5767,-82.1347,0.2,0.0,Not present/background
2018-10-22,Hemp Key; S of (Pine Island Sound),26.5902,-82.1561,0.2,0.0,Not present/background
2018-10-22,Captiva Rocks; SW of (Pine Island Sound),26.59925,-82.18463,0.2,0.0,Not present/background
2018-10-22,Boca Grande Pass,26.7117,-82.2583,0.2,829920.0,Medium
2018-10-22,Cayo Pelau; 2 mi S of (Charlotte Harbor),26.74065,-82.2145,0.2,665083.0,Medium
2018-10-22,Bull Key; NW of (Bull Bay),26.782417,-82.209383,0.2,0.0,Not present/background
2018-10-22,Cayo Pelau; N of (Gasparilla Sound),26.786021,-82.223062,0.2,0.0,Not present/background
2018-10-22,Sandfly Key; NE of (Gasparilla Sound),26.798,-82.231,0.2,197667.0,Medium
2018-10-22,Gasparilla Pass,26.816167,-82.2805,0.2,1333.0,Very low
2018-10-22,Catfish Creek; mouth of (Gasparilla Sound),26.8164,-82.2526,0.2,28333.0,Low
2018-10-22,Blind Pass Beach,26.96324,-82.38565,0.5,333000.0,Medium
2018-10-22,Manasota Beach,27.01031,-82.41312,0.5,219000.0,Medium
2018-10-22,Caspersen Beach,27.05703,-82.4436,0.5,11000.0,Low
2018-10-22,Brohard Beach,27.06631,-82.448,0.5,23000.0,Low
2018-10-22,Hobe Sound Beach,27.066767,-80.114733,0.5,125333.0,Medium
2018-10-22,Venice Fishing Pier; N of,27.0735,-82.4515,0.5,24000.0,Low
2018-10-22,Service Club Park,27.07827,-82.45286,0.5,38000.0,Low
2018-10-22,Venice Beach,27.10034,-82.46089,0.5,17000.0,Low
2018-10-22,North Jetty,27.11382,-82.46883,0.5,2000.0,Very low
2018-10-22,Nokomis Beach,27.12332,-82.47122,0.5,0.0,Not present/background
2018-10-22,Sandsprit Park Boat Ramp (Manatee Pocket),27.162256,-80.1939,0.5,168667.0,Medium
2018-10-22,Sailfish Point Marina (Indian River),27.18391,-80.16404,0.5,0.0,Not present/background
2018-10-22,Bathtub Beach,27.187033,-80.160417,0.5,368411.0,Medium
2018-10-22,Stuart Causeway Boat Ramp (Indian River),27.2078,-80.18862,0.5,2000.0,Very low
2018-10-22,Turtle Beach,27.21843,-82.51711,0.5,8000.0,Very low
2018-10-22,Jensen Beach Causeway South Boat Ramp (Indian River),27.2516,-80.2231,0.5,0.0,Not present/background
2018-10-22,Jensen Beach,27.253567,-80.194917,0.5,70333.0,Low
2018-10-22,Siesta Beach,27.26518,-82.5531,0.5,29000.0,Low
2018-10-22,Waveland Beach,27.2754,-80.2051,0.5,237117.0,Medium
2018-10-22,Dollman Park Beachside,27.2976,-80.2152,0.5,443650.0,Medium
2018-10-22,South Lido Park,27.29818,-82.56739,0.5,240000.0,Medium
2018-10-22,Normandy Beach; NW of (Indian River),27.310517,-80.2229,0.5,0.0,Not present/background
2018-10-22,Lido Beach Casino,27.311,-82.57718,0.5,361000.0,Medium
2018-10-22,North Lido Beach,27.31561,-82.58171,0.5,133000.0,Medium
2018-10-22,Ringling Causeway,27.32682,-82.56244,0.5,218000.0,Medium
2018-10-22,Bay Dock (Sarasota Bay),27.3316,-82.5779,0.5,86000.0,Low
2018-10-22,New Pass Dock (Sarasota Bay),27.33375,-82.57938,0.5,864000.0,Medium
2018-10-22,Blind Creek Beach,27.3662,-80.2462,0.5,297840.0,Medium
2018-10-22,Longboat Key Beach,27.37317,-82.63202,0.5,3282000.0,High
2018-10-22,Longboat Pass Boat Ramp (Sarasota Bay),27.44602,-82.68798,0.5,585732.0,Medium
2018-10-22,Kimberly Bergalis Memorial Park,27.4541,-80.2848,0.5,47333.0,Low
2018-10-22,Cortez Beach,27.462069,-82.699158,0.5,2625633.0,High
2018-10-22,Pepper Park Riverside Boat Ramp (Wildcat Cove),27.495267,-80.303083,0.5,0.0,Not present/background
2018-10-22,Palma Sola Bay Bridge,27.4959,-82.6522,0.5,0.0,Not present/background
2018-10-22,Pepper Park Beachside; SE of,27.497717,-80.299267,0.5,1538367.0,High
2018-10-22,Village Marina (Indian River),27.50924,-80.3431,0.5,0.0,Not present/background
2018-10-22,Queens Island Park,27.5208,-80.3095,0.5,1601320.0,High
2018-10-22,Wilcox Road; N of (Indian River),27.52836,-80.34843,0.5,333.0,Not present/background
2018-10-22,Anna Maria Island Rod & Reel Pier (Lower Tampa Bay),27.5385,-82.7402,0.5,243960.0,Medium
2018-10-22,Fletcher Point (Lower Tampa Bay),27.58512,-82.61482,0.5,0.0,Not present/background
2018-10-22,Skyway Fishing Pier; South (Lower Tampa Bay),27.6055,-82.6508,0.5,0.0,Not present/background
2018-10-22,Mullet Key; Gulf Pier,27.6133,-82.7391,0.5,50333.0,Low
2018-10-22,Wabasso Causeway Park (Indian River),27.756877,-80.423251,0.5,6667.0,Very low
2018-10-22,FWRI Peninsula; SE tip of (Bayboro Harbor),27.759803,-82.631267,0.5,0.0,Not present/background
2018-10-22,FWRI Peninsula; SE tip of (Bayboro Harbor),27.759803,-82.631267,5.5,0.0,Not present/background
2018-10-22,La Contessa Pier,27.8121,-82.81915,0.5,1434405.0,High
2018-10-22,Clearwater Pass,27.96035,-82.8243,0.5,649572.0,Medium
2018-10-22,Juan Ponce de Leon Landing,28.0113,-80.5297,0.3,189333.0,Medium
2018-10-22,Coconut Point Park,28.0229,-80.5352,0.3,367200.0,Medium
2018-10-22,Spessard Holland Park,28.0475,-80.5467,0.3,391680.0,Medium
2018-10-22,Gateshead Drive; E of (Saint Joseph Sound),28.061017,-82.811583,0.5,2667.0,Very low
2018-10-22,Surf Road; E of,28.061917,-80.552717,0.5,1461530.0,High
2018-10-22,James Nance Park,28.0927,-80.5642,0.3,204344.0,Medium
2018-10-22,Three Rooker Island; S of (Saint Joseph Sound),28.103217,-82.83315,0.5,6000.0,Very low
2018-10-22,Howard Park Beach; SE of (Saint Joseph Sound),28.150027,-82.800027,0.5,0.0,Not present/background
2018-10-22,Pelican Beach Park,28.1683,-80.5871,0.3,246755.0,Medium
2018-10-22,Robert P. Murkshe Memorial Park; N of,28.2916,-80.6064,0.3,0.0,Not present/background
2018-10-22,Minutemen Causeway; E of,28.3184,-80.6069,0.3,0.0,Not present/background
2018-10-22,Diamond Bay (Banana River),28.35034,-80.61298,0.5,0.0,Not present/background
2018-10-22,Cocoa Beach Pier; S of,28.3675,-80.6015,0.3,0.0,Not present/background
2018-10-22,Charlie Down Park,28.3914,-80.5955,0.3,0.0,Not present/background
2018-10-22,Harbor Pointe Marina (Indian River),28.615731,-80.802278,0.5,0.0,Not present/background
2018-10-22,27th Avenue Park; E of,29.009341,-80.877153,1.0,0.0,Not present/background
2018-10-22,Flagler Avenue Beachfront Park; E of,29.038342,-80.89482,1.0,333.0,Not present/background
2018-10-22,Pine Log Island; 3.3 mi SW of,29.625,-83.45833,0.3,0.0,Not present/background
2018-10-22,Marineland Beach,29.66628,-81.21073,0.5,0.0,Not present/background
2018-10-22,Crescent Beach,29.7687,-81.251,0.5,0.0,Not present/background
2018-10-22,St. Augustine Beach,29.85138,-81.26473,0.5,0.0,Not present/background
2018-10-22,Alligator Harbor Boat Ramp; W of,29.9245,-84.426167,0.5,0.0,Not present/background
2018-10-22,South Ponte Vedra,30.02262,-81.32263,0.5,0.0,Not present/background
2018-10-22,Piney Island; N of (Oyster Bay),30.0615,-84.347333,0.5,0.0,Not present/background
2018-10-22,Navarre Pier,30.376,-86.8631,0.5,448667.0,Medium
2018-10-23,Eastern Dry Rocks Reef,24.45948,-81.84412,0.2,4000.0,Very low
2018-10-23,Marker 32 Reef,24.47408,-81.7426,0.2,1000.0,Not present/background
2018-10-23,Sugarloaf Key,24.62,-81.5317,3.7,0.0,Not present/background
2018-10-23,Key Colony Beach,24.7247,-81.0094,0.5,0.0,Not present/background
2018-10-23,Sawyer Key; 2 mi NW of,24.769483,-81.601017,0.2,0.0,Not present/background
2018-10-23,Sawyer Key; 3.2 mi NW of,24.78372,-81.61275,0.2,0.0,Not present/background
2018-10-23,Sawyer Key; 5.1 mi NW of,24.79875,-81.638667,0.2,0.0,Not present/background
2018-10-23,Sawyer Key; 7 mi NW of,24.811917,-81.664667,0.2,0.0,Not present/background
2018-10-23,Bill Baggs Cape Florida State Park; S of,25.663,-80.1586,0.5,0.0,Not present/background
2018-10-23,Crandon Park; E of,25.7111,-80.1436,0.5,0.0,Not present/background
2018-10-23,South Pointe Park; S of (Government Cut),25.7649,-80.1344,0.5,667.0,Not present/background
2018-10-23,Bayfront Park; E of (Biscayne Bay),25.7743,-80.1844,0.5,333.0,Not present/background
2018-10-23,Collins Park; E of,25.798,-80.122,0.5,0.0,Not present/background
2018-10-23,53rd Street Park; NE of,25.8333,-80.1174,0.5,0.0,Not present/background
2018-10-23,North Shore Open Space Park; E of,25.8687,-80.1164,0.5,0.0,Not present/background
2018-10-23,Surfside Beach; E of,25.8883,-80.1186,0.5,0.0,Not present/background
2018-10-23,Haulover Park; W of (Biscayne Bay),25.901,-80.1267,0.5,0.0,Not present/background
2018-10-23,Haulover Beach; E of,25.9145,-80.119,0.5,0.0,Not present/background
2018-10-23,Loggia Beach Park; SE of,25.9628,-80.117,0.5,0.0,Not present/background
2018-10-23,Merwin Key; W of (San Carlos Bay),26.500278,-82.0475,0.2,0.0,Not present/background
2018-10-23,Sword Point; S of (San Carlos Bay),26.522933,-82.039767,0.2,0.0,Not present/background
2018-10-23,McCardle Island; SW of (Matlacha Pass),26.5857,-82.0645,0.2,0.0,Not present/background
2018-10-23,McCardle Island; NW of (Matlacha Pass),26.59893,-82.06238,0.2,0.0,Not present/background
2018-10-23,Big Smokehouse Key; NE of (Matlacha Pass),26.689,-82.107733,0.2,0.0,Not present/background
2018-10-23,Jug Creek Point; E of (Matlacha Pass),26.7003,-82.1208,0.2,0.0,Not present/background
2018-10-23,Juno Beach Fishing Pier,26.893715,-80.0542,0.5,5000.0,Very low
2018-10-23,St. Armands Key; N of (Pansy Bayou),27.3225,-82.5803,0.5,8000.0,Very low
2018-10-23,Bay Dock (Sarasota Bay),27.3316,-82.5779,0.5,904000.0,Medium
2018-10-23,Marina Jack (Sarasota Bay),27.3324,-82.5462,0.5,0.0,Not present/background
2018-10-23,New Pass Dock (Sarasota Bay),27.33375,-82.57938,0.5,1414000.0,High
2018-10-23,Atlas Street; W of,27.4003,-82.6515,0.5,1399160.0,High
2018-10-23,Garfield Cut; W of (Indian River),27.51465,-80.33528,0.3,48667.0,Low
2018-10-23,Mead Point (Lower Tampa Bay),27.51477,-82.68395,0.2,0.0,Not present/background
2018-10-23,School Key; NE of (Lower Tampa Bay),27.529833,-82.704,0.2,1667.0,Very low
2018-10-23,Round Island; W of (Indian River),27.55483,-80.3425,0.3,667.0,Not present/background
2018-10-23,Round Island Oceanfront Park,27.5615,-80.3219,0.5,1468320.0,High
2018-10-23,South Skyway Rest Area; NW of (Lower Tampa Bay),27.587433,-82.61895,0.2,333.0,Not present/background
2018-10-23,South Skyway Causeway; NE end of (Lower Tampa Bay),27.59275,-82.629067,0.2,333.0,Not present/background
2018-10-23,Joe Island; N of (Lower Tampa Bay),27.595514,-82.5912,0.2,0.0,Not present/background
2018-10-23,Little Redfish Creek; 1.1 mi NW of (Lower Tampa Bay),27.632617,-82.5782,0.2,0.0,Not present/background
2018-10-23,Sexton Plaza Beach,27.6534,-80.3549,0.5,2667.0,Very low
2018-10-23,Wabasso Beach Park,27.7633,-80.3965,0.5,287983.0,Medium
2018-10-23,Sebastian Inlet State Park Beach,27.852,-80.4426,0.5,203923.0,Medium
2018-10-23,Long Point Park; W of (Indian River),27.871983,-80.477333,0.2,175428.0,Medium
2018-10-23,Long Point Park; W of (Indian River),27.872283,-80.477017,0.2,10891062.0,High
2018-10-23,Beach Woods Pier (Indian River),28.02968,-80.54599,0.5,0.0,Not present/background
2018-10-23,Geiger Point; Melbourne Causeway at (Indian River),28.08245,-80.59505,0.2,0.0,Not present/background
2018-10-23,Eau Gallie Pier (Indian River),28.13248,-80.62418,0.2,0.0,Not present/background
2018-10-23,Hawksbill Island Drive; canal E of (Banana River),28.198262,-80.612495,0.5,0.0,Not present/background
2018-10-23,Ramp Road Park Boat Ramp (Banana River),28.309033,-80.614283,0.2,0.0,Not present/background
2018-10-23,South Banana River Drive; canal W of,28.352626,-80.66285,0.2,0.0,Not present/background
2018-10-23,520 Slick Boat Ramp (Banana River),28.357133,-80.62844,0.2,0.0,Not present/background
2018-10-23,Kelly Park (Banana River),28.4017,-80.66245,0.2,0.0,Not present/background
2018-10-23,Port St. John Boat Ramp (Indian River),28.475083,-80.766533,0.2,0.0,Not present/background
2018-10-23,NASA Causeway; SE side of (Indian River),28.52641,-80.7391,0.2,0.0,Not present/background
2018-10-23,Pine Island; 18 mi W of,28.583333,-82.953333,0.5,333.0,Not present/background
2018-10-23,Lemon Grove Island; 6 mi W of,28.595,-82.765,0.5,0.0,Not present/background
2018-10-23,Parrish Park Boat Ramp (Indian River),28.62365,-80.795517,0.2,0.0,Not present/background
2018-10-23,Marianne Clancy Park; E of,29.033333,-80.883333,0.5,0.0,Not present/background
2018-10-23,Arlington Way; E of,29.283333,-81.033333,0.5,0.0,Not present/background
2018-10-23,Sikes Cut; N of (Apalachicola Bay),29.622,-84.963333,0.5,0.0,Not present/background
2018-10-23,Faver-Dykes (Pellicer Creek),29.66822,-81.2631,0.1,0.0,Not present/background
2018-10-23,Old St. George Island Causeway; E of (St. George Sound),29.702133,-84.880183,0.5,0.0,Not present/background
2018-10-23,Big Towhead Island; W of (Apalachicola River),29.729,-84.979167,0.5,0.0,Not present/background
2018-10-23,Fort Matanzas (Matanzas Bay),29.7427,-81.2447,0.1,0.0,Not present/background
2018-10-23,Poorhouse Creek; SE of (Apalachicola River),29.755,-85.01254,0.5,0.0,Not present/background
2018-10-23,San Sebastian (Matanzas River),29.8694,-81.3077,0.1,0.0,Not present/background
2018-10-23,Hillside Drive; E of,29.983333,-80.85,0.5,0.0,Not present/background
2018-10-23,Pine Island; S of (Tolomato River),30.0516,-81.3669,0.1,0.0,Not present/background
2018-10-23,Pensacola Beach Pier,30.3273,-87.1419,1.0,21000.0,Low
2018-10-24,Cape Romano; S of (Gullivan Bay),25.844,-81.678,0.2,0.0,Not present/background
2018-10-24,Round Key; N of (Fakahatchee Pass),25.851667,-81.524667,0.2,0.0,Not present/background
2018-10-24,Coon Key; S of (Gullivan Bay),25.8815,-81.632167,0.2,0.0,Not present/background
2018-10-24,Shell Key; S of (Gullivan Bay),25.891667,-81.608833,0.2,0.0,Not present/background
2018-10-24,North City Beach Park,25.9862,-80.1173,0.5,0.0,Not present/background
2018-10-24,Harry Berry Park; N of,26.01,-80.114,0.5,0.0,Not present/background
2018-10-24,Birch State Park; E of,26.1417,-80.1019,0.5,0.0,Not present/background
2018-10-24,Pompano Beach,26.2324,-80.0884,0.5,11333.0,Low
2018-10-24,Deerfield Beach,26.3163,-80.0747,0.5,3333.0,Very low
2018-10-24,Bonita Beach Park,26.33105,-81.84574,0.5,0.0,Not present/background
2018-10-24,South Inlet Park,26.3335,-80.0718,0.5,3333.0,Very low
2018-10-24,Boca Raton Inlet; 2.9 mi E of,26.34067,-80.02333,0.5,0.0,Not present/background
2018-10-24,South Beach Park,26.350439,-80.068962,0.5,2333.0,Very low
2018-10-24,Bonita Beach (Estero Bay),26.35497,-81.84452,0.5,4667.0,Very low
2018-10-24,Red Reef Park,26.3605,-80.06845,0.5,0.0,Not present/background
2018-10-24,Gumbo Limbo Nature Center (Lake Wyman),26.36754,-80.07116,0.5,333.0,Not present/background
2018-10-24,Spanish River Park,26.378618,-80.066555,0.5,0.0,Not present/background
2018-10-24,Long Key (Estero Bay),26.38591,-81.84631,0.5,0.0,Not present/background
2018-10-24,Lovers Key State Park,26.3901,-81.8795,0.5,667.0,Not present/background
2018-10-24,Tarpon Bay Road Beach,26.4217,-82.0801,0.5,0.0,Not present/background
2018-10-24,Estero Island (Estero Bay),26.43494,-81.91138,0.5,0.0,Not present/background
2018-10-24,Lighthouse Beach,26.45157,-82.01543,0.5,1333.0,Very low
2018-10-24,Lynn Hall Park,26.45398,-81.95776,0.5,0.0,Not present/background
2018-10-24,Delray Public Beach,26.461,-80.0571,0.5,1000.0,Not present/background
2018-10-24,Captiva Island; 31 mi W of,26.49486,-82.68271,0.5,23500.0,Low
2018-10-24,Captiva Island; 31 mi W of,26.49486,-82.68271,12.8,1500.0,Very low
2018-10-24,Captiva Island; 31 mi W of,26.49486,-82.68271,25.6,3000.0,Very low
2018-10-24,Gulfstream Park,26.5049,-80.0509,0.5,0.0,Not present/background
2018-10-24,Alison Hagerup Beach Park,26.5264,-82.1945,0.5,0.0,Not present/background
2018-10-24,Ocean Inlet Park,26.5443,-80.0429,0.5,4333.0,Very low
2018-10-24,North Captiva Island (Safety Harbor),26.600167,-82.217333,0.2,8667.0,Very low
2018-10-24,Captiva Pass; 12 mi W of,26.61448,-82.41352,0.5,404000.0,Medium
2018-10-24,Captiva Pass; 12 mi W of,26.61448,-82.41352,0.5,340000.0,Medium
2018-10-24,Captiva Pass; 12 mi W of,26.61448,-82.41352,7.3,89000.0,Low
2018-10-24,Captiva Pass; 12 mi W of,26.61448,-82.41352,14.6,30000.0,Low
2018-10-24,R. G. Kreusler Park,26.6163,-80.0362,0.5,10333.0,Low
2018-10-24,Cayo Costa; 19 mi W of,26.64225,-82.53775,0.5,2333.0,Very low
2018-10-24,Cayo Costa; 43 mi W of,26.6586,-82.93918,0.5,4000.0,Very low
2018-10-24,Cayo Costa; 43 mi W of,26.6586,-82.93918,16.6,0.0,Not present/background
2018-10-24,Cayo Costa; 43 mi W of,26.6586,-82.93918,33.1,500.0,Not present/background
2018-10-24,East Part Island; 1.3 mi NE of (Pine Island Sound),26.671667,-82.1795,0.2,2000.0,Very low
2018-10-24,Palm Beach Municipal Beach,26.6998,-80.0328,0.5,0.0,Not present/background
2018-10-24,Boca Grande Pass; 13 mi W of,26.715783,-82.462317,0.5,0.0,Not present/background
2018-10-24,Boca Grande Pass; 6.5 mi W of,26.71895,-82.363433,0.5,210667.0,Medium
2018-10-24,Phil Foster Park (Lake Worth),26.7832,-80.0416,0.5,2000.0,Very low
2018-10-24,Ocean Reef Park,26.794,-80.0313,0.5,4667.0,Very low
2018-10-24,Little Gasparilla Island; 54 mi W of,26.81581,-83.16594,0.5,0.0,Not present/background
2018-10-24,Little Gasparilla Island; 54 mi W of,26.81581,-83.16594,20.6,0.0,Not present/background
2018-10-24,Little Gasparilla Island; 54 mi W of,26.81581,-83.16594,41.2,0.0,Not present/background
2018-10-24,Don Pedro Island; W of,26.87,-82.33,0.5,231333.0,Medium
2018-10-24,Stump Pass; S of,26.89,-82.34,0.5,66333.0,Low
2018-10-24,Englewood Beach; 33 mi W of,26.93519,-82.90573,0.5,221500.0,Medium
2018-10-24,Englewood Beach; 33 mi W of,26.93519,-82.90573,14.9,8500.0,Very low
2018-10-24,Englewood Beach; 33 mi W of,26.93519,-82.90573,29.9,3000.0,Very low
2018-10-24,South Venice; 12 mi W of,27.05309,-82.63172,0.5,1542000.0,High
2018-10-24,South Venice; 12 mi W of,27.05309,-82.63172,7.7,164000.0,Medium
2018-10-24,South Venice; 12 mi W of,27.05309,-82.63172,15.5,402000.0,Medium
2018-10-24,Paw Park Beach; S of,27.0672,-82.4486,0.5,0.0,Not present/background
2018-10-24,Venice Beach,27.1005,-82.4612,0.5,0.0,Not present/background
2018-10-24,Waveland Beach,27.2754,-80.2051,0.5,564984.0,Medium
2018-10-24,Dollman Park Beachside,27.2976,-80.2152,0.5,263333.0,Medium
2018-10-24,Bay Dock (Sarasota Bay),27.3316,-82.5779,0.5,1540000.0,High
2018-10-24,New Pass Dock (Sarasota Bay),27.33375,-82.57938,0.5,152000.0,Medium
2018-10-24,Blind Creek Beach,27.3662,-80.2462,0.5,233500.0,Medium
2018-10-24,Kimberly Bergalis Memorial Park,27.4541,-80.2848,0.5,539778.0,Medium
2018-10-24,Fort Pierce Inlet State Park; E of,27.476483,-80.284933,0.5,93333.0,Low
2018-10-24,Shorewinds Drive; E of,27.484667,-80.2884,0.5,144583.0,Medium
2018-10-24,Pepper Park Beachside; E of,27.498,-80.294167,0.5,143667.0,Medium
2018-10-24,Queens Island Park,27.5208,-80.3095,0.5,2705040.0,High
2018-10-24,Avalon State Park,27.5386,-80.3153,0.5,3298211.0,High
2018-10-24,Round Island Oceanfront Park,27.5615,-80.3219,0.5,5783593.0,High
2018-10-24,Bunces Pass; 41 mi W of,27.64966,-83.410366,0.5,2.0,Not present/background
2018-10-24,Bunces Pass; 41 mi W of,27.64966,-83.410366,17.0,9.0,Not present/background
2018-10-24,Bunces Pass; 41 mi W of,27.64966,-83.410366,34.8,0.0,Not present/background
2018-10-24,Bunces Pass; 31 mi W of,27.64966,-83.2474,0.5,0.0,Not present/background
2018-10-24,Bunces Pass; 31 mi W of,27.64966,-83.2474,15.1,2.0,Not present/background
2018-10-24,Bunces Pass; 31 mi W of,27.64966,-83.2474,30.0,0.0,Not present/background
2018-10-24,Bunces Pass; 21 mi W of,27.64966,-83.084434,0.5,5.0,Not present/background
2018-10-24,Bunces Pass; 21 mi W of,27.64966,-83.084434,10.0,0.0,Not present/background
2018-10-24,Bunces Pass; 21 mi W of,27.64966,-83.084434,20.0,0.0,Not present/background
2018-10-24,Bunces Pass; 11 mi W of,27.64966,-82.921468,0.5,1236240.0,High
2018-10-24,Bunces Pass; 11 mi W of,27.64966,-82.921468,11.9,289333.0,Medium
2018-10-24,Bunces Pass; 5.8 mi W of,27.64966,-82.84019,0.5,2205240.0,High
2018-10-24,Bunces Pass; 5.8 mi W of,27.64966,-82.84019,9.0,2221560.0,High
2018-10-24,Sexton Plaza Beach,27.6534,-80.3549,0.5,3907833.0,High
2018-10-24,Maximo Beach (Sunshine Skyway Channel),27.70957,-82.68282,0.5,4564349.0,High
2018-10-24,37th Avenue; W of,27.712973,-82.740024,1.0,891100.0,Medium
2018-10-24,55th Avenue; NW of (Boca Ciega Bay),27.736603,-82.731398,0.5,20413302.0,High
2018-10-24,MarineMax Marina (Bear Creek),27.754803,-82.733471,0.5,582667.0,Medium
2018-10-24,Wabasso Beach Park,27.7633,-80.3965,0.5,3335400.0,High
2018-10-24,Pauls Island; NW of (Indian River),27.79412,-80.44777,0.3,333.0,Not present/background
2018-10-24,Roseate Island; NE of (Indian River),27.82037,-80.44951,0.3,141692.0,Medium
2018-10-24,St. Sebastian River; SE of (Indian River),27.84579,-80.4738,0.3,1641290.0,High
2018-10-24,Sebastian Inlet Boat Ramp; E of (Indian River),27.84994,-80.45318,0.3,648611.0,Medium
2018-10-24,Sebastian Inlet State Park Beach,27.852,-80.4426,0.5,188667.0,Medium
2018-10-24,Mud Hole; W of (Indian River),27.87745,-80.48863,0.3,170667.0,Medium
2018-10-24,Windward Point; N of (Old Tampa Bay),27.889156,-82.631417,0.5,0.0,Not present/background
2018-10-24,Juan Ponce de Leon Landing,28.0113,-80.5297,0.3,1646280.0,High
2018-10-24,Macfarlane Street; W of (Indian River),28.015,-80.5387,0.5,0.0,Not present/background
2018-10-24,Coconut Point Park,28.0229,-80.5352,0.3,3064320.0,High
2018-10-24,Spessard Holland Park,28.0475,-80.5467,0.3,6200460.0,High
2018-10-24,Honeymoon Island State Park; South Beach,28.0586,-82.8267,0.5,0.0,Not present/background
2018-10-24,Honeymoon Island; 19 mi W of,28.07915,-83.14365,13.7,0.0,Not present/background
2018-10-24,James Nance Park,28.0927,-80.5642,0.3,5392810.0,High
2018-10-24,Pelican Beach Park,28.1683,-80.5871,0.3,3814045.0,High
2018-10-24,Robert P. Murkshe Memorial Park; N of,28.2916,-80.6064,0.3,0.0,Not present/background
2018-10-24,Minutemen Causeway; E of,28.3184,-80.6069,0.3,0.0,Not present/background
2018-10-24,Cocoa Beach Pier; S of,28.3675,-80.6015,0.3,0.0,Not present/background
2018-10-24,Cherie Down Park,28.3914,-80.5955,0.3,0.0,Not present/background
2018-10-24,NASA Causeway; N of (Indian River),28.52811,-80.76569,0.5,0.0,Not present/background
2018-10-24,Menzo Park; 1.1 mi E of (Indian River),28.5808,-80.7806,0.5,0.0,Not present/background
2018-10-24,Space View Park; SE of (Indian River),28.60796,-80.79474,0.5,0.0,Not present/background
2018-10-24,Black Point; 1.2 mi NW of (Indian River),28.69283,-80.80489,0.5,0.0,Not present/background
2018-10-24,Neptune Street; N of (Indian Lagoon),29.683,-85.237667,0.5,0.0,Not present/background
2018-10-24,Indian Pass Boat Ramp (St. Vincent Sound),29.68305,-85.22203,0.5,0.0,Not present/background
2018-10-24,Millender Street; S of (St. George Sound),29.7301,-84.88478,0.1,0.0,Not present/background
2018-10-24,Shell Island; N of (St. Andrew Bay),30.082283,-85.648217,0.5,550620.0,Medium
2018-10-24,Tyndall Air Force Base; S of (St. Andrew Bay),30.0885,-85.64515,0.5,113333.0,Medium
2018-10-24,Pensacola Beach; 16 mi S of,30.096667,-87.15,0.5,9333.0,Very low
2018-10-24,Davis Point; S of (St. Andrew Bay),30.116817,-85.686283,0.5,1109825.0,High
2018-10-24,St. Andrews State Park; S of,30.118017,-85.734067,0.5,563920.0,Medium
2018-10-24,St. Andrews State Park; E of (St. Andrew Bay),30.126383,-85.717817,0.5,490140.0,Medium
2018-10-24,St. Andrew State Park; N of (Grand Lagoon),30.134017,-85.729433,0.5,210667.0,Medium
2018-10-24,Park West; 13 mi S of,30.138333,-87.181667,0.5,4333.0,Very low
2018-10-24,Courtney Point; SE of (St. Andrew Bay),30.138667,-85.6959,0.5,1445898.0,High
2018-10-24,Captain Andersons Marina; SE of (Grand Lagoon),30.1459,-85.742483,0.5,0.0,Not present/background
2018-10-24,Courtney Point (St. Andrew Bay),30.14775,-85.705483,0.5,491568.0,Medium
2018-10-24,Daniel Street; S of (Grand Lagoon),30.1507,-85.751517,0.5,333.0,Not present/background
2018-10-24,Navarre Pier,30.376,-86.8631,0.5,191667.0,Medium
2018-10-24,Navarre Beach,30.380488,-86.853101,0.5,194616.0,Medium
2018-10-24,Emanuel Point; W of (Pensacola Bay),30.42,-87.19,0.5,0.0,Not present/background
2018-10-25,North Key Largo; 13 mi E of,25.253306,-80.107944,5.0,2000.0,Very low
2018-10-25,North Key Largo; 13 mi E of,25.253306,-80.107944,1.0,0.0,Not present/background
2018-10-25,Darwin Beach; W of (Bear Cut),25.7313,-80.1645,1.0,1333.0,Very low
2018-10-25,Virginia Beach Drive; W of (Biscayne Bay),25.731992,-80.166597,1.0,667.0,Not present/background
2018-10-25,Virginia Key Park; S of (Biscayne Bay),25.73466,-80.1667,1.0,0.0,Not present/background
2018-10-25,Virginia Key; 4.2 mi E of,25.751472,-80.079611,1.0,333.0,Not present/background
2018-10-25,Virginia Key; 4.2 mi E of,25.751472,-80.079611,16.0,667.0,Not present/background
2018-10-25,South Marco Beach,25.91165,-81.72805,0.5,0.0,Not present/background
2018-10-25,Naples Pier,26.13163,-81.8063,0.5,0.0,Not present/background
2018-10-25,Seagate,26.2073,-81.8169,0.5,0.0,Not present/background
2018-10-25,Vanderbilt Beach,26.25375,-81.82377,0.5,0.0,Not present/background
2018-10-25,Barefoot Beach State Preserve,26.30481,-81.8362,0.5,0.0,Not present/background
2018-10-25,Boca Grande Pier (Gasparilla Sound),26.80562,-82.27415,0.5,994840.0,Medium
2018-10-25,Englewood Beach,26.92467,-82.36189,0.5,2333.0,Very low
2018-10-25,Hobe Sound Beach,27.066767,-80.114733,0.5,76333.0,Low
2018-10-25,Venice; 44 mi W of,27.08665,-83.17295,0.5,0.0,Not present/background
2018-10-25,Venice; 44 mi W of,27.08665,-83.17295,18.5,0.0,Not present/background
2018-10-25,Venice; 44 mi W of,27.08665,-83.17295,37.0,0.0,Not present/background
2018-10-25,Sandsprit Park Boat Ramp (Manatee Pocket),27.162256,-80.1939,0.5,317667.0,Medium
2018-10-25,Sailfish Point Marina (Indian River),27.18391,-80.16404,0.5,219767.0,Medium
2018-10-25,Bathtub Beach,27.187033,-80.160417,0.5,295260.0,Medium
2018-10-25,Stuart Causeway Boat Ramp (Indian River),27.2078,-80.18862,0.5,45667.0,Low
2018-10-25,Siesta Key; 22 mi W of,27.21646,-82.87366,0.5,0.0,Not present/background
2018-10-25,Siesta Key; 22 mi W of,27.21646,-82.87366,10.2,23000.0,Low
2018-10-25,Siesta Key; 22 mi W of,27.21646,-82.87366,20.3,41000.0,Low
2018-10-25,Jensen Beach Causeway North Boat Ramp (Indian River),27.2527,-80.2224,0.5,0.0,Not present/background
2018-10-25,Jensen Beach,27.253567,-80.194917,0.5,298680.0,Medium
2018-10-25,Siesta Key; 52 mi W of,27.25483,-83.41,0.5,0.0,Not present/background
2018-10-25,Siesta Key; 52 mi W of,27.25483,-83.41,20.8,0.0,Not present/background
2018-10-25,Siesta Key; 52 mi W of,27.25483,-83.41,41.6,0.0,Not present/background
2018-10-25,Longboat Key; 31 mi W of,27.37236,-83.14009,0.5,0.0,Not present/background
2018-10-25,Longboat Key; 31 mi W of,27.37236,-83.14009,14.3,0.0,Not present/background
2018-10-25,Longboat Key; 31 mi W of,27.37236,-83.14009,28.7,0.0,Not present/background
2018-10-25,Anna Maria Island; 9.1 mi W of,27.48405,-82.8574,0.5,1006000.0,High
2018-10-25,Anna Maria Island; 9.1 mi W of,27.48405,-82.8574,0.5,1110000.0,High
2018-10-25,Anna Maria Island; 9.1 mi W of,27.48405,-82.8574,6.6,1080000.0,High
2018-10-25,Anna Maria Island; 9.1 mi W of,27.48405,-82.8574,13.1,624000.0,Medium
2018-10-25,Anna Maria Island; 61 mi W of,27.505,-83.741,47.0,0.0,Not present/background
2018-10-25,Anna Maria Island; 61 mi W of,27.505,-83.741,38.0,2000.0,Very low
2018-10-25,Anna Maria Island; 61 mi W of,27.505,-83.741,30.0,333.0,Not present/background
2018-10-25,Anna Maria Island; 61 mi W of,27.505,-83.741,20.0,0.0,Not present/background
2018-10-25,Anna Maria Island; 61 mi W of,27.505,-83.741,11.0,0.0,Not present/background
2018-10-25,Anna Maria Island; 61 mi W of,27.505,-83.741,1.0,0.0,Not present/background
2018-10-25,Anna Maria Island; 49 mi W of,27.510167,-83.522583,40.0,0.0,Not present/background
2018-10-25,Anna Maria Island; 49 mi W of,27.510167,-83.522583,1.0,0.0,Not present/background
2018-10-25,Anna Maria Island; 35 mi W of,27.514,-83.297833,35.0,0.0,Not present/background
2018-10-25,Anna Maria Island; 35 mi W of,27.514,-83.297833,1.0,667.0,Not present/background
2018-10-25,Anna Maria Island; 40 mi W of,27.51662,-83.39452,0.5,0.0,Not present/background
2018-10-25,Anna Maria Island; 40 mi W of,27.51662,-83.39452,18.0,0.0,Not present/background
2018-10-25,Anna Maria Island; 40 mi W of,27.51662,-83.39452,36.1,0.0,Not present/background
2018-10-25,Anna Maria Island; 25 mi W of,27.5169,-83.139033,30.0,0.0,Not present/background
2018-10-25,Anna Maria Island; 25 mi W of,27.5169,-83.139033,1.0,0.0,Not present/background
2018-10-25,Mullet Key; 23 mi W of,27.63045,-83.11113,0.5,0.0,Not present/background
2018-10-25,Mullet Key; 23 mi W of,27.63045,-83.11113,10.5,1000.0,Not present/background
2018-10-25,Mullet Key; 23 mi W of,27.63045,-83.11113,21.0,0.0,Not present/background
2018-10-25,Snell Isle; 2.3 mi SE of (Middle Tampa Bay),27.7723,-82.5789,0.5,0.0,Not present/background
2018-10-25,Weedon Island; E of (Old Tampa Bay),27.86111,-82.58911,0.5,0.0,Not present/background
2018-10-25,Big Island; 2.2 mi E of (Old Tampa Bay),27.9055,-82.6046,0.5,0.0,Not present/background
2018-10-25,Big Island; 2.2 mi E of (Old Tampa Bay),27.9055,-82.6046,2.4,0.0,Not present/background
2018-10-25,San Jose St; W of (Old Tampa Bay),27.9244,-82.5496,0.5,0.0,Not present/background
2018-10-25,High Point; 2 mi NE of (Old Tampa Bay),27.942,-82.675,0.5,0.0,Not present/background
2018-10-25,High Point; 2 mi NE of (Old Tampa Bay),27.942,-82.675,3.5,0.0,Not present/background
2018-10-25,Howard Frankland Bridge; N of (Old Tampa Bay),27.949,-82.561,0.5,0.0,Not present/background
2018-10-25,C. Campbell Causeway; S of (Old Tampa Bay),27.957,-82.622,0.5,0.0,Not present/background
2018-10-25,C. Campbell Causeway; S of (Old Tampa Bay),27.957,-82.622,4.4,0.0,Not present/background
2018-10-25,Cooper Point; E of (Old Tampa Bay),27.972,-82.673,0.5,0.0,Not present/background
2018-10-25,Clearwater Beach Pier 60,27.9777,-82.8323,0.5,3333.0,Very low
2018-10-25,Old Tampa Bay Park; 1.7 mi S of (Old Tampa Bay),27.98,-82.62,0.5,0.0,Not present/background
2018-10-25,Philippe Park; NE of (Safety Harbor),28.02,-82.675,0.5,0.0,Not present/background
2018-10-25,Philippe Park; NE of (Safety Harbor),28.02,-82.675,2.3,0.0,Not present/background
2018-10-25,South Ponte Vedra Beach,30.022194,-81.322333,0.5,0.0,Not present/background
2018-10-25,Piney Island; W of (Apalachee Bay),30.0345,-84.354833,0.5,0.0,Not present/background
2018-10-25,Palmetto Island; W of (Oyster Bay),30.053,-84.334667,0.5,0.0,Not present/background
2018-10-25,Piney Island; N of (Oyster Bay),30.0615,-84.347333,0.5,0.0,Not present/background
2018-10-26,Keewaydin Island,25.990678,-81.748601,0.5,10333.0,Low
2018-10-26,Gordon Pass,26.092677,-81.798781,0.5,0.0,Not present/background
2018-10-26,Bill Coy Preserve Kayak Launch (Buck Creek),26.8908,-82.3106,0.1,8667.0,Very low
2018-10-26,Venice Pier,27.0725,-82.4528,0.3,5333.0,Very low
2018-10-26,Venice Beach,27.0998,-82.4609,0.3,19000.0,Low
2018-10-26,North Lido Beach,27.3146,-82.5817,0.5,1420440.0,High
2018-10-26,Bird Key Point (Sarasota Bay),27.3276,-82.5611,0.5,443688.0,Medium
2018-10-26,Bay Dock (Sarasota Bay),27.3316,-82.5779,0.5,1386000.0,High
2018-10-26,New Pass Dock (Sarasota Bay),27.33375,-82.57938,0.5,1660000.0,High
2018-10-26,Riverview Park Pier (Indian River),27.808938,-80.461754,0.5,1667.0,Very low
2018-10-26,Fisherman's Landing Park Pier (Indian River),27.921762,-80.518747,0.5,2333.0,Very low
2018-10-27,Marathon City Marina (Boot Key Harbor),24.710186,-81.09149,0.6,0.0,Not present/background
2018-10-27,Oceanfront Park,24.724132,-81.044391,0.6,0.0,Not present/background
2018-10-27,Pensacola Beach; 16 mi S of,30.096667,-87.15,0.5,2000.0,Very low
2018-10-27,Park West; 13 mi S of,30.138333,-87.181667,0.5,319333.0,Medium
2018-10-28,Little Money Key; SE of,24.682194,-81.222806,0.5,0.0,Not present/background
2018-10-28,Sawyer Key; 7.8 mi N of,24.863333,-81.612222,0.5,0.0,Not present/background
2018-10-28,Big Carlos Pass; 5.1 mi E of,26.397867,-81.967933,0.3,0.0,Not present/background
2018-10-28,Boynton Public Beach; NE of,26.560556,-80.0325,0.5,333.0,Not present/background
2018-10-28,Boynton Public Beach; 2.6 mi NE of,26.57,-80.005556,0.5,0.0,Not present/background
2018-10-28,Gasparilla Marina; S of (Coral Creek),26.8325,-82.261111,0.5,3667.0,Very low
2018-10-28,Rambler Hole,26.846944,-82.301111,0.5,1050750.0,High
2018-10-28,Wabasso Causeway Park; W of (Indian River),27.756877,-80.423251,0.5,0.0,Not present/background
2018-10-28,Tropic; SW of (Indian River),28.1505,-80.635,0.5,0.0,Not present/background
2018-10-29,Darwin Beach; W of (Bear Cut),25.7313,-80.1645,0.5,0.0,Not present/background
2018-10-29,Virginia Beach Drive; SW of (Biscayne Bay),25.7315,-80.1659,0.5,0.0,Not present/background
2018-10-29,Virginia Key Park; S of (Biscayne Bay),25.73466,-80.1667,0.5,0.0,Not present/background
2018-10-29,South Marco Beach,25.91165,-81.72805,0.5,333.0,Not present/background
2018-10-29,Naples Pier,26.13163,-81.8063,0.5,1333.0,Very low
2018-10-29,Seagate,26.2073,-81.8169,0.5,11667.0,Low
2018-10-29,Vanderbilt Beach,26.25375,-81.82377,0.5,0.0,Not present/background
2018-10-29,Barefoot Beach State Preserve,26.30481,-81.8362,0.5,0.0,Not present/background
2018-10-29,Buck Key; 1.9 mi NE of (Pine Island Sound),26.532117,-82.15667,0.2,0.0,Not present/background
2018-10-29,Regla Island; W of (Pine Island Sound),26.538,-82.1257,0.2,0.0,Not present/background
2018-10-29,Redfish Pass; 1.8 mi E of (Pine Island Sound),26.560417,-82.170817,0.2,454860.0,Medium
2018-10-29,Cork Island; W of (Pine Island Sound),26.5767,-82.1347,0.2,0.0,Not present/background
2018-10-29,Hemp Key; S of (Pine Island Sound),26.5902,-82.1561,0.2,0.0,Not present/background
2018-10-29,Captiva Rocks; SW of (Pine Island Sound),26.59925,-82.18463,0.2,2333.0,Very low
2018-10-29,Blind Pass Beach,26.96324,-82.38565,0.5,1984000.0,High
2018-10-29,Manasota Beach,27.01031,-82.41312,0.5,3062000.0,High
2018-10-29,Caspersen Beach,27.05703,-82.4436,0.5,1430000.0,High
2018-10-29,Brohard Beach,27.06631,-82.448,0.5,802000.0,Medium
2018-10-29,Hobe Sound Beach,27.066767,-80.114733,0.5,167667.0,Medium
2018-10-29,Venice Fishing Pier; N of,27.0735,-82.4515,0.5,1794000.0,High
2018-10-29,Service Club Park,27.07827,-82.45286,0.5,2474000.0,High
2018-10-29,Venice Beach,27.100203,-82.461075,0.5,1293147.0,High
2018-10-29,Venice Beach,27.10034,-82.46089,0.5,2156000.0,High
2018-10-29,North Jetty,27.11382,-82.46883,0.5,2776000.0,High
2018-10-29,Nokomis Beach,27.12332,-82.47122,0.5,2020000.0,High
2018-10-29,Nokomis Beach,27.123683,-82.47155,0.5,2847976.0,High
2018-10-29,Sandsprit Park Boat Ramp (Manatee Pocket),27.162256,-80.1939,0.5,34667.0,Low
2018-10-29,Sailfish Point Marina (Indian River),27.18391,-80.16404,0.5,409667.0,Medium
2018-10-29,Bathtub Beach,27.187033,-80.160417,0.5,32000.0,Low
2018-10-29,Stuart Causeway Boat Ramp (Indian River),27.2078,-80.18862,0.5,8667.0,Very low
2018-10-29,Turtle Beach,27.21843,-82.51711,0.5,1516000.0,High
2018-10-29,Jensen Beach Causeway North Boat Ramp (Indian River),27.2527,-80.2224,0.5,0.0,Not present/background
2018-10-29,Jensen Beach,27.253567,-80.194917,0.5,37000.0,Low
2018-10-29,Siesta Beach,27.26518,-82.5531,0.5,1148000.0,High
2018-10-29,Waveland Beach,27.2754,-80.2051,0.5,7333.0,Very low
2018-10-29,Dollman Park Beachside,27.2976,-80.2152,0.5,6333.0,Very low
2018-10-29,South Lido Park,27.29818,-82.56739,0.5,314000.0,Medium
2018-10-29,Lido Beach Casino,27.311,-82.57718,0.5,1470000.0,High
2018-10-29,North Lido Beach,27.31561,-82.58171,0.5,386000.0,Medium
2018-10-29,Ringling Causeway,27.32682,-82.56244,0.5,344000.0,Medium
2018-10-29,Bay Dock (Sarasota Bay),27.3316,-82.5779,0.5,2250000.0,High
2018-10-29,New Pass Dock (Sarasota Bay),27.33375,-82.57938,0.5,1564000.0,High
2018-10-29,Blind Creek Beach,27.3662,-80.2462,0.5,4000.0,Very low
2018-10-29,Longboat Key Beach,27.37317,-82.63202,0.5,1254000.0,High
2018-10-29,Longboat Pass Boat Ramp (Sarasota Bay),27.44602,-82.68798,0.5,1750320.0,High
2018-10-29,Kimberly Bergalis Memorial Park,27.4541,-80.2848,0.5,0.0,Not present/background
2018-10-29,Cortez Beach,27.462069,-82.699158,0.5,2813640.0,High
2018-10-29,Palma Sola Bay Bridge,27.4959,-82.6522,0.5,0.0,Not present/background
2018-10-29,Pepper Park Beachside; SE of,27.496817,-80.2988,0.5,333.0,Not present/background
2018-10-29,Village Marina (Indian River),27.50924,-80.3431,0.5,0.0,Not present/background
2018-10-29,Mead Point (Lower Tampa Bay),27.51477,-82.68395,0.2,213180.0,Medium
2018-10-29,Queens Island Park,27.5208,-80.3095,0.5,667.0,Not present/background
2018-10-29,Wilcox Road; N of (Indian River),27.52836,-80.34843,0.5,0.0,Not present/background
2018-10-29,School Key; NE of (Lower Tampa Bay),27.529833,-82.704,0.2,312816.0,Medium
2018-10-29,Anna Maria Island Rod & Reel Pier (Lower Tampa Bay),27.5385,-82.7402,0.5,403920.0,Medium
2018-10-29,Avalon State Park,27.5386,-80.3153,0.5,667.0,Not present/background
2018-10-29,Round Island Oceanfront Park,27.5615,-80.3219,0.5,0.0,Not present/background
2018-10-29,Fletcher Point (Lower Tampa Bay),27.58512,-82.61482,0.5,667.0,Not present/background
2018-10-29,South Skyway Rest Area; NW of (Lower Tampa Bay),27.587433,-82.61895,0.2,333.0,Not present/background
2018-10-29,South Skyway Causeway; NE end of (Lower Tampa Bay),27.59275,-82.629067,0.2,0.0,Not present/background
2018-10-29,Joe Island; N of (Lower Tampa Bay),27.595514,-82.5912,0.2,3333.0,Very low
2018-10-29,Skyway Fishing Pier; South (Lower Tampa Bay),27.6055,-82.6508,0.5,7333.0,Very low
2018-10-29,Mullet Key; Gulf Pier,27.6133,-82.7391,0.5,2674440.0,High
2018-10-29,Little Redfish Creek; 1.1 mi NW of (Lower Tampa Bay),27.632617,-82.5782,0.2,0.0,Not present/background
2018-10-29,North Skyway Park; W of (Lower Tampa Bay),27.6524,-82.677517,0.5,4814451.0,High
2018-10-29,North Skyway Park (Lower Tampa Bay),27.653233,-82.6757,0.5,26135589.0,High
2018-10-29,Sexton Plaza Beach,27.6534,-80.3549,0.5,0.0,Not present/background
2018-10-29,50th Avenue East; N of (Boca Ciega Bay),27.7255,-82.7399,0.5,2266543.0,High
2018-10-29,Marine Max Marina; S of (Bear Creek),27.754803,-82.733471,0.5,1532160.0,High
2018-10-29,FWRI Peninsula; SE tip of (Bayboro Harbor),27.759803,-82.631267,0.5,0.0,Not present/background
2018-10-29,FWRI Peninsula; SE tip of (Bayboro Harbor),27.759803,-82.631267,4.5,0.0,Not present/background
2018-10-29,Wabasso Beach Park,27.7633,-80.3965,0.5,0.0,Not present/background
2018-10-29,123rd Avenue; E of (Boca Ciega Bay),27.778887,-82.77848,0.5,3168060.0,High
2018-10-29,La Contessa Pier,27.8121,-82.81915,0.5,8000.0,Very low
2018-10-29,MacDill Air Force Base (Tampa Bay),27.839692,-82.537528,0.5,0.0,Not present/background
2018-10-29,Sebastian Inlet State Park Beach,27.852,-80.4426,0.5,667.0,Not present/background
2018-10-29,Belleair Bluffs Boat Ramp (Clearwater Harbor),27.917633,-82.82655,0.5,2176461.0,High
2018-10-29,Clearwater Pass,27.96035,-82.8243,0.5,667.0,Not present/background
2018-10-29,Juan Ponce de Leon Landing,28.0113,-80.5297,1.0,0.0,Not present/background
2018-10-29,Coconut Point Park,28.0229,-80.5352,0.6,0.0,Not present/background
2018-10-29,Spessard Holland Park,28.0475,-80.5467,0.6,0.0,Not present/background
2018-10-29,James Nance Park,28.0927,-80.5642,0.6,333.0,Not present/background
2018-10-29,Pelican Beach Park,28.1683,-80.5871,0.6,25333.0,Low
2018-10-29,Robert P. Murkshe Memorial Park; N of,28.2916,-80.6064,0.6,1300740.0,High
2018-10-29,Minutemen Causeway; E of,28.3184,-80.6069,0.5,343140.0,Medium
2018-10-29,Diamond Bay (Banana River),28.35034,-80.61298,0.5,0.0,Not present/background
2018-10-29,Cocoa Beach Pier; S of,28.3675,-80.6015,0.6,269000.0,Medium
2018-10-29,Cherie Down Park,28.3914,-80.5955,0.6,667.0,Not present/background
2018-10-29,Hillside Drive; E of,28.983333,-80.85,0.5,0.0,Not present/background
2018-10-29,Marianne Clancy Park; E of,29.033333,-80.883333,0.5,0.0,Not present/background
2018-10-29,Arlington Way; E of,29.283333,-81.033333,0.5,0.0,Not present/background
2018-10-29,Neptune Street; N of (Indian Lagoon),29.683,-85.237667,0.5,0.0,Not present/background
2018-10-29,Indian Pass Boat Ramp (St. Vincent Sound),29.68305,-85.22203,0.5,0.0,Not present/background
2018-10-29,Pig Island; 0.7 mi E of (St. Joseph Bay),29.70403,-85.35882,0.5,114000.0,Medium
2018-10-29,Blacks Island; SE of (St. Joseph Bay),29.71837,-85.32308,0.5,36333.0,Low
2018-10-29,Eagle Harbor; SE of (St. Joseph Bay),29.7588,-85.3847,0.5,534660.0,Medium
2018-10-29,Mid-St. Joseph Bay,29.7848,-85.347,0.5,470820.0,Medium
2018-10-29,Patton Bayou; W of (St. Joseph Bay),29.7987,-85.3045,0.5,515700.0,Medium
2018-10-29,St. Joseph Point; 2.1 mi S of (St. Joseph Bay),29.84867,-85.398,0.5,362292.0,Medium
2018-10-29,Bald Point; 1.2 mi NE of,29.958167,-84.323667,0.5,0.0,Not present/background
2018-10-29,Earl Gilbert Park Boat Ramp (East Bay),30.10516,-85.60401,0.5,109940.0,Medium
2018-10-29,Hathaway Bridge; SE side of (St. Andrew Bay),30.1866,-85.7367,0.5,16333.0,Low
2018-10-29,Henderson Beach State Park; 5 mi S of,30.30945,-86.4338,0.1,247380.0,Medium
2018-10-29,Navarre Pier,30.376,-86.8631,0.5,93667.0,Low
2018-10-29,Eglin Beach Park; N of (East Pass),30.392733,-86.518133,0.1,210150.0,Medium
2018-10-29,Brooks Bridge; SW of,30.400667,-86.60105,0.1,64861.0,Low
2018-10-30,Big Munson Island; 6.4 mi SW of,24.5477,-81.45696,0.2,1000.0,Not present/background
2018-10-30,Crandon Park; E of,25.7111,-80.1436,0.5,0.0,Not present/background
2018-10-30,South Pointe Park; S of (Government Cut),25.765283,-80.1344,0.5,0.0,Not present/background
2018-10-30,Bayfront Park; E of (Biscayne Bay),25.7743,-80.1844,0.5,0.0,Not present/background
2018-10-30,53rd Street Park; NE of,25.8333,-80.1174,0.5,0.0,Not present/background
2018-10-30,Haulover Park; W of (Biscayne Bay),25.901417,-80.126667,0.5,0.0,Not present/background
2018-10-30,Loggia Beach Park; SE of,25.9628,-80.117,0.5,0.0,Not present/background
2018-10-30,1st Street; canal N of,26.3299,-81.8282,0.5,0.0,Not present/background
2018-10-30,Merwin Key; W of (San Carlos Bay),26.500278,-82.0475,0.2,0.0,Not present/background
2018-10-30,McCardle Island; SW of (Matlacha Pass),26.5857,-82.0645,0.2,0.0,Not present/background
2018-10-30,Jug Creek Point; E of (Matlacha Pass),26.7003,-82.1208,0.2,0.0,Not present/background
2018-10-30,Cayo Pelau; 2 mi S of (Charlotte Harbor),26.74065,-82.2145,0.2,1333.0,Very low
2018-10-30,Bull Key; NW of (Bull Bay),26.782417,-82.209383,0.2,252168.0,Medium
2018-10-30,Cayo Pelau; N of (Gasparilla Sound),26.786021,-82.223062,0.2,0.0,Not present/background
2018-10-30,Sandfly Key; NE of (Gasparilla Sound),26.798,-82.231,0.2,2735483.0,High
2018-10-30,Gasparilla Pass,26.816167,-82.2805,0.2,531861.0,Medium
2018-10-30,Catfish Creek; mouth of (Gasparilla Sound),26.8164,-82.2526,0.2,72000.0,Low
2018-10-30,St. Armands Key; N of (Pansy Bayou),27.3225,-82.5803,0.5,4171867.0,High
2018-10-30,Bay Dock (Sarasota Bay),27.3316,-82.5779,0.5,1130000.0,High
2018-10-30,Marina Jack (Sarasota Bay),27.3324,-82.5462,0.5,9000.0,Very low
2018-10-30,New Pass Dock (Sarasota Bay),27.33375,-82.57938,0.5,674000.0,Medium
2018-10-30,Atlas Street; W of,27.4003,-82.6515,0.5,1416567.0,High
2018-10-30,Caladesi Island; 11 mi W of,28.02857,-83.00712,0.3,0.0,Not present/background
2018-10-30,Caladesi Island; 11 mi W of,28.02857,-83.00712,12.8,0.0,Not present/background
2018-10-30,Beach Woods Pier (Indian River),28.02968,-80.54599,0.5,0.0,Not present/background
2018-10-30,Black Point; 1.2 mi NW of (Indian River),28.69283,-80.80489,0.3,0.0,Not present/background
2018-10-30,Haulover Canal; 1 mi SE of (Mosquito Lagoon),28.73223,-80.7357,0.3,0.0,Not present/background
2018-10-30,Bird Island; 7.4 mi W of,29.583333,-83.531667,0.5,0.0,Not present/background
2018-10-30,Bird Island; 2.5 mi SW of,29.5928,-83.4471,0.5,0.0,Not present/background
2018-10-30,Dog Island; S of,29.76959,-84.665919,1.0,0.0,Not present/background
2018-10-30,Dog Island,29.778214,-84.652516,1.0,0.0,Not present/background
2018-10-30,Dupont Drive; NW of (St. Joseph Bay),29.798433,-85.304683,0.1,64000.0,Low
2018-10-30,Crooked River Road; S of (St. George Sound),29.8825,-84.56283,0.5,0.0,Not present/background
2018-10-30,Royal Tern Way; S of (St. George Sound),29.89533,-84.55533,0.5,0.0,Not present/background
2018-10-30,Turkey Point; SE of (St. George Sound),29.90333,-84.48667,0.5,0.0,Not present/background
2018-10-30,Firefly Circle; SW of (St. George Sound),29.90917,-84.52617,0.5,0.0,Not present/background
2018-10-30,Pensacola Beach Pier,30.3273,-87.1419,1.0,2667.0,Very low
2018-10-30,East Pass; 1.8 mi S of,30.356,-86.508167,0.5,328776.0,Medium
2018-10-30,Eglin Beach Park; 1.5 mi S of,30.363833,-86.514833,0.5,670320.0,Medium
2018-10-30,East Pass,30.384667,-86.508667,0.5,282720.0,Medium
2018-10-30,Clement Taylor Park; N of (Choctawatchee Bay),30.40132,-86.5119,0.5,69333.0,Low
2018-10-30,Bay Flats Recreation Area (Choctawatchee Bay),30.48341,-86.26636,0.5,0.0,Not present/background
2018-10-31,Upper Sugarloaf Key (Bow Channel),24.672778,-81.532778,0.5,0.0,Not present/background
2018-10-31,Harbor Key; 4.2 mi NW of,24.8887,-81.4529,0.2,0.0,Not present/background
2018-10-31,Harbor Key; 5.8 mi N of,24.9128,-81.4392,0.2,0.0,Not present/background
2018-10-31,Big Spanish Key; 8 mi N of,24.9317,-81.4076,0.2,0.0,Not present/background
2018-10-31,Big Spanish Key; 9 mi N of,24.9436,-81.3729,0.2,0.0,Not present/background
2018-10-31,North City Beach Park,25.9862,-80.1173,0.5,0.0,Not present/background
2018-10-31,Harry Berry Park; N of,26.0076,-80.1143,0.5,0.0,Not present/background
2018-10-31,Dania Beach Fishing Pier,26.058006,-80.10887,0.5,0.0,Not present/background
2018-10-31,Birch State Park; E of,26.1417,-80.1019,0.5,333.0,Not present/background
2018-10-31,Anglin's Fishing Pier; N of,26.1897,-80.0944,0.5,0.0,Not present/background
2018-10-31,Pompano Beach,26.2324,-80.0884,0.5,0.0,Not present/background
2018-10-31,Delnor-Wiggins Pass State Park; 1.1 mi W of,26.279057,-81.847125,0.5,3667.0,Very low
2018-10-31,Deerfield Beach,26.3163,-80.0747,0.5,667.0,Not present/background
2018-10-31,Bonita Beach Park,26.33105,-81.84574,0.5,0.0,Not present/background
2018-10-31,South Inlet Park,26.3335,-80.0718,0.3,0.0,Not present/background
2018-10-31,South Beach Park,26.350439,-80.068962,0.3,0.0,Not present/background
2018-10-31,Red Reef Park,26.3605,-80.06845,0.3,0.0,Not present/background
2018-10-31,Gumbo Limbo Nature Center (Lake Wyman),26.36754,-80.07116,0.3,0.0,Not present/background
2018-10-31,Spanish River Park,26.378618,-80.066555,0.3,0.0,Not present/background
2018-10-31,Lovers Key State Park,26.3901,-81.8795,0.5,333.0,Not present/background
2018-10-31,Tarpon Bay Road Beach,26.4217,-82.0801,0.5,0.0,Not present/background
2018-10-31,Lighthouse Beach,26.45157,-82.01543,0.5,0.0,Not present/background
2018-10-31,Lynn Hall Park,26.45398,-81.95776,0.5,0.0,Not present/background
2018-10-31,Delray Public Beach,26.461,-80.0571,0.5,333.0,Not present/background
2018-10-31,Gulfstream Park,26.5049,-80.0509,0.5,1000.0,Not present/background
2018-10-31,Alison Hagerup Beach Park,26.5264,-82.1945,0.5,0.0,Not present/background
2018-10-31,Ocean Inlet Park,26.5443,-80.0429,0.5,0.0,Not present/background
2018-10-31,R. G. Kreusler Park,26.6163,-80.0362,0.5,0.0,Not present/background
2018-10-31,Cayo Costa; 17 mi W of,26.64875,-82.519067,0.5,99669.0,Low
2018-10-31,Cayo Costa; 8.7 mi W of,26.683833,-82.403267,0.5,159333.0,Medium
2018-10-31,Palm Beach Municipal Beach,26.6998,-80.0328,,667.0,Not present/background
2018-10-31,Cayo Costa; 5.5 mi W of,26.702033,-82.3452,0.5,179333.0,Medium
2018-10-31,Phil Foster Park (Lake Worth),26.7832,-80.0416,0.5,333.0,Not present/background
2018-10-31,Ocean Reef Park,26.794,-80.0313,0.5,0.0,Not present/background
2018-10-31,Juno Beach Fishing Pier,26.893715,-80.0542,0.5,0.0,Not present/background
2018-10-31,Carlin Park Beach,26.930104,-80.068107,0.5,1000.0,Not present/background
2018-10-31,Indiantown Road Bridge; N of (Lake Worth Creek),26.934296,-80.084066,0.5,10000.0,Very low
2018-10-31,Dubois Park Lagoon (Loxahatchee River),26.943203,-80.074508,0.5,2000.0,Very low
2018-10-31,Jupiter Inlet (Loxahatchee River),26.944952,-80.074171,0.5,3000.0,Very low
2018-10-31,A1A Bridge; W of (Loxahatchee River),26.947392,-80.092817,0.5,0.0,Not present/background
2018-10-31,Pennock Point; E of (Loxahatchee River),26.950247,-80.108792,0.5,3000.0,Very low
2018-10-31,South Beach Road Bridge; S of (Indian River),26.952424,-80.07908,0.5,3000.0,Very low
2018-10-31,River Isle Road; E of  (Loxahatchee River),26.958052,-80.120267,0.5,2000.0,Very low
2018-10-31,Coral Cove Park Beach,26.96368,-80.078118,0.5,21000.0,Low
2018-10-31,Jupiter Point Marina; E of (Indian River),26.976028,-80.086284,0.5,3000.0,Very low
2018-10-31,Blowing Rocks Beach,26.978874,-80.082551,0.5,232000.0,Medium
2018-10-31,Waveland Beach,27.2754,-80.2051,0.5,333.0,Not present/background
2018-10-31,Dollman Park Beachside; E of,27.297583,-80.207667,0.5,0.0,Not present/background
2018-10-31,Bay Dock (Sarasota Bay),27.3316,-82.5779,0.5,1796000.0,High
2018-10-31,New Pass Dock (Sarasota Bay),27.33375,-82.57938,0.5,2404000.0,High
2018-10-31,Blind Creek Beach,27.3662,-80.2462,0.5,0.0,Not present/background
2018-10-31,Kimberly Bergalis Memorial Park,27.4541,-80.2848,0.5,0.0,Not present/background
2018-10-31,Pepper Park Beachside; SE of,27.495717,-80.2986,0.5,0.0,Not present/background
2018-10-31,Village Marina (Indian River),27.50924,-80.3431,0.5,0.0,Not present/background
2018-10-31,Queens Island Park,27.5208,-80.3095,0.5,0.0,Not present/background
2018-10-31,Wilcox Road; N of (Indian River),27.52836,-80.34843,0.5,0.0,Not present/background
2018-10-31,Avalon State Park,27.5386,-80.3153,0.5,0.0,Not present/background
2018-10-31,Round Island Oceanfront Park,27.5615,-80.3219,0.5,0.0,Not present/background
2018-10-31,Sexton Plaza Beach,27.6534,-80.3549,0.5,0.0,Not present/background
2018-10-31,North Skyway Park; E of (Lower Tampa Bay),27.654297,-82.671951,0.5,1274261.0,High
2018-10-31,Maximo Beach (Sunshine Skyway Channel),27.70957,-82.68282,0.5,7440515.0,High
2018-10-31,St. Petersburg Beach,27.7131,-82.7398,0.5,582540.0,Medium
2018-10-31,Wabasso Beach Park,27.7633,-80.3965,0.5,0.0,Not present/background
2018-10-31,War Veterans Memorial Park (Boca Ciega Bay),27.800407,-82.77018,0.5,275011.0,Medium
2018-10-31,Sebastian Inlet State Park Beach,27.852,-80.4426,0.5,0.0,Not present/background
2018-10-31,Bay Esplanade; E of (Mandalay Channel),27.9847,-82.8227,0.2,333.0,Not present/background
2018-10-31,Sunset Road; S of (Stevenson Creek),27.990091,-82.793962,0.5,0.0,Not present/background
2018-10-31,Laurel Street; NE of (Mandalay Channel),27.9998,-82.8213,0.2,8333.0,Very low
2018-10-31,Juan Ponce de Leon Landing,28.0113,-80.5297,0.6,0.0,Not present/background
2018-10-31,Ballyshannon Street; E of,28.0164,-80.532,0.5,0.0,Not present/background
2018-10-31,Coconut Point Park,28.0229,-80.5352,0.6,0.0,Not present/background
2018-10-31,Spessard Holland Park,28.0475,-80.5467,0.6,0.0,Not present/background
2018-10-31,Honeymoon Island State Park; South Beach,28.0586,-82.8267,0.5,0.0,Not present/background
2018-10-31,Gateshead Drive; E of (St. Joseph Sound),28.0607,-82.811333,0.3,0.0,Not present/background
2018-10-31,James Nance Park,28.0927,-80.5642,0.6,0.0,Not present/background
2018-10-31,Three Rooker Island; S of,28.103467,-82.834733,0.3,0.0,Not present/background
2018-10-31,Howard Park Causeway; S of (St. Joseph Sound),28.150017,-82.803667,0.3,0.0,Not present/background
2018-10-31,Pelican Beach Park,28.1683,-80.5871,0.6,333.0,Not present/background
2018-10-31,Hawksbill Island Drive; canal E of (Banana River),28.198262,-80.612495,0.5,0.0,Not present/background
2018-10-31,Robert P. Murkshe Memorial Park; N of,28.2916,-80.6064,0.6,236667.0,Medium
2018-10-31,Minutemen Causeway; E of,28.3184,-80.6069,0.6,199667.0,Medium
2018-10-31,Cocoa Beach Pier; S of,28.3675,-80.6015,0.5,77333.0,Low
2018-10-31,Cherie Down Park,28.3914,-80.5955,0.6,49667.0,Low
2018-10-31,Bird Island; 1.5 mi NW of (Mosquito Lagoon),28.81952,-80.79941,0.3,0.0,Not present/background
2018-10-31,Pensacola Beach Pier,30.330556,-87.143056,0.5,12667.0,Low
2018-10-31,Fort Pickens Pier,30.331111,-87.293056,0.5,0.0,Not present/background
2018-10-31,Bob Sikes Fishing Pier North (English Navy Cove),30.351841,-87.156873,0.5,7333.0,Very low
2018-10-31,Navarre Pier,30.376667,-86.863333,0.5,858761.0,Medium
2018-11-01,West Bahia Honda Key; 8.3 mi N of,24.899167,-81.238611,0.5,0.0,Not present/background
2018-11-01,Darwin Beach; W of (Bear Cut),25.7313,-80.1645,0.5,0.0,Not present/background
2018-11-01,Virginia Beach Drive; SW of (Biscayne Bay),25.731687,-80.165878,0.5,0.0,Not present/background
2018-11-01,Virginia Key Park; S of (Biscayne Bay),25.73466,-80.1667,0.5,0.0,Not present/background
2018-11-01,South Marco Beach,25.91165,-81.72805,0.5,0.0,Not present/background
2018-11-01,Naples Pier,26.13163,-81.8063,0.5,0.0,Not present/background
2018-11-01,Seagate,26.2073,-81.8169,0.5,0.0,Not present/background
2018-11-01,Vanderbilt Beach,26.25375,-81.82377,0.5,0.0,Not present/background
2018-11-01,Barefoot Beach State Preserve,26.30481,-81.8362,0.5,0.0,Not present/background
2018-11-01,Boca Grande Pier (Gasparilla Sound),26.80562,-82.27415,0.5,11803609.0,High
2018-11-01,Englewood Beach,26.92467,-82.36189,0.5,728840.0,Medium
2018-11-01,Hobe Sound Beach,27.066767,-80.114733,0.5,1667.0,Very low
2018-11-01,Sandsprit Park Boat Ramp (Manatee Pocket),27.162256,-80.1939,0.5,5667.0,Very low
2018-11-01,Sailfish Point Marina (Indian River),27.18391,-80.16404,0.5,0.0,Not present/background
2018-11-01,Bathtub Beach,27.187033,-80.160417,0.5,28667.0,Low
2018-11-01,Stuart Causeway Boat Ramp (Indian River),27.2078,-80.18862,0.5,3333.0,Very low
2018-11-01,Jensen Beach Causeway North Boat Ramp (Indian River),27.2527,-80.2224,0.5,0.0,Not present/background
2018-11-01,Jensen Beach,27.253567,-80.194917,0.5,19333.0,Low
2018-11-01,Bay Dock (Sarasota Bay),27.3316,-82.5779,0.5,1726000.0,High
2018-11-01,New Pass Dock (Sarasota Bay),27.33375,-82.57938,0.5,1346000.0,High
2018-11-01,Roseate Island; NE of (Indian River),27.82037,-80.44951,0.5,0.0,Not present/background
2018-11-01,Redington Shores,27.832667,-82.835417,0.5,18333.0,Low
2018-11-01,St. Sebastian River; SE of (Indian River),27.84579,-80.4738,0.5,0.0,Not present/background
2018-11-01,Sebastian Inlet Boat Ramp; E of (Indian River),27.84994,-80.45318,0.5,0.0,Not present/background
2018-11-01,Mud Hole; W of (Indian River),27.87745,-80.48863,0.5,0.0,Not present/background
2018-11-01,Long Point Park; NW of (Indian River),27.882,-80.47822,0.5,0.0,Not present/background
2018-11-01,Ballard Cove (Indian River),27.91164,-80.47901,0.5,0.0,Not present/background
2018-11-01,Harrison Avenue; E of (Clearwater Harbor),27.934867,-82.833,0.5,415425.0,Medium
2018-11-01,Clearwater Beach Pier 60,27.9777,-82.8323,0.5,3333.0,Very low
2018-11-01,Harbor Pointe Marina (Indian River),28.615731,-80.802278,0.5,0.0,Not present/background
2018-11-01,Rock Island; NW of,28.82472,-82.74168,0.1,0.0,Not present/background
2018-11-02,Lower Arsnicker Keys; 7.2 mi W of,24.9159,-80.943,0.2,0.0,Not present/background
2018-11-02,Upper Arsnicker Keys; 8.5 mi NW of,24.93815,-80.9653,0.2,0.0,Not present/background
2018-11-02,Sandy Key; 5.2 mi SW of,24.96038,-80.98737,0.2,0.0,Not present/background
2018-11-02,Sandy Key; 3.4 mi S of,24.98417,-81.0118,0.2,0.0,Not present/background
2018-11-02,Keewaydin Island; S of,25.9865,-81.7483,0.5,1667.0,Very low
2018-11-02,Gordon Pass,26.0926,-81.7987,0.5,3000.0,Very low
2018-11-02,Big Sarasota Pass,27.2988,-82.5599,0.5,473480.0,Medium
2018-11-02,Bird Key Point (Sarasota Bay),27.32765,-82.561196,0.5,1484280.0,High
2018-11-02,Bay Dock (Sarasota Bay),27.3316,-82.5779,0.5,1916000.0,High
2018-11-02,New Pass Dock (Sarasota Bay),27.33375,-82.57938,0.5,676000.0,Medium
2018-11-02,Maximo Park Boat Ramp,27.712234,-82.682889,0.5,1625659.0,High
2018-11-02,Geiger Point; Melbourne Causeway at (Indian River),28.08245,-80.59505,0.2,0.0,Not present/background
2018-11-02,Eau Gallie Pier (Indian River),28.13248,-80.62418,0.2,0.0,Not present/background
2018-11-02,Howard Park Cswy; S of (St Joseph Sound),28.15327,-82.80104,1.0,0.0,Not present/background
2018-11-02,Anclote Gulf Park Pier (Anclote Anchorage),28.1925,-82.7881,1.0,0.0,Not present/background
2018-11-02,Robert K. Rees Memorial Park,28.2535,-82.7573,1.0,0.0,Not present/background
2018-11-02,Ramp Road Park Boat Ramp (Banana River),28.309033,-80.614283,0.2,0.0,Not present/background
2018-11-02,520 Slick Boat Ramp (Banana River),28.357133,-80.62844,0.2,0.0,Not present/background
2018-11-02,Kelly Park (Banana River),28.4017,-80.66245,0.2,0.0,Not present/background
2018-11-02,Nicol Park (Indian River),28.476933,-80.7674,0.2,0.0,Not present/background
2018-11-02,NASA Causeway; SE side of (Indian River),28.52641,-80.7391,0.2,0.0,Not present/background
2018-11-02,Parrish Park Boat Ramp (Indian River),28.62365,-80.795517,0.2,0.0,Not present/background
2018-11-02,Riverside Park (Indian River North),29.024479,-80.918983,0.3,0.0,Not present/background
2018-11-02,Flagler Avenue Beachfront Park; E of,29.037708,-80.889984,0.3,0.0,Not present/background
2018-11-03,Service Club Park,27.0783,-82.4531,0.5,666772.0,Medium
2018-11-03,Granada Ave; W of,27.0992,-82.4607,0.5,784700.0,Medium
2018-11-03,Sandsprit Park Boat Ramp (Manatee Pocket),27.162256,-80.1939,0.7,0.0,Not present/background
2018-11-03,Indian Riverside Park Pier (Indian River),27.224761,-80.211264,0.7,0.0,Not present/background
2018-11-03,East Midway Road; N of (Indian River),27.38745,-80.2971,0.5,0.0,Not present/background
2018-11-03,Indian River Veterans Memorial Park Boat Ramp (Indian River),27.451811,-80.322742,1.0,333.0,Not present/background
2018-11-03,Marina del Ray Court; S of (Clearwater Harbor),27.939663,-82.83685,0.5,1000.0,Not present/background
2018-11-04,Barefoot Bay Pier (Indian River),27.88507,-80.5008,0.5,0.0,Not present/background
2018-11-04,Indian Rocks Beach; 38 mi W of,27.973433,-83.471733,0.5,0.0,Not present/background
2018-11-04,Tropic; SW of (Indian River),28.1505,-80.635,0.5,0.0,Not present/background
2018-11-04,Pensacola Beach; 4.8 mi S of,30.258333,-87.161667,0.5,66333.0,Low
2018-11-04,Fort Pickens; 1 mi SW of,30.31,-87.298333,0.5,4667.0,Very low
2018-11-05,Shark Point; 26 mi W of,25.3738,-81.557933,0.5,0.0,Not present/background
2018-11-05,Shark Point; 29 mi W of,25.380383,-81.611867,0.5,0.0,Not present/background
2018-11-05,Darwin Beach; W of (Bear Cut),25.7313,-80.1645,0.5,0.0,Not present/background
2018-11-05,Virginia Beach Drive; SW of (Biscayne Bay),25.7315,-80.1659,0.5,0.0,Not present/background
2018-11-05,Virginia Key Park; S of (Biscayne Bay),25.73466,-80.1667,0.5,0.0,Not present/background
2018-11-05,South Marco Beach,25.91165,-81.72805,1.0,0.0,Not present/background
2018-11-05,Caxambas Park,25.9124,-81.7171,0.5,0.0,Not present/background
2018-11-05,Goodland Bridge,25.9334,-81.6496,0.5,0.0,Not present/background
2018-11-05,Marco Beach,25.938384,-81.739264,0.2,0.0,Not present/background
2018-11-05,Big Marco Pass,25.969714,-81.744459,0.2,0.0,Not present/background
2018-11-05,Lee Avenue; docks NE of (Big Marco Pass),25.9733,-81.7275,0.5,0.0,Not present/background
2018-11-05,951 Boat Ramp (Big Marco Pass),25.9804,-81.7029,0.5,0.0,Not present/background
2018-11-05,Gordon Pass; NW of,26.101867,-81.8093,0.5,333.0,Not present/background
2018-11-05,Naples Pier; SW of,26.121217,-81.814583,0.5,0.0,Not present/background
2018-11-05,Naples Pier,26.13163,-81.8063,1.0,0.0,Not present/background
2018-11-05,Seagate,26.2073,-81.8169,1.0,0.0,Not present/background
2018-11-05,Vanderbilt Beach,26.25375,-81.82377,1.0,0.0,Not present/background
2018-11-05,Barefoot Beach State Preserve,26.30481,-81.8362,1.0,0.0,Not present/background
2018-11-05,Pelican Bay Nature Park Pier (Estero Bay),26.3584,-81.8375,0.5,0.0,Not present/background
2018-11-05,Carl Johnson Park Boat Ramp (Estero Bay),26.3936,-81.8655,0.5,333.0,Not present/background
2018-11-05,Coon Key; N of (Estero Bay),26.4287,-81.8832,0.5,0.0,Not present/background
2018-11-05,Estero River; mouth of (Estero Bay),26.4294,-81.858,0.5,0.0,Not present/background
2018-11-05,Estero River; upstream,26.43861,-81.84,0.5,0.0,Not present/background
2018-11-05,Mound House Dock (Estero Bay),26.4462,-81.9272,0.5,0.0,Not present/background
2018-11-05,Matanzas Pass (Estero Bay),26.4577,-81.9532,0.5,0.0,Not present/background
2018-11-05,Buck Key; S of (Blind Pass),26.488,-82.1815,0.2,0.0,Not present/background
2018-11-05,York Island; W of (Pine Island Sound),26.4887,-82.1073,0.2,0.0,Not present/background
2018-11-05,Merwin Key; W of (San Carlos Bay),26.500278,-82.0475,0.2,0.0,Not present/background
2018-11-05,Buck Key; 1.9 mi NE of (Pine Island Sound),26.532117,-82.15667,0.2,0.0,Not present/background
2018-11-05,Regla Island; W of (Pine Island Sound),26.538,-82.1257,0.2,0.0,Not present/background
2018-11-05,Redfish Pass (Pine Island Sound),26.5535,-82.1963,0.2,10667.0,Low
2018-11-05,Redfish Pass; 1.8 mi E of (Pine Island Sound),26.560417,-82.170817,0.2,32667.0,Low
2018-11-05,Cork Island; W of (Pine Island Sound),26.5767,-82.1347,0.2,667.0,Not present/background
2018-11-05,McCardle Island; SW of (Matlacha Pass),26.5857,-82.0645,0.2,0.0,Not present/background
2018-11-05,Hemp Key; S of (Pine Island Sound),26.5902,-82.1561,0.2,8667.0,Very low
2018-11-05,Captiva Rocks; SW of (Pine Island Sound),26.59925,-82.18463,0.2,3000.0,Very low
2018-11-05,Captiva Pass,26.6092,-82.221,0.2,169000.0,Medium
2018-11-05,Mondongo Island; W of (Pine Island Sound),26.6798,-82.2196,0.2,9333.0,Very low
2018-11-05,Jug Creek Point; E of (Matlacha Pass),26.7003,-82.1208,0.2,0.0,Not present/background
2018-11-05,Little Bokeelia Island; N of (Charlotte Harbor),26.705,-82.1837,0.2,1000.0,Not present/background
2018-11-05,Boca Grande Pass,26.7117,-82.2583,0.2,18000.0,Low
2018-11-05,Burnt Store Marina (Charlotte Harbor),26.7614,-82.0611,0.5,0.0,Not present/background
2018-11-05,Blind Pass Beach,26.96324,-82.38565,0.5,960000.0,Medium
2018-11-05,Manasota Beach,27.01031,-82.41312,0.5,504000.0,Medium
2018-11-05,Caspersen Beach,27.05703,-82.4436,0.5,2312000.0,High
2018-11-05,Brohard Beach,27.06631,-82.448,0.5,228000.0,Medium
2018-11-05,Hobe Sound Beach,27.066767,-80.114733,0.5,0.0,Not present/background
2018-11-05,Venice Fishing Pier; N of,27.0735,-82.4515,0.5,20000.0,Low
2018-11-05,Service Club Park,27.07827,-82.45286,0.5,28000.0,Low
2018-11-05,Venice Beach,27.10034,-82.46089,0.5,86000.0,Low
2018-11-05,North Jetty,27.11382,-82.46883,0.5,186000.0,Medium
2018-11-05,Nokomis Beach,27.12332,-82.47122,0.5,4000.0,Very low
2018-11-05,Venice Inlet; 42 mi W of,27.158533,-83.14215,0.5,0.0,Not present/background
2018-11-05,Sandsprit Park Boat Ramp (Manatee Pocket),27.162256,-80.1939,0.5,0.0,Not present/background
2018-11-05,Sailfish Point Marina (Indian River),27.18391,-80.16404,0.5,0.0,Not present/background
2018-11-05,Bathtub Beach,27.187033,-80.160417,0.5,0.0,Not present/background
2018-11-05,Stuart Causeway Boat Ramp (Indian River),27.2078,-80.18862,0.5,0.0,Not present/background
2018-11-05,Turtle Beach,27.21843,-82.51711,0.5,200000.0,Medium
2018-11-05,Turtle Beach; 31 mi W of,27.230983,-83.023517,0.5,46667.0,Low
2018-11-05,Jensen Beach Causeway North Boat Ramp (Indian River),27.2527,-80.2224,0.5,0.0,Not present/background
2018-11-05,Jensen Beach,27.253567,-80.194917,0.5,0.0,Not present/background
2018-11-05,Siesta Beach,27.26518,-82.5531,0.5,444000.0,Medium
2018-11-05,Big Sarasota Pass; 39 mi W of,27.271133,-83.2033,0.5,333.0,Not present/background
2018-11-05,South Lido Park,27.29818,-82.56739,0.5,300000.0,Medium
2018-11-05,Lido Beach Casino,27.311,-82.57718,0.5,284000.0,Medium
2018-11-05,North Lido Beach,27.31561,-82.58171,0.5,408000.0,Medium
2018-11-05,Ringling Causeway,27.32682,-82.56244,0.5,8000.0,Very low
2018-11-05,Bay Dock (Sarasota Bay),27.3316,-82.5779,0.5,27100000.0,High
2018-11-05,New Pass Dock (Sarasota Bay),27.33375,-82.57938,0.5,8700000.0,High
2018-11-05,Blind Creek Beach; 1.3 mi E of,27.358333,-80.22545,1.0,0.0,Not present/background
2018-11-05,Bradenton Beach; 37 mi W of,27.36,-83.2959,0.5,0.0,Not present/background
2018-11-05,Longboat Key Beach,27.37317,-82.63202,0.5,8000.0,Very low
2018-11-05,Middle Cove Beach; 1.3 mi E of,27.399083,-80.241633,1.0,333.0,Not present/background
2018-11-05,Longboat Pass Boat Ramp (Sarasota Bay),27.44602,-82.68798,0.5,1091122.0,High
2018-11-05,Longboat Pass; 42 mi W of,27.455383,-83.379667,0.5,0.0,Not present/background
2018-11-05,Cortez Beach,27.4621,-82.6992,0.5,211505.0,Medium
2018-11-05,Palma Sola Bay Bridge,27.4959,-82.6522,0.5,0.0,Not present/background
2018-11-05,Pepper Park Beachside; E of,27.498967,-80.292583,1.0,0.0,Not present/background
2018-11-05,Mead Point (Lower Tampa Bay),27.51477,-82.68395,0.2,0.0,Not present/background
2018-11-05,Bean Point Beach; 37 mi W of,27.517517,-83.344567,0.5,0.0,Not present/background
2018-11-05,School Key; NE of (Lower Tampa Bay),27.529833,-82.704,0.2,544236.0,Medium
2018-11-05,Anna Maria Island Rod & Reel Pier (Lower Tampa Bay),27.5385,-82.7402,0.5,158078.0,Medium
2018-11-05,Fletcher Point (Lower Tampa Bay),27.58512,-82.61482,0.5,0.0,Not present/background
2018-11-05,South Skyway Rest Area; NW of (Lower Tampa Bay),27.587433,-82.61895,0.2,0.0,Not present/background
2018-11-05,South Skyway Causeway; NE end of (Lower Tampa Bay),27.59275,-82.629067,0.2,0.0,Not present/background
2018-11-05,Joe Island; N of (Lower Tampa Bay),27.595514,-82.5912,0.2,1333.0,Very low
2018-11-05,Skyway Fishing Pier; South (Lower Tampa Bay),27.6055,-82.6508,0.5,70043.0,Low
2018-11-05,Mullet Key; Gulf Pier,27.6133,-82.7391,0.5,3923465.0,High
2018-11-05,Little Redfish Creek; 1.1 mi NW of (Lower Tampa Bay),27.632617,-82.5782,0.2,333.0,Not present/background
2018-11-05,Serpentine Circle South; S of (Tampa Bay),27.701997,-82.66244,0.5,153000.0,Medium
2018-11-05,FWRI Peninsula; SE tip of (Bayboro Harbor),27.759803,-82.631267,0.5,333.0,Not present/background
2018-11-05,FWRI Peninsula; SE tip of (Bayboro Harbor),27.759803,-82.631267,4.5,0.0,Not present/background
2018-11-05,Madeira Beach,27.783691,-82.784763,0.5,2282175.0,High
2018-11-05,La Contessa Pier,27.8121,-82.81915,0.5,61882703.0,High
2018-11-05,Dixie Highway Bridge; E of (Indian River),27.85566,-80.49085,0.5,0.0,Not present/background
2018-11-05,Clearwater Pass,27.96035,-82.8243,0.5,133614.0,Medium
2018-11-05,Juan Ponce de Leon Landing,28.0113,-80.5297,0.7,0.0,Not present/background
2018-11-05,Coconut Point Park,28.0229,-80.5352,0.7,0.0,Not present/background
2018-11-05,Spessard Holland Park,28.0475,-80.5467,0.7,0.0,Not present/background
2018-11-05,Honeymoon Island; 49 mi W of,28.05955,-83.6248,0.5,667.0,Not present/background
2018-11-05,James Nance Park,28.0927,-80.5642,0.7,0.0,Not present/background
2018-11-05,Pelican Beach Park,28.1683,-80.5871,0.7,0.0,Not present/background
2018-11-05,Robert P. Murkshe Memorial Park; N of,28.2916,-80.6064,0.5,0.0,Not present/background
2018-11-05,Minutemen Causeway; E of,28.3184,-80.6069,0.7,0.0,Not present/background
2018-11-05,Diamond Bay (Banana River),28.35034,-80.61298,0.5,0.0,Not present/background
2018-11-05,Cocoa Beach Pier; S of,28.3675,-80.6015,0.7,0.0,Not present/background
2018-11-05,Cherie Down Park,28.3914,-80.5955,0.7,0.0,Not present/background
2018-11-05,Cape San Blas; 42 mi SW of,29.16445,-85.717683,0.5,5333.0,Very low
2018-11-05,Cape San Blas; 42 mi SW of,29.16445,-85.717683,20.0,3000.0,Very low
2018-11-05,Cape San Blas; 31 mi SW of,29.303567,-85.647717,0.5,39667.0,Low
2018-11-05,Cape San Blas; 31 mi SW of,29.303567,-85.647717,20.0,0.0,Not present/background
2018-11-05,Cape San Blas; 20 mi SW of,29.456983,-85.5742,0.5,32333.0,Low
2018-11-05,Cape San Blas; 20 mi SW of,29.456983,-85.5742,20.0,9667.0,Very low
2018-11-05,Cape San Blas; 9.5 mi SW of,29.609,-85.495417,0.5,273973.0,Medium
2018-11-05,Cape San Blas; 9.5 mi SW of,29.609,-85.495417,20.0,21667.0,Low
2018-11-05,Marineland Beach,29.66628,-81.21073,0.5,0.0,Not present/background
2018-11-05,Cape Palms Park,29.716247,-85.38707,0.5,333.0,Not present/background
2018-11-05,Eastwind Drive; NE of (St. Joseph Bay),29.717739,-85.381104,0.5,0.0,Not present/background
2018-11-05,Millender Street; S of (St. George Sound),29.7301,-84.88478,0.1,0.0,Not present/background
2018-11-05,Spinaker Way; NW of,29.765633,-85.406317,0.5,539778.0,Medium
2018-11-05,Crescent Beach,29.7687,-81.251,0.5,0.0,Not present/background
2018-11-05,Constitution Convention Museum State Park; 3.0 mi W of (St. Joseph Bay),29.788817,-85.348917,0.5,422894.0,Medium
2018-11-05,St. Augustine Beach,29.85138,-81.26473,0.5,0.0,Not present/background
2018-11-05,Vilano Beach,29.9378,-81.29897,0.5,0.0,Not present/background
2018-11-05,South Ponte Vedra,30.02262,-81.32263,,0.0,Not present/background
2018-11-05,North Ponte Vedra,30.11688,-81.34444,0.5,0.0,Not present/background
2018-11-05,Pensacola Beach Pier,30.3273,-87.1419,0.5,3333.0,Very low
2018-11-05,Navarre Pier,30.376,-86.8631,0.5,326900.0,Medium
2018-11-05,Ivy Lane; N of (Choctawhatchee Bay),30.37761,-86.12849,0.5,0.0,Not present/background
2018-11-05,Thomas Pilcher Park (Choctawhatchee Bay),30.39757,-86.16931,0.5,0.0,Not present/background
2018-11-06,Cluett Key; 2.8 mi SW of (Florida Bay),24.99182,-80.88342,0.5,0.0,Not present/background
2018-11-06,Sid Key; 1.8 mi W of (Florida Bay),25.01938,-80.81951,0.5,0.0,Not present/background
2018-11-06,Johnson Key; 1 mi W of (Florida Bay),25.04751,-80.91959,0.5,0.0,Not present/background
2018-11-06,Roscoe Key; S of (Florida Bay),25.08581,-80.79028,0.5,0.0,Not present/background
2018-11-06,Shell Key; SE of (Florida Bay),25.09792,-80.48592,0.5,0.0,Not present/background
2018-11-06,Dump Keys; 1 mi S of (Florida Bay),25.09959,-80.7663,0.5,0.0,Not present/background
2018-11-06,Camp Key; N of (Florida Bay),25.12261,-80.81393,0.5,0.0,Not present/background
2018-11-06,Stellrecht Point (Sexton Cove),25.16135,-80.39225,0.5,0.0,Not present/background
2018-11-06,Crandon Park; E of,25.7111,-80.1436,0.5,0.0,Not present/background
2018-11-06,South Pointe Park; S of (Government Cut),25.765217,-80.134283,0.5,6333.0,Very low
2018-11-06,Bayfront Park; E of (Biscayne Bay),25.7743,-80.1844,0.5,0.0,Not present/background
2018-11-06,53rd Street Park; NE of,25.8333,-80.1174,0.5,2000.0,Very low
2018-11-06,Haulover Park; W of (Biscayne Bay),25.900733,-80.125933,0.5,0.0,Not present/background
2018-11-06,Loggia Beach Park; SE of,25.9628,-80.117,0.5,0.0,Not present/background
2018-11-06,Dania Beach Fishing Pier,26.058006,-80.10887,3.0,0.0,Not present/background
2018-11-06,Deerfield Beach Fishing Pier,26.316484,-80.07265,3.0,0.0,Not present/background
2018-11-06,Punta Blanca Island; NE of (Boca Grande Pass),26.697667,-82.2273,0.5,4333.0,Very low
2018-11-06,Boca Grande Pass,26.7117,-82.2583,0.2,7252939.0,High
2018-11-06,Cayo Pelau; 2 mi S of (Charlotte Harbor),26.74065,-82.2145,0.2,222658.0,Medium
2018-11-06,Gasparilla Island; 32 mi W of,26.7539,-82.792383,0.5,0.0,Not present/background
2018-11-06,Boca Grande; 68 mi W of,26.758767,-83.365833,0.5,2333.0,Very low
2018-11-06,Bull Key; NW of (Bull Bay),26.782417,-82.209383,0.2,0.0,Not present/background
2018-11-06,Sandfly Key; NE of (Gasparilla Sound),26.798,-82.231,0.2,45000.0,Low
2018-11-06,Gasparilla Pass,26.816167,-82.2805,0.2,269040.0,Medium
2018-11-06,Gasparilla Pass,26.816167,-82.2805,0.2,725407.0,Medium
2018-11-06,Catfish Creek; mouth of (Gasparilla Sound),26.8164,-82.2526,0.2,311333.0,Medium
2018-11-06,Garfield Court; SW of (Placida Harbor),26.8385,-82.2795,0.5,512316.0,Medium
2018-11-06,Stump Pass; 37 mi W of,26.860033,-82.95055,0.5,0.0,Not present/background
2018-11-06,Stump Pass; 35 mi W of,26.860317,-82.921533,0.5,0.0,Not present/background
2018-11-06,Charlotte Harbor Preserve State Park; 3.2 mi E of (Charlotte Harbor),26.863833,-82.113833,0.5,0.0,Not present/background
2018-11-06,Stump Pass (Lemon Bay),26.898667,-82.339333,0.5,381444.0,Medium
2018-11-06,Englewood Beach; 35 mi W of,26.910833,-82.932217,0.5,0.0,Not present/background
2018-11-06,Tom Adams Bridge; S of (Lemon Bay),26.9307,-82.3498,0.5,275880.0,Medium
2018-11-06,Blind Pass Beach; E of (Lemon Bay),26.96324,-82.3747,0.2,0.0,Not present/background
2018-11-06,Manasota Key Beach,27.0113,-82.4137,0.2,672980.0,Medium
2018-11-06,Service Club Park,27.0785,-82.4532,0.2,151219.0,Medium
2018-11-06,Turtle Beach; 13 mi W of,27.186117,-82.727717,0.5,3333.0,Very low
2018-11-06,Siesta Key Beach; 16 mi W of,27.211217,-82.803567,0.5,7000.0,Very low
2018-11-06,St. Armands Key; N of (Pansy Bayou),27.3225,-82.5803,0.5,822439.0,Medium
2018-11-06,Bay Dock (Sarasota Bay),27.3316,-82.5779,0.5,13300000.0,High
2018-11-06,Marina Jack (Sarasota Bay),27.3324,-82.5462,0.5,175667.0,Medium
2018-11-06,New Pass Dock (Sarasota Bay),27.33375,-82.57938,0.5,6300000.0,High
2018-11-06,Atlas Street; W of,27.4003,-82.6515,0.5,29333.0,Low
2018-11-06,Garfield Cut; W of (Indian River),27.51465,-80.33528,0.5,0.0,Not present/background
2018-11-06,Round Island; W of (Indian River),27.55483,-80.3425,0.5,0.0,Not present/background
2018-11-06,St. Petersburg Beach,27.713047,-82.739834,0.5,816620.0,Medium
2018-11-06,Beach Woods Pier (Indian River),28.02968,-80.54599,0.5,0.0,Not present/background
2018-11-06,Bluefish Rocks; 71 mi W of,28.43875,-83.880917,0.5,0.0,Not present/background
2018-11-06,Round Island; 3 mi W of,28.514533,-82.73455,0.5,0.0,Not present/background
2018-11-06,Centipede Bay; 4.9 mi W of,28.516317,-82.7489,0.5,0.0,Not present/background
2018-11-06,Rock Island; 7.7 mi W of,28.564917,-82.78085,0.5,0.0,Not present/background
2018-11-06,Pine Island; N of,28.57895,-82.654267,0.5,0.0,Not present/background
2018-11-06,Harbor Pointe Marina (Indian River),28.615731,-80.802278,0.5,0.0,Not present/background
2018-11-06,Apollo Beach; E of,28.890833,-80.795278,0.5,0.0,Not present/background
2018-11-06,Grouper Avenue; E of,28.954444,-80.837222,0.5,0.0,Not present/background
2018-11-06,Crawford Road; E of,29.04385,-80.893581,0.5,0.0,Not present/background
2018-11-06,Cape St. George Island State Reserve; 1.0 mi SE of,29.595433,-84.9652,1.0,0.0,Not present/background
2018-11-06,Sailfish Drive; SE of,29.608483,-84.941167,1.0,0.0,Not present/background
2018-11-06,West Pass; NE of (Apalachicola Bay),29.637983,-85.089017,0.5,333.0,Not present/background
2018-11-06,Mid-Apalachicola Bay,29.667683,-84.994017,0.5,0.0,Not present/background
2018-11-06,Faver-Dykes (Pellicer Creek),29.66822,-81.2631,0.1,0.0,Not present/background
2018-11-06,St. Vincent Point; E of (Apalachicola Bay),29.674667,-85.058333,1.5,0.0,Not present/background
2018-11-06,Old St. George Island Causeway; E of (St. George Sound),29.702133,-84.880183,1.5,0.0,Not present/background
2018-11-06,Long Point; S of (East Bay),29.7308,-84.945183,0.5,0.0,Not present/background
2018-11-06,Fort Matanzas (Matanzas Bay),29.7427,-81.2447,0.1,0.0,Not present/background
2018-11-06,San Sebastian (Matanzas River),29.8694,-81.3077,0.1,0.0,Not present/background
2018-11-06,Pine Island; S of (Tolomato River),30.0516,-81.3669,0.1,0.0,Not present/background
2018-11-07,Looe Key Reef,24.54608,-81.40271,0.2,0.0,Not present/background
2018-11-07,Big Munson Island; 2.4 mi W of,24.604,-81.42929,0.2,0.0,Not present/background
2018-11-07,Pavilion Key; 9.2 mi SW of,25.6161,-81.4735,0.2,0.0,Not present/background
2018-11-07,Pavilion Key; 5.8 mi SW of,25.6379,-81.4241,0.2,0.0,Not present/background
2018-11-07,Pavilion Key; 2.9 mi SW of,25.6614,-81.3856,0.2,0.0,Not present/background
2018-11-07,Pavilion Key; SW of,25.6817,-81.3579,0.2,0.0,Not present/background
2018-11-07,Cape Romano; S of (Gullivan Bay),25.844,-81.678,0.5,0.0,Not present/background
2018-11-07,Round Key; N of (Fakahatchee Pass),25.851667,-81.524667,0.5,0.0,Not present/background
2018-11-07,Coon Key; S of (Gullivan Bay),25.8815,-81.632167,0.5,333.0,Not present/background
2018-11-07,Shell Key; S of (Gullivan Bay),25.891667,-81.608833,0.5,0.0,Not present/background
2018-11-07,North City Beach Park,25.9862,-80.1173,0.5,0.0,Not present/background
2018-11-07,Harry Berry Park; N of,26.01,-80.114,0.5,0.0,Not present/background
2018-11-07,Hollywood North Beach Park,26.035,-80.1135,0.5,0.0,Not present/background
2018-11-07,Dania Beach Fishing Pier,26.058006,-80.10887,0.5,0.0,Not present/background
2018-11-07,Birch State Park; NE,26.1417,-80.1019,0.5,0.0,Not present/background
2018-11-07,Pompano Beach,26.2332,-80.0883,0.5,0.0,Not present/background
2018-11-07,Deerfield Beach,26.3163,-80.0747,0.5,0.0,Not present/background
2018-11-07,Bonita Beach Park,26.33105,-81.84574,0.5,0.0,Not present/background
2018-11-07,South Inlet Park,26.3335,-80.0718,0.5,1333.0,Very low
2018-11-07,Spanish River Park,26.3799,-80.06645,0.5,4000.0,Very low
2018-11-07,Lovers Key State Park,26.3901,-81.8795,0.5,45333.0,Low
2018-11-07,Tarpon Bay Road Beach,26.4217,-82.0801,0.5,0.0,Not present/background
2018-11-07,Lighthouse Beach,26.45157,-82.01543,0.5,222080.0,Medium
2018-11-07,Lynn Hall Park,26.45398,-81.95776,0.5,0.0,Not present/background
2018-11-07,Delray Public Beach,26.461,-80.0571,0.5,333.0,Not present/background
2018-11-07,Gulfstream Park,26.5049,-80.0509,0.5,333.0,Not present/background
2018-11-07,Alison Hagerup Beach Park,26.5264,-82.1945,0.5,0.0,Not present/background
2018-11-07,Ocean Inlet Park,26.5443,-80.0429,0.5,5667.0,Very low
2018-11-07,R. G. Kreusler Park,26.6163,-80.0362,0.5,3333.0,Very low
2018-11-07,Murdock Point; 19 mi W of,26.679033,-82.573567,0.5,40469520.0,High
2018-11-07,Palm Beach Municipal Beach,26.6998,-80.0328,0.5,2000.0,Very low
2018-11-07,Cayo Costa State Park; 19 mi W of,26.699933,-82.572467,0.5,17755009.0,High
2018-11-07,Phil Foster Park (Lake Worth),26.7832,-80.0416,0.5,0.0,Not present/background
2018-11-07,Ocean Reef Park,26.794,-80.0313,0.5,5667.0,Very low
2018-11-07,Boca Grande Pier (Gasparilla Sound),26.80562,-82.27415,0.5,3907233.0,High
2018-11-07,Juno Beach Fishing Pier,26.893715,-80.0542,0.5,333.0,Not present/background
2018-11-07,Englewood Beach,26.92467,-82.36189,0.5,56667.0,Low
2018-11-07,Carlin Park Beach,26.930104,-80.068107,0.5,0.0,Not present/background
2018-11-07,Indiantown Road Bridge; N of (Lake Worth Creek),26.934296,-80.084066,0.5,2000.0,Very low
2018-11-07,Dubois Park Lagoon (Loxahatchee River),26.943203,-80.074508,0.5,0.0,Not present/background
2018-11-07,Jupiter Inlet (Loxahatchee River),26.944952,-80.074171,0.5,0.0,Not present/background
2018-11-07,A1A Bridge; W of (Loxahatchee River),26.947392,-80.092817,0.5,1000.0,Not present/background
2018-11-07,Pennock Point; E of (Loxahatchee River),26.950247,-80.108792,0.5,0.0,Not present/background
2018-11-07,South Beach Road Bridge; S of (Indian River),26.952424,-80.07908,0.5,0.0,Not present/background
2018-11-07,River Isle Road; E of  (Loxahatchee River),26.958052,-80.120267,0.5,0.0,Not present/background
2018-11-07,Indian Mound Park; NW of (Lemon Bay),26.95904,-82.3762,0.5,0.0,Not present/background
2018-11-07,Indian Mound Park; NW of (Lemon Bay),26.95904,-82.3762,0.5,0.0,Not present/background
2018-11-07,Coral Cove Park Beach,26.96368,-80.078118,0.5,0.0,Not present/background
2018-11-07,Jupiter Point Marina; E of (Indian River),26.976028,-80.086284,0.5,0.0,Not present/background
2018-11-07,Leachs Key; N of (Lemon Bay),26.97781,-82.38861,0.5,0.0,Not present/background
2018-11-07,Blowing Rocks Beach,26.978874,-80.082551,0.5,0.0,Not present/background
2018-11-07,Forked Creek; NW of (Lemon Bay),26.99569,-82.39922,0.5,0.0,Not present/background
2018-11-07,Manasota Beach Bridge; NW of (ICW),27.02184,-82.41777,0.5,0.0,Not present/background
2018-11-07,Alligator Creek; S of (ICW),27.03425,-82.42558,0.5,26000.0,Low
2018-11-07,Shamrock Park; N of (ICW),27.0588,-82.4361,0.5,54000.0,Low
2018-11-07,Nokomis Community Park; S of (Roberts Bay),27.1135,-82.4444,0.5,160000.0,Medium
2018-11-07,Bird Island; NE of (Dona Bay),27.1151,-82.4574,0.5,768000.0,Medium
2018-11-07,Lyons Bay,27.1182,-82.4651,0.5,1680000.0,High
2018-11-07,Dona Bay,27.1185,-82.4501,0.5,1406000.0,High
2018-11-07,Albee Road Bridge; N of (Blackburn Bay),27.13017,-82.46992,0.5,1906000.0,High
2018-11-07,Albee Road Bridge; N of (Blackburn Bay),27.13017,-82.46992,0.5,2160000.0,High
2018-11-07,Southern Blackburn Bay,27.14051,-82.47043,0.5,674000.0,Medium
2018-11-07,Mid-Blackburn Bay,27.14761,-82.47785,0.5,1514000.0,High
2018-11-07,Northern Blackburn Bay,27.16056,-82.48311,0.5,348000.0,Medium
2018-11-07,Dryman Bay,27.17467,-82.49089,0.5,198000.0,Medium
2018-11-07,Blackburn Point Road; N of (Little Sarasota Bay),27.1877,-82.49842,0.5,162000.0,Medium
2018-11-07,Spanish Point; S of (Little Sarasota Bay),27.1953,-82.50244,0.5,252000.0,Medium
2018-11-07,Stuart Beach; 8.2 mi E of,27.2,-80.033333,1.0,0.0,Not present/background
2018-11-07,Stuart Beach; 8.2 mi E of,27.2,-80.033333,14.0,0.0,Not present/background
2018-11-07,Bird Keys; N of (Little Sarasota Bay),27.21974,-82.50496,0.5,30000.0,Low
2018-11-07,Blind Pass; NE of (Little Sarasota Bay),27.22335,-82.51206,0.5,116000.0,Medium
2018-11-07,Coral Cove; S of (Little Sarasota Bay),27.23964,-82.51495,0.5,148000.0,Medium
2018-11-07,Stickney Point Bridge; SE of (Little Sarasota Bay),27.25003,-82.52496,0.5,8000.0,Very low
2018-11-07,Stickney Point Bridge; SE of (Little Sarasota Bay),27.25003,-82.52496,0.5,12000.0,Low
2018-11-07,Stickney Point Bridge; NW of (Roberts Bay; Sarasota),27.25946,-82.53508,0.5,6000.0,Very low
2018-11-07,Philippe Creek; S of (Roberts Bay; Sarasota),27.26439,-82.53892,0.5,66000.0,Low
2018-11-07,Waveland Beach,27.2754,-80.2051,0.2,0.0,Not present/background
2018-11-07,Philippe Creek; N of (Roberts Bay; Sarasota),27.28305,-82.54844,0.5,96000.0,Low
2018-11-07,Edwards Island; S of (Roberts Bay; Sarasota),27.29051,-82.54812,0.5,1832000.0,High
2018-11-07,Bay Island; N of (Sarasota Bay),27.30675,-82.55676,0.5,1038000.0,High
2018-11-07,Bay Island Park; NE of (Sarasota Bay),27.30748,-82.54224,0.5,416000.0,Medium
2018-11-07,St. Armands Key; NE of (Sarasota Bay),27.32254,-82.57461,0.5,1972000.0,High
2018-11-07,St. Armands Key; NE of (Sarasota Bay),27.32254,-82.57461,0.5,4800000.0,High
2018-11-07,Island Park; SW of (Sarasota Bay),27.32545,-82.54976,0.5,1854000.0,High
2018-11-07,Bay Dock (Sarasota Bay),27.3316,-82.5779,0.5,44500000.0,High
2018-11-07,New Pass Dock (Sarasota Bay),27.33375,-82.57938,0.5,10100000.0,High
2018-11-07,Causeway Park; W of (Sarasota Bay),27.33695,-82.55966,0.5,4000000.0,High
2018-11-07,Quick Point; NE of (Sarasota Bay),27.33983,-82.58141,0.5,1170000.0,High
2018-11-07,City Island; NE of (Sarasota Bay),27.34747,-82.56917,0.5,2256000.0,High
2018-11-07,Centennial Park; NW of (Sarasota Bay),27.35127,-82.55658,0.5,3100000.0,High
2018-11-07,Longboat Key; E of (Sarasota Bay),27.3544,-82.6068,0.5,1412000.0,High
2018-11-07,City Island; N of (Sarasota Bay),27.35917,-82.57619,0.5,4320000.0,High
2018-11-07,Indian Beach; SW of (Sarasota Bay),27.35999,-82.56758,0.5,4300000.0,High
2018-11-07,Bishops Point; SE of (Sarasota Bay),27.3714,-82.601,0.5,2262000.0,High
2018-11-07,Mid-Sarasota Bay,27.37421,-82.58307,0.5,1896000.0,High
2018-11-07,Stephens Point; NW of (Sarasota Bay),27.38449,-82.57244,0.5,1826000.0,High
2018-11-07,Whale Key; S of (Sarasota Bay),27.3871,-82.6252,0.5,862000.0,Medium
2018-11-07,Fort Pierce Jetty Park Beach,27.46975,-80.29007,,0.0,Not present/background
2018-11-07,Maximo Beach (Sunshine Skyway Channel),27.70957,-82.68282,0.5,2017440.0,High
2018-11-07,War Veteran's Memorial Park (Boca Ciega Bay),27.802039,-82.770583,0.5,4141620.0,High
2018-11-07,Roseate Island; NE of (Indian River),27.82037,-80.44951,0.5,0.0,Not present/background
2018-11-07,St. Sebastian River; SE of (Indian River),27.84579,-80.4738,0.5,0.0,Not present/background
2018-11-07,Sebastian Inlet Boat Ramp; E of (Indian River),27.84994,-80.45318,0.5,0.0,Not present/background
2018-11-07,Mud Hole; W of (Indian River),27.87745,-80.48863,0.5,0.0,Not present/background
2018-11-07,Long Point Park; NW of (Indian River),27.882,-80.47822,0.5,333.0,Not present/background
2018-11-07,Ballard Cove (Indian River),27.91164,-80.47901,0.5,0.0,Not present/background
2018-11-07,Juan Ponce de Leon Landing,28.0113,-80.5297,0.3,0.0,Not present/background
2018-11-07,Macfarlane Street; W of (Indian River),28.015,-80.5387,0.1,0.0,Not present/background
2018-11-07,Coconut Point Park,28.0229,-80.5352,0.3,0.0,Not present/background
2018-11-07,Spessard Holland Park,28.0475,-80.5467,0.3,0.0,Not present/background
2018-11-07,Honeymoon Island State Park; South Beach,28.0586,-82.8267,0.5,667.0,Not present/background
2018-11-07,North Point Hog Island; 9 mi W of,28.09057,-82.97573,35.0,0.0,Not present/background
2018-11-07,James Nance Park,28.0927,-80.5642,0.3,0.0,Not present/background
2018-11-07,Pelican Beach Park,28.1683,-80.5871,0.3,0.0,Not present/background
2018-11-07,North Anclote Key; 28 mi W of,28.27472,-83.30528,60.0,0.0,Not present/background
2018-11-07,Robert P. Murkshe Memorial Park; N of,28.2916,-80.6064,0.3,0.0,Not present/background
2018-11-07,Minutemen Causeway; E of,28.3184,-80.6069,0.3,0.0,Not present/background
2018-11-07,Hudson Beach Park; 45 mi W of,28.353367,-83.44865,0.5,667.0,Not present/background
2018-11-07,Robert Strickland Memorial Park; 5.4 mi W of,28.364468,-82.799269,0.5,0.0,Not present/background
2018-11-07,Robert Strickland Memorial Park; 2.7 mi W of,28.364468,-82.752442,0.5,333.0,Not present/background
2018-11-07,Cocoa Beach Pier; S of,28.3675,-80.6015,0.3,0.0,Not present/background
2018-11-07,Cherie Down Park,28.3914,-80.5955,0.3,0.0,Not present/background
2018-11-07,Northwest Keys; 25 mi W of,28.697083,-83.10365,0.5,0.0,Not present/background
2018-11-07,Bald Point; 1.2 mi NE of,29.958167,-84.323667,0.5,0.0,Not present/background
2018-11-07,Earl Gilbert Park Boat Ramp (East Bay),30.10516,-85.60401,0.1,667.0,Not present/background
2018-11-07,Posten Bayou; NW of (West Bay),30.195556,-85.7225,0.5,14667.0,Low
2018-11-07,Pensacola Beach; 8.5 mi S of,30.201667,-87.184167,1.0,6333.0,Very low
2018-11-07,West Bay Point; SE of (North Bay),30.224222,-85.713972,0.5,24333.0,Low
2018-11-07,Little Oyster Bar Point; NW of (North Bay),30.256889,-85.684222,0.5,0.0,Not present/background
2018-11-07,Cedar Hammock; W of (West Bay),30.259694,-85.749083,0.5,0.0,Not present/background
2018-11-07,Coon Point; 1.1 mi SW of (West Bay),30.271361,-85.826611,0.5,0.0,Not present/background
2018-11-07,Navarre Pier,30.376,-86.8631,0.5,154333.0,Medium
2018-11-08,Sawyer Key; 2 mi NW of,24.769483,-81.601017,0.2,0.0,Not present/background
2018-11-08,Sawyer Key; 3.2 mi NW of,24.78372,-81.61275,0.2,0.0,Not present/background
2018-11-08,Sawyer Key; 5.1 mi NW of,24.79875,-81.638667,0.2,0.0,Not present/background
2018-11-08,Sawyer Key; 7 mi NW of,24.811917,-81.664667,0.2,0.0,Not present/background
2018-11-08,McLaughlin Key; 48 mi W of,25.442933,-81.922733,0.5,409667.0,Medium
2018-11-08,Wood Key; 34 mi W of,25.596067,-81.785417,0.5,208200.0,Medium
2018-11-08,Darwin Beach; W of (Bear Cut),25.7313,-80.1645,0.5,0.0,Not present/background
2018-11-08,Virginia Beach Drive; SW of (Biscayne Bay),25.7315,-80.1659,0.5,333.0,Not present/background
2018-11-08,Virginia Key Park; S of (Biscayne Bay),25.73466,-80.1667,0.5,0.0,Not present/background
2018-11-08,South Marco Beach,25.91165,-81.72805,0.5,0.0,Not present/background
2018-11-08,Naples Pier,26.13163,-81.8063,0.5,0.0,Not present/background
2018-11-08,Seagate,26.2073,-81.8169,0.5,0.0,Not present/background
2018-11-08,Vanderbilt Beach,26.25375,-81.82377,0.5,0.0,Not present/background
2018-11-08,North Ocean Park; N of,26.256742,-80.083111,1.0,1667.0,Very low
2018-11-08,Barefoot Beach State Preserve,26.30481,-81.8362,0.5,0.0,Not present/background
2018-11-08,Briny Breezes; 1.3 mi E of,26.509661,-80.028872,1.0,18000.0,Low
2018-11-08,Briny Breezes; 1.3 mi E of,26.509661,-80.028872,15.0,12333.0,Low
2018-11-08,Redfish Pass; SW of,26.546791,-82.21167,4.1,150333.0,Medium
2018-11-08,Redfish Pass; SW of,26.546791,-82.21167,0.5,789480.0,Medium
2018-11-08,Redfish Pass; 8.2 mi W of,26.550369,-82.331354,11.5,2000.0,Very low
2018-11-08,Redfish Pass; 8.2 mi W of,26.550369,-82.331354,0.5,8941320.0,High
2018-11-08,Redfish Pass; 3.4 mi W of,26.552005,-82.254768,8.3,24333.0,Low
2018-11-08,Redfish Pass; 3.4 mi W of,26.552005,-82.254768,0.5,2070367.0,High
2018-11-08,Captiva Pass; 17 mi W of,26.576913,-82.498324,16.6,34333.0,Low
2018-11-08,Captiva Pass; 17 mi W of,26.576913,-82.498324,0.5,7135920.0,High
2018-11-08,Captiva Pass; 29 mi W of,26.5952,-82.696817,24.4,40333.0,Low
2018-11-08,Captiva Pass; 29 mi W of,26.5952,-82.696817,20.6,23333.0,Low
2018-11-08,Captiva Pass; 29 mi W of,26.5952,-82.696817,0.5,502790.0,Medium
2018-11-08,South Venice Public Beach; 0.81 mi SE of,27.02761,-82.423822,0.5,145667.0,Medium
2018-11-08,South Venice Public Beach; SE of,27.032789,-82.42725,0.5,176333.0,Medium
2018-11-08,Bay Dock (Sarasota Bay),27.3316,-82.5779,0.5,2020000.0,High
2018-11-08,New Pass Dock (Sarasota Bay),27.33375,-82.57938,0.5,13200000.0,High
2018-11-08,Egmont Key; 19 mi W of,27.6372,-83.0622,0.5,67254526.0,High
2018-11-08,Egmont Key; 26 mi W of,27.64915,-83.1875,27.4,333.0,Not present/background
2018-11-08,Coast Guard Station Sand Key (Clearwater Harbor),27.947083,-82.832583,0.5,4819920.0,High
2018-11-08,Clearwater Beach Pier 60,27.9777,-82.8323,0.5,53333.0,Low
2018-11-08,Hurricane Pass; 19 mi W of,28.0233,-83.1285,0.5,0.0,Not present/background
2018-11-08,Geiger Point; Melbourne Causeway at (Indian River),28.08245,-80.59505,0.2,0.0,Not present/background
2018-11-08,Eau Gallie Pier (Indian River),28.13248,-80.62418,0.2,0.0,Not present/background
2018-11-08,Anclote Key Preserve State Park; 19 mi W of,28.151333,-83.16515,0.5,0.0,Not present/background
2018-11-08,Ramp Road Park Boat Ramp (Banana River),28.309033,-80.614283,0.2,0.0,Not present/background
2018-11-08,520 Slick Boat Ramp (Banana River),28.357133,-80.62844,0.2,0.0,Not present/background
2018-11-08,Kelly Park (Banana River),28.4017,-80.66245,0.2,0.0,Not present/background
2018-11-08,Port St. John Boat Ramp (Indian River),28.475083,-80.766533,0.2,0.0,Not present/background
2018-11-08,NASA Causeway; SE side of (Indian River),28.52641,-80.7391,0.2,0.0,Not present/background
2018-11-08,Parrish Park Boat Ramp (Indian River),28.62365,-80.795517,0.2,0.0,Not present/background
2018-11-08,Sunrise Park (Mosquito Lagoon),28.874655,-80.840293,1.0,0.0,Not present/background
2018-11-08,River Breeze Boat Ramp (Mosquito Lagoon),28.898532,-80.851655,1.0,0.0,Not present/background
2018-11-08,Seahorse Key; 8.4 mi SW of,29.02313,-83.18087,0.5,0.0,Not present/background
2018-11-08,Seahorse Key; 2.5 mi SW of,29.08132,-83.1102,0.5,0.0,Not present/background
2018-11-08,Seahorse Key; NE of,29.106333,-83.051667,0.5,0.0,Not present/background
2018-11-08,Tripod Point; 3.3 mi SW of,29.137167,-82.95,0.5,0.0,Not present/background
2018-11-08,Derrick Key; S of,29.1865,-83.084333,0.5,0.0,Not present/background
2018-11-08,Moody Lane Boat Ramp (Matanzas River),29.477117,-81.136103,0.5,0.0,Not present/background
2018-11-08,Fort Matanzas National Monument; SE of (Matanzas Inlet),29.703333,-81.233056,0.5,0.0,Not present/background
2018-11-08,Peninsular Circle; N of (Alligator Harbor),29.904,-84.3715,0.1,0.0,Not present/background
2018-11-08,Alligator Point Marina; N of (Alligator Harbor),29.906333,-84.418,0.1,0.0,Not present/background
2018-11-08,St. Teresa; S of (Alligator Harbor),29.925667,-84.45083,0.1,0.0,Not present/background
2018-11-08,St. Johns Inland,30.391,-81.4648,0.3,0.0,Not present/background
2018-11-08,St. Johns Inlet,30.4056,-81.4086,0.3,0.0,Not present/background
2018-11-08,Ft. George Inlet,30.4204,-81.4201,0.3,0.0,Not present/background
2018-11-08,Piney Point; 1.2 mi N of  (Choctawhatchee Bay),30.427583,-86.487306,0.5,48333.0,Low
2018-11-08,Fourmile Point; N of (Choctawhatchee Bay),30.428194,-86.313028,0.5,0.0,Not present/background
2018-11-08,Ft. George Inland,30.4411,-81.439,0.3,0.0,Not present/background
2018-11-08,Motes Point; S of (Choctawhatchee Bay),30.444917,-86.184194,0.5,0.0,Not present/background
2018-11-08,White Point; S of (Choctawhatchee Bay),30.445,-86.421472,0.5,0.0,Not present/background
2018-11-08,Nassau Inlet,30.5134,-81.4576,0.3,0.0,Not present/background
2018-11-08,St. Marys Inlet,30.7012,-81.4269,0.3,0.0,Not present/background
2018-11-09,Big Marco Pass,25.970976,-81.748707,0.5,1333.0,Very low
2018-11-09,Gordon Pass; W of,26.09117,-81.806103,0.5,95667.0,Low
2018-11-09,Captiva Pass; E of,26.61,-82.21,0.5,194333.0,Medium
2018-11-09,Cayo Costa; 4 mi W of,26.62,-82.29,0.5,4667.0,Very low
2018-11-09,Lido Key Beach,27.3123,-82.5781,0.5,883120.0,Medium
2018-11-09,Ringling Bridge Causeway Park (Sarasota Bay),27.327686,-82.561226,0.5,297323.0,Medium
2018-11-09,Bay Dock (Sarasota Bay),27.3316,-82.5779,0.5,4880000.0,High
2018-11-09,New Pass Dock (Sarasota Bay),27.33375,-82.57938,0.5,5500000.0,High
2018-11-09,Bean Point Beach; 21 mi W of,27.4878,-83.083,0.5,1667.0,Very low
2018-11-09,Sunshine Skyway Bridge; E of (Lower Tampa Bay),27.633017,-82.672283,0.5,226100.0,Medium
2018-11-09,Cow and Calf Key; NE of (Main Channel),27.686233,-82.684033,0.5,391020.0,Medium
2018-11-09,Bird Key (Pass-A-Grille Channel),27.697038,-82.716083,0.5,143667.0,Medium
2018-11-09,Treasure Island; 5.1 mi W of,27.750467,-82.847033,0.5,941640.0,Medium
2018-11-09,Treasure Island; 24 mi W of,27.75765,-83.1508,0.5,0.0,Not present/background
2018-11-10,Stump Pass; SW of,26.888917,-82.3468,0.5,2154600.0,High
2018-11-10,Mockingbird Street; E of (Peterson Cut),26.9174,-82.3522,0.5,3271800.0,High
2018-11-10,Fort De Soto Boat Ramp (Mullet Key Bayou),27.645352,-82.718106,0.5,215333.0,Medium
2018-11-10,Dixie Highway Bridge; E of (Indian River),27.85566,-80.49085,0.5,0.0,Not present/background
2018-11-11,Teakettle Key; E of,24.744583,-81.248611,0.3,0.0,Not present/background
2018-11-11,Punta Blanca Island; W of (Pelican Bay),26.6865,-82.2405,0.5,9333.0,Very low
2018-11-11,Boca Grande; E of (Charlotte Harbor),26.737167,-82.254167,0.5,0.0,Not present/background
2018-11-11,Barefoot Bay Pier (Indian River),27.88507,-80.5008,0.5,0.0,Not present/background
2018-11-11,Tropic; SW of (Indian River),28.1505,-80.635,0.5,0.0,Not present/background
2018-11-11,Shell Island State Park Beach; W of,30.118134,-85.73157,0.3,202367.0,Medium
2018-11-11,St. Andrews State Park Sandy Point (Grand Lagoon),30.130934,-85.72241,0.3,1582611.0,High
2018-11-12,Darwin Beach; W of (Bear Cut),25.7313,-80.1645,0.5,0.0,Not present/background
2018-11-12,Venice Beach,27.100003,-82.460881,0.5,0.0,Not present/background
2018-11-12,Sandsprit Park Boat Ramp (Manatee Pocket),27.162256,-80.1939,0.5,0.0,Not present/background
2018-11-12,Bathtub Beach,27.187033,-80.160417,0.5,0.0,Not present/background
2018-11-12,Jensen Beach Causeway North Boat Ramp (Indian River),27.2527,-80.2224,0.5,0.0,Not present/background
2018-11-12,Jensen Beach,27.253567,-80.194917,0.5,0.0,Not present/background
2018-11-12,Bay Dock (Sarasota Bay),27.3316,-82.5779,0.5,5360000.0,High
2018-11-12,New Pass Dock (Sarasota Bay),27.33375,-82.57938,0.5,1878000.0,High
2018-11-12,MarineMax Marina (Bear Creek),27.754803,-82.733471,0.5,6888250.0,High
2018-11-12,123rd Avenue Boat Ramp (Boca Ciega Bay),27.778977,-82.778433,0.5,4995480.0,High
2018-11-12,Diamond Bay (Banana River),28.35034,-80.61298,0.5,0.0,Not present/background
2018-11-13,Spanish Harbor Wayside (Spanish Harbor),24.649755,-81.317407,0.2,0.0,Not present/background
2018-11-13,South Marco Beach,25.91165,-81.72805,0.5,2333.0,Very low
2018-11-13,Naples Pier,26.13163,-81.8063,0.5,0.0,Not present/background
2018-11-13,Sea Ranch Lakes; 1.6 mi E of,26.205561,-80.066203,1.0,1333.0,Very low
2018-11-13,Sea Ranch Lakes; 1.6 mi E of,26.205561,-80.066203,13.0,2667.0,Very low
2018-11-13,Seagate,26.2073,-81.8169,0.5,0.0,Not present/background
2018-11-13,Vanderbilt Beach,26.25375,-81.82377,0.5,0.0,Not present/background
2018-11-13,Barefoot Beach State Preserve,26.30481,-81.8362,0.5,0.0,Not present/background
2018-11-13,Buck Key; S of (Blind Pass),26.488,-82.1815,0.2,0.0,Not present/background
2018-11-13,York Island; W of (Pine Island Sound),26.4887,-82.1073,0.2,2333.0,Very low
2018-11-13,Buck Key; 1.9 mi NE of (Pine Island Sound),26.532117,-82.15667,0.2,333.0,Not present/background
2018-11-13,Regla Island; W of (Pine Island Sound),26.538,-82.1257,0.2,0.0,Not present/background
2018-11-13,Redfish Pass (Pine Island Sound),26.5535,-82.1963,0.2,0.0,Not present/background
2018-11-13,Redfish Pass; 1.8 mi E of (Pine Island Sound),26.560417,-82.170817,0.2,667.0,Not present/background
2018-11-13,Cork Island; W of (Pine Island Sound),26.5767,-82.1347,0.2,667.0,Not present/background
2018-11-13,Hemp Key; S of (Pine Island Sound),26.5902,-82.1561,0.2,0.0,Not present/background
2018-11-13,Captiva Rocks; SW of (Pine Island Sound),26.59925,-82.18463,0.2,51667.0,Low
2018-11-13,Captiva Pass,26.6092,-82.221,0.2,14333.0,Low
2018-11-13,Mondongo Island; W of (Pine Island Sound),26.6798,-82.2196,0.2,2667.0,Very low
2018-11-13,Little Bokeelia Island; N of (Charlotte Harbor),26.705,-82.1837,0.2,0.0,Not present/background
2018-11-13,Boca Grande Pass,26.7117,-82.2583,0.5,0.0,Not present/background
2018-11-13,Caspersen Beach,27.058024,-82.444191,0.5,4783658.0,High
2018-11-13,Venice Fishing Pier,27.0726,-82.4529,0.3,1000.0,Not present/background
2018-11-13,St. Armands Key; N of (Pansy Bayou),27.3225,-82.5803,0.5,3694740.0,High
2018-11-13,Bay Dock (Sarasota Bay),27.3316,-82.5779,0.5,23300000.0,High
2018-11-13,Marina Jack (Sarasota Bay),27.3324,-82.5462,0.5,4333.0,Very low
2018-11-13,New Pass Dock (Sarasota Bay),27.33375,-82.57938,0.5,1600000.0,High
2018-11-13,Blind Creek Beach; 1.4 mi E of,27.359583,-80.224267,0.5,0.0,Not present/background
2018-11-13,Atlas Street; W of,27.4003,-82.6515,0.5,0.0,Not present/background
2018-11-13,Middle Cove Beach; 1.1 mi E of,27.401333,-80.244717,0.5,0.0,Not present/background
2018-11-13,Longboat Pass Boat Ramp (Sarasota Bay),27.44602,-82.68798,0.5,572853.0,Medium
2018-11-13,Cortez Beach,27.4621,-82.6992,0.5,203573.0,Medium
2018-11-13,Palma Sola Bay Bridge,27.4959,-82.6522,0.5,147475.0,Medium
2018-11-13,Pepper Park Beachside; E of,27.498733,-80.288933,0.5,0.0,Not present/background
2018-11-13,Garfield Cut; W of (Indian River),27.51465,-80.33528,0.5,0.0,Not present/background
2018-11-13,Mead Point (Lower Tampa Bay),27.51477,-82.68395,0.2,168333.0,Medium
2018-11-13,School Key; NE of (Lower Tampa Bay),27.529833,-82.704,0.2,840600.0,Medium
2018-11-13,Anna Maria Island Rod & Reel Pier (Lower Tampa Bay),27.5385,-82.7402,0.5,529267.0,Medium
2018-11-13,Big Starvation Cove (Indian River),27.55086,-80.33119,0.5,0.0,Not present/background
2018-11-13,Round Island; W of (Indian River),27.55483,-80.3425,0.5,0.0,Not present/background
2018-11-13,Fletcher Point (Lower Tampa Bay),27.58512,-82.61482,0.5,333.0,Not present/background
2018-11-13,South Skyway Rest Area; NW of (Lower Tampa Bay),27.587433,-82.61895,0.2,86333.0,Low
2018-11-13,South Skyway Causeway; NE end of (Lower Tampa Bay),27.59275,-82.629067,0.2,324306.0,Medium
2018-11-13,Joe Island; N of (Lower Tampa Bay),27.595514,-82.5912,0.2,55000.0,Low
2018-11-13,Skyway Fishing Pier; South (Lower Tampa Bay),27.6055,-82.6508,0.5,320011.0,Medium
2018-11-13,Mullet Key; Gulf Pier,27.6133,-82.7391,0.5,196633.0,Medium
2018-11-13,Little Redfish Creek; 1.1 mi NW of (Lower Tampa Bay),27.632617,-82.5782,0.2,143667.0,Medium
2018-11-13,FWRI Peninsula; SE tip of (Bayboro Harbor),27.759803,-82.631267,0.5,333.0,Not present/background
2018-11-13,FWRI Peninsula; SE tip of (Bayboro Harbor),27.759803,-82.631267,4.5,0.0,Not present/background
2018-11-13,La Contessa Pier,27.8121,-82.81915,0.5,26710056.0,High
2018-11-13,Clearwater Pass,27.96035,-82.8243,0.5,10333.0,Low
2018-11-13,Clearwater Pass; 6.2 mi W of,27.966667,-82.933333,0.5,1333.0,Very low
2018-11-13,Clearwater Pass; 1 mi W of,27.97,-82.846667,0.5,0.0,Not present/background
2018-11-13,Geiger Point; Melbourne Causeway at (Indian River),28.08245,-80.59505,0.5,0.0,Not present/background
2018-11-13,Eau Gallie Pier (Indian River),28.13248,-80.62418,0.5,0.0,Not present/background
2018-11-13,Howard Park; S of,28.145278,-82.808889,0.5,0.0,Not present/background
2018-11-13,Anclote Key; SE of,28.151667,-82.831667,0.5,0.0,Not present/background
2018-11-13,Bird Key; 1.1 mi NW of (Anclote Anchorage),28.184444,-82.818333,0.5,0.0,Not present/background
2018-11-13,North Anclote Key; 1.8 mi N of,28.2375,-82.836667,0.5,333.0,Not present/background
2018-11-13,Ramp Road Park Boat Ramp (Banana River),28.309033,-80.614283,0.5,0.0,Not present/background
2018-11-13,520 Slick Boat Ramp (Banana River),28.357133,-80.62844,0.5,0.0,Not present/background
2018-11-13,Kelly Park (Banana River),28.4017,-80.66245,0.5,0.0,Not present/background
2018-11-13,Port St. John Boat Ramp (Indian River),28.475083,-80.766533,0.5,0.0,Not present/background
2018-11-13,NASA Causeway; SE side of (Indian River),28.52641,-80.7391,0.5,0.0,Not present/background
2018-11-13,Pine Island; 18 mi W of,28.583333,-82.953333,0.5,0.0,Not present/background
2018-11-13,Lemon Grove Island; 6 mi W of,28.595,-82.765,0.5,0.0,Not present/background
2018-11-13,Harbor Pointe Marina (Indian River),28.615731,-80.802278,0.5,0.0,Not present/background
2018-11-13,Parrish Park Boat Ramp (Indian River),28.62365,-80.795517,0.5,0.0,Not present/background
2018-11-13,Bird Island; W of (Chassahowitzka Bay),28.675,-82.69167,0.3,0.0,Not present/background
2018-11-13,Bulow Oaks East; N of (Halifax River),29.425464,-81.111586,0.5,0.0,Not present/background
2018-11-13,Trail Run; E of (Halifax River),29.434417,-81.114744,0.5,0.0,Not present/background
2018-11-13,Neptune Street; N of (Indian Lagoon),29.683,-85.237667,0.5,0.0,Not present/background
2018-11-13,Indian Pass Boat Ramp (St. Vincent Sound),29.68305,-85.22203,0.5,0.0,Not present/background
2018-11-13,Fort Matanzas Bridge (Matanzas Inlet),29.704917,-81.22786,0.2,0.0,Not present/background
2018-11-13,Fort Matanzas National Monument Dock (Matanzas Inlet),29.714528,-81.23508,0.2,0.0,Not present/background
2018-11-13,Millender Street; S of (St. George Sound),29.7301,-84.88478,0.1,0.0,Not present/background
2018-11-14,Harbor Key; 4.2 mi NW of,24.8887,-81.4529,0.2,0.0,Not present/background
2018-11-14,Harbor Key; 5.8 mi N of,24.9128,-81.4392,0.2,0.0,Not present/background
2018-11-14,Big Spanish Key; 8 mi N of,24.9317,-81.4076,0.2,0.0,Not present/background
2018-11-14,Big Spanish Key; 9 mi N of,24.9436,-81.3729,0.2,0.0,Not present/background
2018-11-14,North City Beach Park,25.9862,-80.1173,0.5,0.0,Not present/background
2018-11-14,Hollywood North Beach Park,26.035,-80.1135,0.5,0.0,Not present/background
2018-11-14,Dania Beach Fishing Pier,26.058006,-80.10887,0.5,0.0,Not present/background
2018-11-14,Birch State Park Beach,26.1417,-80.1019,0.5,0.0,Not present/background
2018-11-14,Anglins Pier,26.1897,-80.0944,0.5,0.0,Not present/background
2018-11-14,Pompano Beach,26.2324,-80.0884,0.5,0.0,Not present/background
2018-11-14,Deerfield Beach,26.3163,-80.0747,0.5,0.0,Not present/background
2018-11-14,Bonita Beach Park,26.33105,-81.84574,0.5,0.0,Not present/background
2018-11-14,South Inlet Park,26.3335,-80.0718,0.5,0.0,Not present/background
2018-11-14,Bonita Beach (Estero Bay),26.35497,-81.84452,0.1,0.0,Not present/background
2018-11-14,Spanish River Park,26.378618,-80.066555,0.5,333.0,Not present/background
2018-11-14,Long Key (Estero Bay),26.38591,-81.84631,0.2,667.0,Not present/background
2018-11-14,Lovers Key State Park,26.3901,-81.8795,0.5,155667.0,Medium
2018-11-14,Tarpon Bay Road Beach,26.4217,-82.0801,0.5,460280.0,Medium
2018-11-14,Estero Island (Estero Bay),26.43494,-81.91138,0.6,333.0,Not present/background
2018-11-14,Lighthouse Beach,26.45157,-82.01543,0.5,8548311.0,High
2018-11-14,Lynn Hall Park,26.45398,-81.95776,0.5,807840.0,Medium
2018-11-14,Delray Public Beach,26.461,-80.0571,0.5,1000.0,Not present/background
2018-11-14,Merwin Key; W of (San Carlos Bay),26.500278,-82.0475,0.2,0.0,Not present/background
2018-11-14,Gulfstream Park,26.5049,-80.0509,0.5,667.0,Not present/background
2018-11-14,Alison Hagerup Beach Park,26.5264,-82.1945,0.5,0.0,Not present/background
2018-11-14,Ocean Inlet Park,26.5443,-80.0429,0.5,333.0,Not present/background
2018-11-14,Deer Stop Keys; SW of (Matlacha Pass),26.5627,-82.0704,1.2,0.0,Not present/background
2018-11-14,McCardle Island; SW of (Matlacha Pass),26.5857,-82.0645,0.2,0.0,Not present/background
2018-11-14,R. G. Kreusler Park,26.6163,-80.0362,0.5,1667.0,Very low
2018-11-14,Porpoise Point Island; SW of (Matlacha Pass),26.625,-82.0742,1.2,0.0,Not present/background
2018-11-14,Ben Coleman Keys (Matlacha Pass),26.6678,-82.0946,0.7,0.0,Not present/background
2018-11-14,Palm Beach Municipal Beach,26.6998,-80.0328,0.5,4333.0,Very low
2018-11-14,Jug Creek Point; E of (Matlacha Pass),26.7003,-82.1208,0.2,0.0,Not present/background
2018-11-14,Boca Grande Pass,26.7117,-82.2583,0.2,1000.0,Not present/background
2018-11-14,Cayo Pelau; 2 mi S of (Charlotte Harbor),26.74065,-82.2145,0.2,667.0,Not present/background
2018-11-14,Bull Key; NW of (Bull Bay),26.782417,-82.209383,0.2,0.0,Not present/background
2018-11-14,Phil Foster Park (Lake Worth),26.7832,-80.0416,0.5,2667.0,Very low
2018-11-14,Cayo Pelau; N of (Gasparilla Sound),26.786021,-82.223062,0.2,0.0,Not present/background
2018-11-14,Ocean Reef Park,26.794,-80.0313,0.5,1000.0,Not present/background
2018-11-14,Sandfly Key; NE of (Gasparilla Sound),26.798,-82.231,0.2,1000.0,Not present/background
2018-11-14,Boca Grande Pier (Gasparilla Sound),26.80562,-82.27415,0.5,88035.0,Low
2018-11-14,Gasparilla Pass,26.816167,-82.2805,0.2,662340.0,Medium
2018-11-14,Catfish Creek; mouth of (Gasparilla Sound),26.8164,-82.2526,0.2,215460.0,Medium
2018-11-14,Garfield Court; SW of (Placida Harbor),26.8385,-82.2795,0.2,1615238.0,High
2018-11-14,Juno Beach Fishing Pier,26.893715,-80.0542,0.5,667.0,Not present/background
2018-11-14,Stump Pass (Lemon Bay),26.898667,-82.339333,0.2,1370880.0,High
2018-11-14,Englewood Beach,26.92467,-82.36189,0.5,825089.0,Medium
2018-11-14,Tom Adams Bridge; S of (Lemon Bay),26.9307,-82.3498,0.2,1858440.0,High
2018-11-14,Blind Pass Beach; E of (Lemon Bay),26.96324,-82.3747,0.2,333.0,Not present/background
2018-11-14,Bay Dock (Sarasota Bay),27.3316,-82.5779,0.5,1932000.0,High
2018-11-14,New Pass Dock (Sarasota Bay),27.33375,-82.57938,0.5,2396000.0,High
2018-11-14,Maximo Beach (Sunshine Skyway Channel),27.70957,-82.68282,0.5,219767.0,Medium
2018-11-14,Juan Ponce de Leon Landing,28.0113,-80.5297,0.3,0.0,Not present/background
2018-11-14,Macfarlane Street; W of (Indian River),28.015,-80.5387,0.5,0.0,Not present/background
2018-11-14,Ballyshannon Street; E of,28.0164,-80.532,0.5,0.0,Not present/background
2018-11-14,Coconut Point Park,28.0229,-80.5352,0.3,0.0,Not present/background
2018-11-14,Spessard Holland Park,28.0475,-80.5467,0.3,0.0,Not present/background
2018-11-14,James Nance Park,28.0927,-80.5642,0.3,0.0,Not present/background
2018-11-14,Pelican Beach Park,28.1683,-80.5871,0.3,0.0,Not present/background
2018-11-14,Hawksbill Island Drive; canal E of (Banana River),28.198262,-80.612495,0.5,0.0,Not present/background
2018-11-14,Robert P. Murkshe Memorial Park; N of,28.2916,-80.6064,0.3,0.0,Not present/background
2018-11-14,Minutemen Causeway; E of,28.3184,-80.6069,0.3,0.0,Not present/background
2018-11-14,Robert Strickland Memorial Park; 2.4 mi W of,28.363056,-82.75,0.5,0.0,Not present/background
2018-11-14,Cocoa Beach Pier; S of,28.3675,-80.6015,0.3,0.0,Not present/background
2018-11-14,Cherie Down Park,28.3914,-80.5955,0.3,0.0,Not present/background
2018-11-14,Indian Key; 1.7 mi W of,28.451944,-82.713056,0.5,0.0,Not present/background
2018-11-14,NASA Causeway; N of (Indian River),28.52811,-80.76569,0.5,0.0,Not present/background
2018-11-14,Shell Island; 2.6 mi W of (Crystal Bay),28.925,-82.74167,0.1,0.0,Not present/background
2018-11-14,Pensacola Beach Pier,30.3298,-87.1423,0.5,61000.0,Low
2018-11-14,Fort Pickens Fishing Pier (Sherman Inlet),30.331,-87.293,0.5,38333.0,Low
2018-11-14,North Bob Sikes Fishing Pier; W of (English Navy Cove),30.3519,-87.1569,0.5,29667.0,Low
2018-11-14,Navarre Pier,30.376,-86.8631,0.5,82000.0,Low
2018-11-14,Navarre Pier,30.376,-86.8631,0.5,383628.0,Medium
2018-11-15,Naples Pier,26.13163,-81.8063,0.5,1667.0,Very low
2018-11-15,North Ocean Park,26.254005,-80.083793,0.5,0.0,Not present/background
2018-11-15,Hillsboro Inlet,26.256957,-80.083053,0.5,0.0,Not present/background
2018-11-15,Pelican Landing Beach Park; E of (New Pass),26.376933,-81.860814,0.5,1333.0,Very low
2018-11-15,Lighthouse Beach Park,26.450416,-82.016332,0.5,303333.0,Medium
2018-11-15,Fort Myers Beach Pier,26.451677,-81.957213,0.5,61333.0,Low
2018-11-15,Sanibel Island Northern Beach Pier,26.454832,-82.015468,0.5,76667.0,Low
2018-11-15,Sanibel Harbour Marina; NW of,26.486814,-82.013489,0.5,0.0,Not present/background
2018-11-15,Gasparilla Island State Park; 3.6 mi E of (Charlotte Harbor),26.72155,-82.200433,0.5,333.0,Not present/background
2018-11-15,Burnt Store Marina; 4.8 mi W of (Charlotte Harbor),26.758233,-82.136967,0.5,1333.0,Very low
2018-11-15,Cormorant Key; 3.3 mi W of (Charlotte Harbor),26.83625,-82.117867,0.5,667.0,Not present/background
2018-11-15,Stump Pass,26.895,-82.341,0.3,1695750.0,High
2018-11-15,Florida Avenue; W of (Lemon Bay),26.911,-82.335,0.3,1607970.0,High
2018-11-15,Bay Dock (Sarasota Bay),27.3316,-82.5779,0.5,596000.0,Medium
2018-11-15,New Pass Dock (Sarasota Bay),27.33375,-82.57938,0.5,524000.0,Medium
2018-11-15,Clearwater Beach Pier 60,27.9777,-82.8323,0.5,125000.0,Medium
2018-11-15,Crooked River Road; S of (St. George Sound),29.8825,-84.56283,0.5,0.0,Not present/background
2018-11-15,Royal Tern Way; S of (St. George Sound),29.89533,-84.55533,0.5,0.0,Not present/background
2018-11-15,Turkey Point; SE of (St. George Sound),29.90333,-84.48667,0.5,0.0,Not present/background
2018-11-15,Firefly Circle; SW of (St. George Sound),29.90917,-84.52617,0.5,0.0,Not present/background
2018-11-15,Earl Gilbert Park Boat Ramp (East Bay),30.10516,-85.60401,0.5,3333.0,Very low
2018-11-15,Carl Gray Park (West Bay),30.1877,-85.7286,0.5,0.0,Not present/background
2018-11-15,Lynn Haven Boat Ramp (North Bay),30.2541,-85.6461,0.5,0.0,Not present/background
2018-11-16,Big Sarasota Pass,27.2988,-82.5599,0.5,472189.0,Medium
2018-11-16,Bay Dock (Sarasota Bay),27.3316,-82.5779,0.5,442000.0,Medium
2018-11-16,New Pass Dock (Sarasota Bay),27.33375,-82.57938,0.5,864000.0,Medium
2018-11-16,Bird Island; 7.4 mi W of,29.583333,-83.531667,0.5,0.0,Not present/background
2018-11-16,Bird Island; 2.5 mi SW of,29.5928,-83.4471,0.5,0.0,Not present/background
2018-11-16,Tyndall AFB; W of (St. Andrew Bay),30.0768,-85.6222,0.5,104000.0,Medium
2018-11-16,Spanish Ante; E of (St. Andrew Bay),30.09017,-85.66658,0.5,68333.0,Low
2018-11-16,Davis Point; SE of (St. Andrew Bay),30.11367,-85.682,0.5,12333.0,Low
2018-11-16,Laird Point; SW of (East Bay),30.11833,-85.535,0.5,0.0,Not present/background
2018-11-16,Ferry Point; S of (East Bay),30.12167,-85.6192,0.5,104333.0,Medium
2018-11-16,Redfish Point; SW of (St. Andrew Bay),30.136333,-85.67683,0.5,57308.0,Low
2018-11-16,Delwood Beach (St. Andrew Bay),30.1415,-85.7125,0.5,333.0,Not present/background
2018-11-16,Harrison Bayou; NE of (West Bay),30.23333,-85.75667,0.5,0.0,Not present/background
2018-11-17,Joe Island; N of (Tampa Bay),27.599,-82.597,0.5,42667.0,Low
2018-11-17,Pine Log Island; 3.3 mi SW of,29.625,-83.45833,0.3,0.0,Not present/background
2018-11-18,North Point Beach (Marco Bay),25.969722,-81.740745,0.1,0.0,Not present/background
2018-11-18,Lovers Key State Park; 5.2 mi W of,26.396167,-81.9688,0.3,53000.0,Low
2018-11-18,Fort Myers Beach; 1.6 mi SW of,26.433167,-81.9685,0.3,667.0,Not present/background
2018-11-18,Charlotte Harbor Preserve State Park; 1.2 mi E of (Charlotte Harbor),26.81505,-82.13085,0.5,0.0,Not present/background
2018-11-18,Rio Lisbo Court; canal N of (Charlotte Harbor),26.91414,-82.07979,0.5,0.0,Not present/background
2018-11-18,Sandsprit Park Boat Ramp (Manatee Pocket),27.162256,-80.1939,0.7,0.0,Not present/background
2018-11-18,Fletcher Beach; 7.8 mi E of,27.205056,-80.042778,1.0,0.0,Not present/background
2018-11-18,Indian Riverside Park Pier (Indian River),27.224761,-80.211264,0.7,0.0,Not present/background
2018-11-18,East Midway Road; N of (Indian River),27.38745,-80.2971,0.5,0.0,Not present/background
2018-11-18,Indian River Veterans Memorial Park Boat Ramp (Indian River),27.451811,-80.322742,1.0,0.0,Not present/background
2018-11-18,Dixie Highway Bridge; E of (Indian River),27.85566,-80.49085,0.5,0.0,Not present/background
2018-11-18,Coast Guard Station Sand Key (Clearwater Harbor),27.946389,-82.830556,0.5,71667.0,Low
2018-11-18,Clearwater Pass,27.965833,-82.831389,0.5,32000.0,Low
2018-11-18,Bird Key; W of,28.018267,-82.8288,0.3,333.0,Not present/background
2018-11-18,Honeymoon Island State Park; E of,28.060833,-82.811733,0.3,0.0,Not present/background
2018-11-18,Three Rooker Island; S of,28.103017,-82.834583,0.3,0.0,Not present/background
2018-11-18,Howard Park; S of (St. Joseph Sound),28.151233,-82.806167,0.3,0.0,Not present/background
2018-11-18,Howard Park Causeway; S of (St Joseph Sound),28.15319,-82.80179,1.0,0.0,Not present/background
2018-11-18,Anclote Gulf Park Pier (Anclote Anchorage),28.1925,-82.7881,1.0,0.0,Not present/background
2018-11-18,Robert K. Rees Memorial Park,28.2535,-82.7573,1.0,0.0,Not present/background
2018-11-18,Diamond Bay (Banana River),28.35034,-80.61298,0.5,0.0,Not present/background
2018-11-18,Hudson Beach Park,28.3628,-82.7095,1.0,0.0,Not present/background
2018-11-18,Pine Island; 2.1 mi W of,28.575,-82.69167,0.3,0.0,Not present/background
2018-11-19,Lower Arsnicker Keys; 7.2 mi W of,24.9159,-80.943,0.2,0.0,Not present/background
2018-11-19,Upper Arsnicker Keys; 8.5 mi NW of,24.93815,-80.9653,0.2,0.0,Not present/background
2018-11-19,Sandy Key; 5.2 mi SW of,24.96038,-80.98737,0.2,0.0,Not present/background
2018-11-19,Sandy Key; 3.4 mi S of,24.98417,-81.0118,0.2,0.0,Not present/background
2018-11-19,Darwin Beach; W of (Bear Cut),25.7313,-80.1645,0.5,0.0,Not present/background
2018-11-19,South Marco Beach,25.91165,-81.72805,0.5,0.0,Not present/background
2018-11-19,North City Beach Park,25.9862,-80.1173,0.5,0.0,Not present/background
2018-11-19,Hollywood North Beach Park,26.035,-80.1135,0.5,0.0,Not present/background
2018-11-19,Dania Beach Fishing Pier,26.058006,-80.10887,0.5,0.0,Not present/background
2018-11-19,Naples Pier,26.13163,-81.8063,0.5,0.0,Not present/background
2018-11-19,Birch State Park; E of,26.1417,-80.1019,,0.0,Not present/background
2018-11-19,Anglins Fishing Pier; N of,26.1897,-80.0944,0.5,0.0,Not present/background
2018-11-19,Seagate,26.2073,-81.8169,0.5,0.0,Not present/background
2018-11-19,Pompano Beach,26.2324,-80.0884,0.5,0.0,Not present/background
2018-11-19,Vanderbilt Beach,26.25375,-81.82377,0.5,0.0,Not present/background
2018-11-19,Wiggins Pass; 32 mi W of,26.28597,-82.34245,0.5,968000.0,Medium
2018-11-19,Wiggins Pass; 32 mi W of,26.28597,-82.34245,15.1,414000.0,Medium
2018-11-19,Barefoot Beach State Preserve,26.30481,-81.8362,0.5,0.0,Not present/background
2018-11-19,Barefoot Beach; 10 mi W of,26.3141,-82.00202,0.5,1896000.0,High
2018-11-19,Barefoot Beach; 10 mi W of,26.3141,-82.00202,9.4,244000.0,Medium
2018-11-19,Deerfield Beach,26.3163,-80.0747,0.5,0.0,Not present/background
2018-11-19,Bonita Beach Park,26.33105,-81.84574,0.5,0.0,Not present/background
2018-11-19,South Inlet Park,26.3335,-80.0718,0.5,1333.0,Very low
2018-11-19,Tarpon Bay Road Beach; 6.2 mi SW of,26.339,-82.119,0.5,272000.0,Medium
2018-11-19,Tarpon Bay Road Beach; 6.2 mi SW of,26.339,-82.119,9.3,10000.0,Very low
2018-11-19,Spanish River Park,26.378618,-80.066555,0.5,1000.0,Not present/background
2018-11-19,Sanibel Beach; 4.9 mi SE of,26.3878,-81.97891,0.5,568000.0,Medium
2018-11-19,Sanibel Beach; 4.9 mi SE of,26.3878,-81.97891,6.6,0.0,Not present/background
2018-11-19,Sanibel Beach; 4.9 mi SE of,26.3878,-81.97891,0.5,706000.0,Medium
2018-11-19,Lovers Key State Park,26.3901,-81.8795,0.5,5000.0,Very low
2018-11-19,Bowmans Beach; 4 mi SW of,26.41634,-82.2026,0.5,634000.0,Medium
2018-11-19,Bowmans Beach; 4 mi SW of,26.41634,-82.2026,7.8,38000.0,Low
2018-11-19,Tarpon Bay Road Beach,26.4217,-82.0801,0.5,0.0,Not present/background
2018-11-19,Lighthouse Beach,26.45157,-82.01543,0.5,0.0,Not present/background
2018-11-19,Lynn Hall Park,26.45398,-81.95776,0.5,0.0,Not present/background
2018-11-19,Delray Public Beach,26.461,-80.0571,0.5,0.0,Not present/background
2018-11-19,Merwin Key; W of (San Carlos Bay),26.500278,-82.0475,0.2,0.0,Not present/background
2018-11-19,Captiva Island; 5.2 mi W of,26.50312,-82.27413,0.5,23300000.0,High
2018-11-19,Captiva Island; 5.2 mi W of,26.50312,-82.27413,8.8,542000.0,Medium
2018-11-19,Gulfstream Park,26.5049,-80.0509,0.5,0.0,Not present/background
2018-11-19,Alison Hagerup Beach Park,26.5264,-82.1945,0.5,333.0,Not present/background
2018-11-19,Buck Key; 1.9 mi NE of (Pine Island Sound),26.532117,-82.15667,0.2,0.0,Not present/background
2018-11-19,Regla Island; W of (Pine Island Sound),26.538,-82.1257,0.2,0.0,Not present/background
2018-11-19,Ocean Inlet Park,26.5443,-80.0429,0.5,333.0,Not present/background
2018-11-19,Redfish Pass; 1.8 mi E of (Pine Island Sound),26.560417,-82.170817,0.2,26667.0,Low
2018-11-19,Cork Island; W of (Pine Island Sound),26.5767,-82.1347,0.2,0.0,Not present/background
2018-11-19,McCardle Island; SW of (Matlacha Pass),26.5857,-82.0645,0.2,0.0,Not present/background
2018-11-19,Hemp Key; S of (Pine Island Sound),26.5902,-82.1561,0.2,0.0,Not present/background
2018-11-19,Captiva Rocks; SW of (Pine Island Sound),26.59925,-82.18463,0.2,0.0,Not present/background
2018-11-19,Captiva Pass; 4.2 mi W of,26.61003,-82.29105,0.5,50200000.0,High
2018-11-19,Captiva Pass; 4.2 mi W of,26.61003,-82.29105,9.2,524000.0,Medium
2018-11-19,R. G. Kreusler Park,26.6163,-80.0362,0.5,667.0,Not present/background
2018-11-19,Palm Beach Municipal Beach,26.6998,-80.0328,0.5,0.0,Not present/background
2018-11-19,Cayo Costa; 20 mi W of,26.7002,-82.5727,0.5,159000.0,Medium
2018-11-19,Jug Creek Point; E of (Matlacha Pass),26.7003,-82.1208,0.2,43000.0,Low
2018-11-19,Boca Grande Pass; 2 mi W of,26.70117,-82.28919,0.5,850000.0,Medium
2018-11-19,Boca Grande Pass; 2 mi W of,26.70117,-82.28919,5.0,852000.0,Medium
2018-11-19,Boca Grande Pass,26.7117,-82.2583,0.2,1783530.0,High
2018-11-19,Boca Grande Pass; 15 mi W of,26.714283,-82.504717,0.5,79248.0,Low
2018-11-19,Boca Grande; 10 mi W of,26.71885,-82.425133,0.5,207037.0,Medium
2018-11-19,Boca Grande; 6.7 mi W of,26.720317,-82.372033,0.5,200810.0,Medium
2018-11-19,Cayo Pelau; 2 mi S of (Charlotte Harbor),26.74065,-82.2145,0.2,2262356.0,High
2018-11-19,Bull Key; NW of (Bull Bay),26.782417,-82.209383,0.2,646380.0,Medium
2018-11-19,Phil Foster Park (Lake Worth),26.7832,-80.0416,0.5,333.0,Not present/background
2018-11-19,Cayo Pelau; N of (Gasparilla Sound),26.786021,-82.223062,0.2,2360944.0,High
2018-11-19,Ocean Reef Park,26.794,-80.0313,0.5,0.0,Not present/background
2018-11-19,Gasparilla Pass; 18 mi W of,26.79666,-82.57846,0.5,410000.0,Medium
2018-11-19,Gasparilla Pass; 18 mi W of,26.79666,-82.57846,18.5,400000.0,Medium
2018-11-19,Sandfly Key; NW of (Gasparilla Sound),26.7973,-82.247033,0.5,19813966.0,High
2018-11-19,Sandfly Key; NE of (Gasparilla Sound),26.798,-82.231,0.2,10948560.0,High
2018-11-19,Gasparilla Pass,26.816167,-82.2805,0.2,108333.0,Medium
2018-11-19,Catfish Creek; mouth of (Gasparilla Sound),26.8164,-82.2526,0.2,4595612.0,High
2018-11-19,Little Gasparilla Island; 3.8 mi W of,26.82491,-82.3501,0.5,9600000.0,High
2018-11-19,Little Gasparilla Island; 3.8 mi W of,26.82491,-82.3501,9.3,496000.0,Medium
2018-11-19,Juno Beach Fishing Pier,26.893715,-80.0542,0.5,333.0,Not present/background
2018-11-19,Punta Gorda Beach; 3.3 mi W of,26.91813,-82.41211,0.5,2412000.0,High
2018-11-19,Punta Gorda Beach; 3.3 mi W of,26.91813,-82.41211,9.7,258000.0,Medium
2018-11-19,Manasota Beach; 3.4 mi W of,27.01283,-82.46982,0.5,2052000.0,High
2018-11-19,Manasota Beach; 3.4 mi W of,27.01283,-82.46982,9.4,58000.0,Low
2018-11-19,Hobe Sound Beach,27.066767,-80.114733,0.5,0.0,Not present/background
2018-11-19,Venice Inlet; 3 mi W of,27.11184,-82.51702,0.5,7100000.0,High
2018-11-19,Venice Inlet; 3 mi W of,27.11184,-82.51702,9.9,38000.0,Low
2018-11-19,Casey Key; 18 mi W of,27.1364,-82.76011,0.5,3056000.0,High
2018-11-19,Casey Key; 18 mi W of,27.1364,-82.76011,20.1,146000.0,Medium
2018-11-19,Sandsprit Park Boat Ramp (Manatee Pocket),27.162256,-80.1939,0.5,0.0,Not present/background
2018-11-19,Bathtub Beach,27.187033,-80.160417,0.5,0.0,Not present/background
2018-11-19,Turtle Beach; 4 mi W of,27.20647,-82.57573,0.5,1864000.0,High
2018-11-19,Turtle Beach; 4 mi W of,27.20647,-82.57573,9.6,360000.0,Medium
2018-11-19,Jensen Beach,27.253567,-80.194917,0.5,0.0,Not present/background
2018-11-19,Waveland Beach,27.2754,-80.2051,0.5,0.0,Not present/background
2018-11-19,Lido Beach; 2.3 mi W of,27.30897,-82.61293,0.5,270000.0,Medium
2018-11-19,Lido Beach; 2.3 mi W of,27.30897,-82.61293,8.1,26000.0,Low
2018-11-19,Lido Beach; 2.3 mi W of,27.30897,-82.61293,0.5,1150000.0,High
2018-11-19,Bird Key Pointe (Sarasota Bay),27.3276,-82.5611,0.5,1735683.0,High
2018-11-19,Bay Dock (Sarasota Bay),27.3316,-82.5779,0.5,792000.0,Medium
2018-11-19,New Pass Dock (Sarasota Bay),27.33375,-82.57938,0.5,1610000.0,High
2018-11-19,Longboat Key; 19 mi W of,27.35832,-82.92915,0.5,2000.0,Very low
2018-11-19,Longboat Key; 19 mi W of,27.35832,-82.92915,17.4,6000.0,Very low
2018-11-19,Longboat Key; 4.1 mi W of,27.36557,-82.69319,0.5,1212000.0,High
2018-11-19,Longboat Key; 4.1 mi W of,27.36557,-82.69319,10.5,120000.0,Medium
2018-11-19,Longboat Pass Boat Ramp (Sarasota Bay),27.44602,-82.68798,0.5,1592010.0,High
2018-11-19,Coquina Beach; 4.6 mi W of,27.4504,-82.76839,0.5,1108000.0,High
2018-11-19,Coquina Beach; 4.6 mi W of,27.4504,-82.76839,9.5,196000.0,Medium
2018-11-19,South Beach Park,27.459642,-80.2872,0.5,0.0,Not present/background
2018-11-19,Cortez Beach,27.4621,-82.6992,0.5,202667.0,Medium
2018-11-19,Palma Sola Bay Bridge,27.4959,-82.6522,0.5,25667.0,Low
2018-11-19,Anna Maria Island Rod & Reel Pier (Lower Tampa Bay),27.5385,-82.7402,0.5,226667.0,Medium
2018-11-19,Avalon State Park,27.5386,-80.3153,0.5,0.0,Not present/background
2018-11-19,Egmont Key; 2.3 mi SW of,27.55661,-82.78781,0.5,1876000.0,High
2018-11-19,Egmont Key; 2.3 mi SW of,27.55661,-82.78781,5.5,288000.0,Medium
2018-11-19,Fletcher Point (Lower Tampa Bay),27.58512,-82.61482,0.5,60667.0,Low
2018-11-19,Skyway Fishing Pier; South (Lower Tampa Bay),27.6055,-82.6508,0.5,16000.0,Low
2018-11-19,Mullet Key; Gulf Pier,27.6133,-82.7391,0.5,676650.0,Medium
2018-11-19,Maximo Beach (Sunshine Skyway Channel),27.70957,-82.68282,0.5,193116.0,Medium
2018-11-19,MarineMax Marina (Bear Creek),27.754803,-82.733471,0.5,1496250.0,High
2018-11-19,FWRI Peninsula; SE tip of (Bayboro Harbor),27.759803,-82.631267,0.5,0.0,Not present/background
2018-11-19,FWRI Peninsula; SE tip of (Bayboro Harbor),27.759803,-82.631267,4.5,333.0,Not present/background
2018-11-19,123rd Avenue Boat Ramp (Boca Ciega Bay),27.778977,-82.778433,0.5,1460340.0,High
2018-11-19,La Contessa Pier,27.8121,-82.81915,0.5,3333.0,Very low
2018-11-19,Barefoot Bay Pier (Indian River),27.88507,-80.5008,0.5,0.0,Not present/background
2018-11-19,Clearwater Pass,27.96035,-82.8243,0.5,3167.0,Very low
2018-11-19,Geiger Point; Melbourne Causeway at (Indian River),28.08245,-80.59505,0.2,0.0,Not present/background
2018-11-19,Eau Gallie Pier (Indian River),28.13248,-80.62418,0.2,0.0,Not present/background
2018-11-19,Ramp Road Park Boat Ramp (Banana River),28.309033,-80.614283,0.2,0.0,Not present/background
2018-11-19,520 Slick Boat Ramp (Banana River),28.357133,-80.62844,0.2,0.0,Not present/background
2018-11-19,Kelly Park (Banana River),28.4017,-80.66245,0.2,0.0,Not present/background
2018-11-19,Port St. John Boat Ramp (Indian River),28.475083,-80.766533,0.2,0.0,Not present/background
2018-11-19,NASA Causeway; SE side of (Indian River),28.52641,-80.7391,0.2,0.0,Not present/background
2018-11-19,Parrish Park Boat Ramp (Indian River),28.62365,-80.795517,0.2,0.0,Not present/background
2018-11-19,Apollo Beach; E of,28.858846,-80.775469,1.0,0.0,Not present/background
2018-11-19,Grouper Avenue; E of,28.9544,-80.8372,1.0,0.0,Not present/background
2018-11-19,Chambers Island; 3.9 mi W of,29.0083,-82.82525,0.1,0.0,Not present/background
2018-11-19,Crawford Road; E of,29.0438,-80.895692,0.5,0.0,Not present/background
2018-11-19,Axe Island; 4.1 mi W of,29.30833,-83.24167,0.3,0.0,Not present/background
2018-11-19,Cape St George Island State Reserve; 1 mi SE of,29.595433,-84.9652,1.0,1667.0,Very low
2018-11-19,Sailfish Drive; SE of,29.608483,-84.941167,1.0,9333.0,Very low
2018-11-19,Blacks Island; 1.4 mi S of (St. Joseph Bay),29.70247,-85.33434,0.5,2667.0,Very low
2018-11-19,Pig Island; 0.7 mi E of (St. Joseph Bay),29.70403,-85.35882,0.5,30667.0,Low
2018-11-19,Blacks Island; SE of (St. Joseph Bay),29.71837,-85.32308,0.5,141692.0,Medium
2018-11-19,Eagle Harbor; SE of (St. Joseph Bay),29.7588,-85.3847,0.5,18000.0,Low
2018-11-19,Mid-St. Joseph Bay,29.7848,-85.347,0.5,80428.0,Low
2018-11-19,Patton Bayou; W of (St. Joseph Bay),29.7987,-85.3045,0.5,256394.0,Medium
2018-11-19,St. Joseph Point; 2.1 mi S of (St. Joseph Bay),29.84867,-85.398,0.5,39667.0,Low
2018-11-19,Miramar Beach; 22 mi S of,30.06155,-86.30785,31.9,0.0,Not present/background
2018-11-19,Miramar Beach; 22 mi S of,30.06155,-86.30785,0.5,85617.0,Low
2018-11-19,Pelican Point Golf Course; W of (St. Andrew Bay),30.114444,-85.683333,0.1,328457.0,Medium
2018-11-19,St. Andrew State Park Boat Ramp; N of (Grand Lagoon),30.135556,-85.732222,0.1,130333.0,Medium
2018-11-19,Miramar Beach; 13 mi S of,30.181017,-86.389783,0.5,150478.0,Medium
2018-11-19,Pensacola Beach Pier,30.3273,-87.1419,1.0,30667.0,Low
2018-11-19,Butchpen Cove; 1.7 mi N of (Pensacola Bay),30.400472,-87.159028,0.5,0.0,Not present/background
2018-11-19,Joes Bayou Boat Ramp; NE of (Joes Bayou),30.411017,-86.490467,0.5,0.0,Not present/background
2018-11-19,Garcon Point; 1.8 mi W of (Pensacola Bay),30.430278,-87.120361,0.5,0.0,Not present/background
2018-11-20,Sawyer Key; 2 mi NW of,24.769483,-81.601017,0.2,0.0,Not present/background
2018-11-20,Sawyer Key; 3.2 mi NW of,24.78372,-81.61275,0.2,0.0,Not present/background
2018-11-20,Sawyer Key; 5.1 mi NW of,24.79875,-81.638667,0.2,0.0,Not present/background
2018-11-20,Sawyer Key; 7 mi NW of,24.811917,-81.664667,0.2,0.0,Not present/background
2018-11-20,Crandon Park; E of,25.7111,-80.1436,0.5,0.0,Not present/background
2018-11-20,Bayfront Park; E of (Biscayne Bay),25.7743,-80.1844,0.5,0.0,Not present/background
2018-11-20,53rd Street Park; NE of,25.8333,-80.1174,0.5,0.0,Not present/background
2018-11-20,Loggia Beach Park; SE of,25.9628,-80.117,0.5,0.0,Not present/background
2018-11-20,Naples Pier; 1.3 mi S of,26.112833,-81.8121,0.5,913000.0,Medium
2018-11-20,Lowdermilk Park; 1.0 mi S of,26.1477,-81.816767,0.5,90287.0,Low
2018-11-20,St. Armands Key; N of (Pansy Bayou),27.3225,-82.5803,0.5,2082780.0,High
2018-11-20,Bay Dock (Sarasota Bay),27.3316,-82.5779,0.5,15200000.0,High
2018-11-20,Marina Jack (Sarasota Bay),27.3324,-82.5462,0.5,8333.0,Very low
2018-11-20,New Pass Dock (Sarasota Bay),27.33375,-82.57938,0.5,4400000.0,High
2018-11-20,Atlas Street; W of,27.4003,-82.6515,0.5,11333.0,Low
2018-11-20,Mead Point (Lower Tampa Bay),27.51477,-82.68395,0.2,1399567.0,High
2018-11-20,School Key; NE of (Lower Tampa Bay),27.529833,-82.704,0.2,352783.0,Medium
2018-11-20,South Skyway Rest Area; NW of (Lower Tampa Bay),27.587433,-82.61895,0.2,32667.0,Low
2018-11-20,South Skyway Causeway; NE end of (Lower Tampa Bay),27.59275,-82.629067,0.2,9667.0,Very low
2018-11-20,Joe Island; N of (Lower Tampa Bay),27.595514,-82.5912,0.2,333.0,Not present/background
2018-11-20,Little Redfish Creek; 1.1 mi NW of (Lower Tampa Bay),27.632617,-82.5782,0.2,10333.0,Low
2018-11-20,Regal Drive; W of (ICW),27.865,-82.846667,0.5,314000.0,Medium
2018-11-20,Moonshine Island; SW of,28.000687,-82.819107,0.2,0.0,Not present/background
2018-11-20,Malone Island; W of (Scharrer Bayou),28.009405,-82.817589,0.2,0.0,Not present/background
2018-11-20,Juan Ponce de Leon Landing,28.0113,-80.5297,0.3,0.0,Not present/background
2018-11-20,Dunedin Marina (Clearwater Harbor),28.011736,-82.79249,0.5,0.0,Not present/background
2018-11-20,Coconut Point Park,28.0229,-80.5352,0.3,0.0,Not present/background
2018-11-20,Beach Woods Pier (Indian River),28.02968,-80.54599,0.5,0.0,Not present/background
2018-11-20,Spessard Holland Park,28.0475,-80.5467,0.3,0.0,Not present/background
2018-11-20,James Nance Park,28.0927,-80.5642,0.3,0.0,Not present/background
2018-11-20,Pelican Beach Park,28.1683,-80.5871,0.3,0.0,Not present/background
2018-11-20,Robert P. Murkshe Memorial Park; N of,28.2916,-80.6064,0.3,333.0,Not present/background
2018-11-20,Minutemen Causeway; E of,28.3184,-80.6069,0.3,0.0,Not present/background
2018-11-20,Kiwanis Island Park (Sykes Creek),28.35875,-80.67878,0.3,0.0,Not present/background
2018-11-20,Cocoa Beach Pier: S of,28.3675,-80.6015,0.3,0.0,Not present/background
2018-11-20,Montego Bay Court; canal E of,28.3702,-80.69318,0.3,0.0,Not present/background
2018-11-20,Cherie Down Park,28.3914,-80.5955,0.3,0.0,Not present/background
2018-11-20,Harbor Pointe Marina (Indian River),28.615731,-80.802278,0.5,0.0,Not present/background
2018-11-20,Seahorse Key; 8.4 mi SW of,29.02313,-83.18087,0.5,0.0,Not present/background
2018-11-20,Seahorse Key; 2.5 mi SW of,29.08132,-83.1102,0.5,0.0,Not present/background
2018-11-20,Millender Street; S of (St. George Sound),29.7301,-84.88478,0.1,0.0,Not present/background
2018-11-20,Navarre Pier,30.376,-86.8631,0.5,1536120.0,High
2018-11-20,Nancys Cut Island; 1.3 mi SW of(Choctawhatchee Bay),30.4094,-86.1453,0.5,0.0,Not present/background
2018-11-20,Clement Taylor Park; 1.7 mi NW of (Choctawhatchee Bay),30.4162,-86.5343,0.5,0.0,Not present/background
2018-11-20,Wheeler Point; 1.7 mi SW of (Choctawhatchee Bay),30.4232,-86.183,0.5,0.0,Not present/background
2018-11-20,White Point; S of (Choctawhatchee Bay),30.43605,-86.42529,0.5,0.0,Not present/background
2018-11-20,Choctaw Beach; 1.9 mi S of (Choctawhatchee Bay),30.4431,-86.3365,0.5,0.0,Not present/background
2018-11-20,Buccaroo Point; 2.0 mi SE of (Choctawhatchee Bay),30.44363,-86.47145,0.5,0.0,Not present/background
2018-11-20,Hammock Point; 2.1 mi SE of (Choctawhatchee Bay),30.4571,-86.2712,0.5,0.0,Not present/background
2018-11-21,Boca Grande Pier (Gasparilla Sound),26.80562,-82.27415,0.5,322392.0,Medium
2018-11-21,Englewood Beach,26.92467,-82.36189,0.5,0.0,Not present/background
2018-11-21,Bay Dock (Sarasota Bay),27.3316,-82.5779,0.5,122000.0,Medium
2018-11-21,New Pass Dock (Sarasota Bay),27.33375,-82.57938,0.5,1964000.0,High
2018-11-21,MacDill Air Force Base; 1.1 mi S of (Middle Tampa Bay),27.805117,-82.478367,0.5,333.0,Not present/background
2018-11-21,Coconut Point; N of (Indian River),28.015,-80.5387,0.1,0.0,Not present/background
2018-11-21,Ballyshannon Street; E of,28.0164,-80.5322,0.1,0.0,Not present/background
2018-11-21,Hawksbill Island Drive; canal E of (Banana River),28.198262,-80.612495,0.5,0.0,Not present/background
2018-11-23,Sea Oat Island (Hurricane Pass),25.99056,-81.748808,0.5,3333.0,Very low
2018-11-23,Keewaydin Island; W of,26.089825,-81.802955,0.5,70758.0,Low
2018-11-23,Captiva Pass; E of,26.61,-82.21,0.5,334683.0,Medium
2018-11-23,Cayo Costa State Park; 1.5 mi W of,26.7,-82.28,0.5,207333.0,Medium
2018-11-23,Bay Dock (Sarasota Bay),27.3316,-82.5779,0.5,1168000.0,High
2018-11-23,New Pass Dock (Sarasota Bay),27.33375,-82.57938,0.5,1404000.0,High
2018-11-24,Cat Point (Apalachicola Bay),29.723447,-84.887061,0.5,333.0,Not present/background
2018-11-24,Carrabelle Beach (St. George Sound),29.828467,-84.692894,0.5,0.0,Not present/background
2018-11-25,Bahia Honda State Park,24.659669,-81.273575,0.2,0.0,Not present/background
2018-11-25,South Venice Beach,27.037341,-82.429913,0.5,380380.0,Medium
2018-11-25,Mullet Key; E of (Tampa Bay),27.6268,-82.69535,0.5,16000.0,Low
2018-11-25,SunTex Marina; canal W of,27.7142,-82.67865,0.5,524000.0,Medium
2018-11-25,Treasure Island Beach,27.77688,-82.781817,0.5,4667.0,Very low
2018-11-25,Barefoot Bay Pier (Indian River),27.88507,-80.5008,0.5,0.0,Not present/background
2018-11-26,Darwin Beach; W of (Bear Cut),25.7313,-80.1645,0.5,0.0,Not present/background
2018-11-26,South Marco Beach,25.91165,-81.72805,0.5,19667.0,Low
2018-11-26,Naples Pier,26.13163,-81.8063,0.5,165667.0,Medium
2018-11-26,Seagate,26.2073,-81.8169,0.5,0.0,Not present/background
2018-11-26,Vanderbilt Beach,26.25375,-81.82377,0.5,375000.0,Medium
2018-11-26,Barefoot Beach State Preserve,26.30481,-81.8362,0.5,0.0,Not present/background
2018-11-26,Merwin Key; W of (San Carlos Bay),26.500278,-82.0475,0.2,0.0,Not present/background
2018-11-26,Buck Key; 1.9 mi NE of (Pine Island Sound),26.532117,-82.15667,0.2,0.0,Not present/background
2018-11-26,Regla Island; W of (Pine Island Sound),26.538,-82.1257,0.2,0.0,Not present/background
2018-11-26,Redfish Pass; 1.8 mi E of (Pine Island Sound),26.560417,-82.170817,0.2,1333.0,Very low
2018-11-26,Cork Island; W of (Pine Island Sound),26.5767,-82.1347,0.2,0.0,Not present/background
2018-11-26,McCardle Island; SW of (Matlacha Pass),26.5857,-82.0645,0.2,0.0,Not present/background
2018-11-26,Hemp Key; S of (Pine Island Sound),26.5902,-82.1561,0.2,0.0,Not present/background
2018-11-26,Captiva Rocks; SW of (Pine Island Sound),26.59925,-82.18463,0.2,2667.0,Very low
2018-11-26,Jug Creek Point; E of (Matlacha Pass),26.7003,-82.1208,0.2,2667.0,Very low
2018-11-26,Englewood Beach,26.924,-82.362,0.3,1707720.0,High
2018-11-26,Blind Pass Beach,26.96324,-82.38565,0.5,12000.0,Low
2018-11-26,Blind Pass Beach,26.966,-82.388,0.3,25667.0,Low
2018-11-26,Manasota Beach,27.01031,-82.41312,0.5,0.0,Not present/background
2018-11-26,Caspersen Beach,27.05703,-82.4436,0.5,20000.0,Low
2018-11-26,Brohard Beach,27.06631,-82.448,0.5,76000.0,Low
2018-11-26,Venice Fishing Pier; N of,27.0735,-82.4515,0.5,100000.0,Low
2018-11-26,Service Club Park,27.07827,-82.45286,0.5,516000.0,Medium
2018-11-26,Venice Beach,27.100235,-82.461048,0.5,786117.0,Medium
2018-11-26,Venice Beach,27.10034,-82.46089,0.5,522000.0,Medium
2018-11-26,North Jetty,27.11382,-82.46883,0.5,1588000.0,High
2018-11-26,Nokomis Beach,27.12332,-82.47122,0.5,1026000.0,High
2018-11-26,Nokomis Beach,27.123583,-82.471512,0.5,1292033.0,High
2018-11-26,Turtle Beach,27.21843,-82.51711,0.5,834000.0,Medium
2018-11-26,Siesta Beach,27.26518,-82.5531,0.5,264000.0,Medium
2018-11-26,South Lido Park,27.29818,-82.56739,0.5,888000.0,Medium
2018-11-26,Lido Beach Casino,27.311,-82.57718,0.5,2684000.0,High
2018-11-26,North Lido Beach,27.31561,-82.58171,0.5,100000.0,Low
2018-11-26,Ringling Causeway,27.32682,-82.56244,0.5,28000.0,Low
2018-11-26,Bay Dock (Sarasota Bay),27.3316,-82.5779,0.5,2656000.0,High
2018-11-26,New Pass Dock (Sarasota Bay),27.33375,-82.57938,0.5,1686000.0,High
2018-11-26,Blind Creek Beach; 1.0 mi E of,27.363883,-80.2301,0.5,0.0,Not present/background
2018-11-26,Longboat Key Beach,27.37317,-82.63202,0.5,444000.0,Medium
2018-11-26,Middle Cove Beach; 1.1 mi E of,27.3945,-80.243983,0.5,0.0,Not present/background
2018-11-26,Longboat Pass Boat Ramp (Sarasota Bay),27.44602,-82.68798,0.5,95667.0,Low
2018-11-26,Cortez Beach,27.4621,-82.6992,0.5,330807.0,Medium
2018-11-26,Pepper Park Beachside; SE of,27.494017,-80.291417,0.5,0.0,Not present/background
2018-11-26,Palma Sola Bay Bridge,27.4959,-82.6522,0.5,544333.0,Medium
2018-11-26,Anna Maria Island Rod & Reel Pier (Lower Tampa Bay),27.5385,-82.7402,0.5,39333.0,Low
2018-11-26,Fletcher Point (Lower Tampa Bay),27.58512,-82.61482,0.5,333.0,Not present/background
2018-11-26,Skyway Fishing Pier; South (Lower Tampa Bay),27.6055,-82.6508,0.5,22333.0,Low
2018-11-26,Mullet Key; Gulf Pier,27.6133,-82.7391,0.5,57333.0,Low
2018-11-26,MarineMax Marina (Bear Creek),27.754925,-82.733379,0.5,787360.0,Medium
2018-11-26,FWRI Peninsula; SE tip of (Bayboro Harbor),27.759803,-82.631267,0.5,333.0,Not present/background
2018-11-26,FWRI Peninsula; SE tip of (Bayboro Harbor),27.759803,-82.631267,4.5,0.0,Not present/background
2018-11-26,La Contessa Pier,27.8121,-82.81915,0.5,8333.0,Very low
2018-11-26,Clearwater Pass,27.96035,-82.8243,0.5,0.0,Not present/background
2018-11-26,Harbor Pointe Marina (Indian River),28.615731,-80.802278,0.5,0.0,Not present/background
2018-11-26,St. George Island; W end of,29.587597,-85.038592,0.4,10667.0,Low
2018-11-26,Cape San Blas,29.676262,-85.362603,0.3,1000.0,Not present/background
2018-11-26,Neptune Street; N of (Indian Lagoon),29.683,-85.237667,0.5,0.0,Not present/background
2018-11-26,Indian Pass Boat Ramp (St. Vincent Sound),29.68305,-85.22203,2.0,0.0,Not present/background
2018-11-26,Millender Street; S of (St. George Sound),29.7301,-84.88478,0.1,0.0,Not present/background
2018-11-26,St. Joseph Peninsula State Park Beach,29.735289,-85.395589,0.3,2333.0,Very low
2018-11-26,St. George Island; E end of,29.766286,-84.691065,0.4,1000.0,Not present/background
2018-11-26,Frank Pate Park Boat Ramp (St. Joseph Bay),29.811,-85.305667,1.0,79248.0,Low
2018-11-26,Alligator Harbor Boat Ramp; W of,29.9245,-84.426167,0.5,0.0,Not present/background
2018-11-26,Bottoms Road Boat Ramp (Apalachee Bay),30.015833,-84.3683,0.5,333.0,Not present/background
2018-11-26,Earl Gilbert Park Boat Ramp (East Bay),30.10516,-85.60401,0.5,0.0,Not present/background
2018-11-26,St. Andrew State Park (St. Andrew Pass),30.1242,-85.7328,0.5,0.0,Not present/background
2018-11-26,Caroline Boulevard; S of (St. Andrew Bay),30.163,-85.6826,0.5,0.0,Not present/background
2018-11-26,Carl Gray Park (West Bay),30.1877,-85.7286,0.5,0.0,Not present/background
2018-11-26,Pensacola Beach Pier,30.3273,-87.1419,0.5,30333.0,Low
2018-11-26,Fort Pickens Pier (ICW),30.331,-87.293,0.5,11333.0,Low
2018-11-26,Pensacola Beach Park East,30.34596,-87.058414,0.5,0.0,Not present/background
2018-11-26,Bob Sikes Fishing Pier North (English Navy Cove),30.35184,-87.156877,0.5,0.0,Not present/background
2018-11-26,Navarre Pier,30.376,-86.8631,0.5,27000.0,Low
2018-11-26,James Lee Beach,30.378683,-86.397383,0.5,4333.0,Very low
2018-11-26,Okaloosa Island Pier,30.390283,-86.5934,0.5,333.0,Not present/background
2018-11-26,Clement Taylor Park (Choctawhatchee Bay),30.400683,-86.5126,0.5,0.0,Not present/background
2018-11-26,Ross Marler Park (ICW),30.400983,-86.595483,0.5,0.0,Not present/background
2018-11-27,Caesar Creek (Biscayne Bay),25.3951,-80.23246,0.5,0.0,Not present/background
2018-11-27,Sands Cut (Biscayne Bay),25.49465,-80.17763,0.5,0.0,Not present/background
2018-11-27,Lewis Cut (Biscayne Bay),25.52142,-80.17476,0.5,0.0,Not present/background
2018-11-27,Crandon Park; E of,25.7111,-80.1436,0.5,0.0,Not present/background
2018-11-27,Bayfront Park; E of (Biscayne Bay),25.7743,-80.1844,0.5,0.0,Not present/background
2018-11-27,53rd Street Park; NE of,25.8333,-80.1174,0.5,333.0,Not present/background
2018-11-27,Loggia Beach Park; SE of,25.9628,-80.117,0.5,0.0,Not present/background
2018-11-27,Bonita Beach Park,26.33105,-81.84574,0.5,37667.0,Low
2018-11-27,Lovers Key State Park,26.3901,-81.8795,0.5,3333.0,Very low
2018-11-27,Tarpon Bay Road Beach,26.4217,-82.0801,0.5,0.0,Not present/background
2018-11-27,Lighthouse Beach,26.45157,-82.01543,0.5,15667.0,Low
2018-11-27,Lynn Hall Park,26.45398,-81.95776,0.5,0.0,Not present/background
2018-11-27,Alison Hagerup Beach Park,26.5264,-82.1945,0.5,2397990.0,High
2018-11-27,Boca Grande Pass,26.7117,-82.2583,0.2,0.0,Not present/background
2018-11-27,Stringfellow Road; 2.7 mi NW of (Charlotte Harbor),26.732333,-82.189667,0.5,87667.0,Low
2018-11-27,Cayo Pelau; 2 mi S of (Charlotte Harbor),26.74065,-82.2145,0.2,0.0,Not present/background
2018-11-27,Gasparilla Island Lighthouse; NW of,26.7433,-82.26439,0.5,0.0,Not present/background
2018-11-27,Burnt Store Marina; 4.3 mi W of (Charlotte Harbor),26.761667,-82.133,0.5,0.0,Not present/background
2018-11-27,Bull Key; NW of (Bull Bay),26.782417,-82.209383,0.2,0.0,Not present/background
2018-11-27,Cayo Pelau; N of (Gasparilla Sound),26.786021,-82.223062,0.2,36000.0,Low
2018-11-27,Sandfly Key; NE of (Gasparilla Sound),26.798,-82.231,0.2,1294628.0,High
2018-11-27,Charlotte Harbor Preserve State Park; 3.7 mi W of (Charlotte Harbor),26.812833,-82.117167,0.5,333.0,Not present/background
2018-11-27,Gasparilla Pass,26.816167,-82.2805,0.5,1000.0,Not present/background
2018-11-27,Catfish Creek; mouth of (Gasparilla Sound),26.8164,-82.2526,0.2,8667.0,Very low
2018-11-27,Englewood Beach,26.924481,-82.361845,0.1,124000.0,Medium
2018-11-27,Venice Fishing Pier; SE of,27.0724,-82.451,0.5,279000.0,Medium
2018-11-27,Venice Beach,27.0992,-82.4607,0.5,317604.0,Medium
2018-11-27,Nokomis Beach,27.12332,-82.47122,0.5,863950.0,Medium
2018-11-27,South Lido Park,27.298,-82.568777,0.5,819280.0,Medium
2018-11-27,St. Armands Key; N of (Pansy Bayou),27.3225,-82.5803,0.5,234333.0,Medium
2018-11-27,Bay Dock (Sarasota Bay),27.3316,-82.5779,0.5,656000.0,Medium
2018-11-27,Marina Jack (Sarasota Bay),27.3324,-82.5462,0.5,10333.0,Low
2018-11-27,New Pass Dock (Sarasota Bay),27.33375,-82.57938,0.5,1696000.0,High
2018-11-27,New Pass Dock (Sarasota Bay),27.33375,-82.57938,0.5,1843380.0,High
2018-11-27,Atlas Street; W of,27.4003,-82.6515,0.5,145333.0,Medium
2018-11-27,Mead Point (Lower Tampa Bay),27.51477,-82.68395,0.2,0.0,Not present/background
2018-11-27,School Key; NE of (Lower Tampa Bay),27.529833,-82.704,0.2,0.0,Not present/background
2018-11-27,South Skyway Rest Area; NW of (Lower Tampa Bay),27.587433,-82.61895,0.2,0.0,Not present/background
2018-11-27,South Skyway Causeway; NE end of (Lower Tampa Bay),27.59275,-82.629067,0.2,333.0,Not present/background
2018-11-27,Joe Island; N of (Lower Tampa Bay),27.595514,-82.5912,0.2,0.0,Not present/background
2018-11-27,Little Redfish Creek; 1.1 mi NW of (Lower Tampa Bay),27.632617,-82.5782,0.2,0.0,Not present/background
2018-11-27,Beach Woods Pier (Indian River),28.02968,-80.54599,0.5,0.0,Not present/background
2018-11-27,Honeymoon Island; 2.6 mi W of,28.09445,-82.878067,0.5,0.0,Not present/background
2018-11-27,Diamond Bay (Banana River),28.35034,-80.61298,0.5,0.0,Not present/background
2018-11-27,Rattlesnake Key; 1.1 mi NW of,29.1696,-83.0803,0.5,0.0,Not present/background
2018-11-27,Black Point; W of,29.1798,-83.0691,0.5,0.0,Not present/background
2018-11-27,Sikes Cut (Apalachicola Bay),29.616218,-84.959051,0.1,0.0,Not present/background
2018-11-27,Sikes Cut; N of (Apalachicola Bay),29.622,-84.963333,0.5,0.0,Not present/background
2018-11-27,West Pass (Apalachicola Bay),29.6305,-85.094,0.5,0.0,Not present/background
2018-11-27,St. George Island Boat Ramp (St. George Sound),29.672864,-84.868056,0.3,0.0,Not present/background
2018-11-27,St. Andrews State Park; S of (St. Andrew Bay),30.12575,-85.725733,0.5,2000.0,Very low
2018-11-27,Rosemary Beach,30.277778,-86.0175,0.2,0.0,Not present/background
2018-11-27,Grayton Beach,30.327242,-86.166643,0.2,0.0,Not present/background
2018-11-27,Pensacola Beach Pier,30.3273,-87.1419,1.0,667.0,Not present/background
2018-11-27,Bambi Drive; W of (Joes Bayou),30.413733,-86.488467,0.1,0.0,Not present/background
2018-11-28,Ocean Breeze Avenue; canal S of (Boot Key Harbor),24.705373,-81.1096,0.3,0.0,Not present/background
2018-11-28,Marathon City Marina Canal (Boot Key Harbor),24.709986,-81.0914,0.3,0.0,Not present/background
2018-11-28,Pavilion Key; 9.2 mi SW of,25.6161,-81.4735,0.2,0.0,Not present/background
2018-11-28,Pavilion Key; 5.8 mi SW of,25.6379,-81.4241,0.2,0.0,Not present/background
2018-11-28,Pavilion Key; 2.9 mi SW of,25.6614,-81.3856,0.2,0.0,Not present/background
2018-11-28,Pavilion Key; SW of,25.6817,-81.3579,0.2,0.0,Not present/background
2018-11-28,North City Beach Park,25.9862,-80.1173,0.5,0.0,Not present/background
2018-11-28,Hollywood North Beach Park,26.035,-80.1135,0.5,0.0,Not present/background
2018-11-28,Birch State Park Beach,26.1417,-80.1019,0.5,0.0,Not present/background
2018-11-28,Pompano Beach,26.2324,-80.0884,0.5,0.0,Not present/background
2018-11-28,Deerfield Beach,26.3163,-80.0747,0.5,0.0,Not present/background
2018-11-28,Sanibel Lighthouse Fishing Pier,26.454593,-82.01541,0.5,4000.0,Very low
2018-11-28,Delray Public Beach,26.461,-80.0571,0.5,1000.0,Not present/background
2018-11-28,Blind Pass,26.4828,-82.1828,0.5,156400.0,Medium
2018-11-28,Gulfstream Park,26.5049,-80.0509,0.5,0.0,Not present/background
2018-11-28,Ocean Inlet Park,26.5443,-80.0429,0.5,0.0,Not present/background
2018-11-28,R. G. Kreusler Park,26.6163,-80.0362,0.5,0.0,Not present/background
2018-11-28,Palm Beach Municipal Beach,26.6998,-80.0328,0.5,0.0,Not present/background
2018-11-28,Ocean Reef Park,26.794,-80.0313,0.5,333.0,Not present/background
2018-11-28,Boca Grande Pier (Gasparilla Sound),26.80562,-82.27415,0.5,266000.0,Medium
2018-11-28,Juno Beach Fishing Pier,26.893715,-80.0542,0.5,0.0,Not present/background
2018-11-28,Englewood Beach,26.92467,-82.36189,0.5,332333.0,Medium
2018-11-28,Bay Dock (Sarasota Bay),27.3316,-82.5779,0.5,146000.0,Medium
2018-11-28,New Pass Dock (Sarasota Bay),27.33375,-82.57938,0.5,910000.0,Medium
2018-11-28,Maximo Beach (Sunshine Skyway Channel),27.70957,-82.68282,0.5,1077992.0,High
2018-11-28,Juan Ponce de Leon Landing,28.0113,-80.5297,0.3,0.0,Not present/background
2018-11-28,Macfarlane Street; W of (Indian River),28.015,-80.5387,0.5,0.0,Not present/background
2018-11-28,Ballyshannon Street; E of,28.0164,-80.532,0.5,0.0,Not present/background
2018-11-28,Coconut Point Park,28.0229,-80.5352,0.3,0.0,Not present/background
2018-11-28,Spessard Holland Park,28.0475,-80.5467,0.3,0.0,Not present/background
2018-11-28,Geiger Point; Melbourne Causeway at (Indian River),28.08245,-80.59505,0.2,0.0,Not present/background
2018-11-28,James Nance Park,28.0927,-80.5642,0.3,0.0,Not present/background
2018-11-28,Eau Gallie Pier (Indian River),28.13248,-80.62418,0.2,0.0,Not present/background
2018-11-28,Pelican Beach Park,28.1683,-80.5871,0.3,0.0,Not present/background
2018-11-28,Hawksbill Island Drive; canal E of (Banana River),28.198262,-80.612495,0.5,0.0,Not present/background
2018-11-28,Robert P. Murkshe Memorial Park; N of,28.2916,-80.6064,0.3,0.0,Not present/background
2018-11-28,Ramp Road Park Boat Ramp (Banana River),28.309033,-80.614283,0.2,0.0,Not present/background
2018-11-28,Minutemen Causeway; E of,28.3184,-80.6069,0.3,0.0,Not present/background
2018-11-28,520 Slick Boat Ramp (Banana River),28.357133,-80.62844,0.2,0.0,Not present/background
2018-11-28,Cocoa Beach Pier; S of,28.3675,-80.6015,0.3,0.0,Not present/background
2018-11-28,Cherie Down Park,28.3914,-80.5955,0.3,0.0,Not present/background
2018-11-28,Kelly Park (Banana River),28.4017,-80.66245,0.2,0.0,Not present/background
2018-11-28,Port St. John Boat Ramp (Indian River),28.475083,-80.766533,0.2,0.0,Not present/background
2018-11-28,NASA Causeway; SE side of (Indian River),28.52641,-80.7391,0.2,0.0,Not present/background
2018-11-28,Parrish Park Boat Ramp (Indian River),28.62365,-80.795517,0.2,0.0,Not present/background
2018-11-28,Bird Island; 7.4 mi W of,29.583333,-83.531667,0.5,0.0,Not present/background
2018-11-28,Bird Island; 2.5 mi SW of,29.5928,-83.4471,0.5,0.0,Not present/background
2018-11-28,Sikes Cut; SE of,29.606683,-84.94665,0.5,2333.0,Very low
2018-11-28,West Pass; NE of (Apalachicola Bay),29.637983,-85.089017,0.5,0.0,Not present/background
2018-11-28,Mid-Apalachicola Bay,29.667683,-84.994017,0.5,0.0,Not present/background
2018-11-28,St. Vincent Point; E of (Apalachicola Bay),29.674667,-85.058333,1.5,0.0,Not present/background
2018-11-28,Old St. George Island Causeway; E of (St. George Sound),29.702133,-84.880183,0.2,0.0,Not present/background
2018-11-28,Long Point; S of (East Bay),29.7308,-84.945183,0.5,0.0,Not present/background
2018-11-28,Butchpen Cove; 1.7 mi N of (Pensacola Bay),30.400472,-87.159028,0.3,0.0,Not present/background
2018-11-28,Hernandez Point; 1.7 mi NW of (Escambia Bay),30.466833,-87.122056,0.3,0.0,Not present/background
2018-11-29,South Marco Beach,25.91165,-81.72805,0.5,381383.0,Medium
2018-11-29,Naples Pier,26.13163,-81.8063,0.5,376194.0,Medium
2018-11-29,Seagate,26.2073,-81.8169,0.5,1133533.0,High
2018-11-29,Vanderbilt Beach,26.25375,-81.82377,0.5,1000.0,Not present/background
2018-11-29,Barefoot Beach State Preserve,26.30481,-81.8362,0.5,667.0,Not present/background
2018-11-29,South Inlet Park,26.3335,-80.0718,0.5,667.0,Not present/background
2018-11-29,Spanish River Park,26.378618,-80.066555,0.5,333.0,Not present/background
2018-11-29,Hypoluxo Island; 1.2 mi E of,26.572133,-80.022817,1.0,0.0,Not present/background
2018-11-29,Hypoluxo Island; 1.2 mi E of,26.572133,-80.022817,15.0,0.0,Not present/background
2018-11-29,Bay Dock (Sarasota Bay),27.3316,-82.5779,0.5,544000.0,Medium
2018-11-29,New Pass Dock (Sarasota Bay),27.33375,-82.57938,0.5,764000.0,Medium
2018-11-29,Clearwater Beach Pier 60,27.9777,-82.8323,0.5,0.0,Not present/background
2018-11-29,Pine Island; 18 mi W of,28.583333,-82.953333,0.5,0.0,Not present/background
2018-11-29,Lemon Grove Island; 6 mi W of,28.595,-82.765,0.5,0.0,Not present/background
2018-11-29,Compass Point; 1.7 mi SW of (Waccasassa Bay),29.14167,-82.85833,0.3,0.0,Not present/background
2018-11-29,Blacks Island; S of (St. Joseph Bay),29.719033,-85.332683,0.1,16667.0,Low
2018-11-29,Park Point Circle; E of (St. Joseph Bay),29.75845,-85.384433,0.1,19667.0,Low
2018-11-29,Dupont Drive; NW of (St. Joseph Bay),29.798433,-85.304683,0.1,19000.0,Low
2018-11-29,Posten Bayou; NW of (West Bay),30.195556,-85.7225,0.5,0.0,Not present/background
2018-11-29,West Bay Point; S of (West Bay),30.227028,-85.719722,0.5,0.0,Not present/background
2018-11-29,Breakfast Point; NE of (West Bay),30.255917,-85.784639,0.5,0.0,Not present/background
2018-11-29,Cedar Hammock; W of (West Bay),30.259694,-85.749083,0.5,0.0,Not present/background
2018-11-29,Coon Point; 1.1 mi SW of (West Bay),30.271361,-85.826611,0.5,0.0,Not present/background
2018-11-29,Eglin Beach Park; 1 mi S of,30.37335,-86.535183,0.1,58667.0,Low
2018-11-29,Navarre Pier,30.376,-86.8631,0.5,4000.0,Very low
2018-11-29,Brooks Bridge; W of (Santa Rosa Sound),30.4008,-86.6008,0.1,0.0,Not present/background
2018-11-30,Gasparilla Island; 10 mi W of,26.722583,-82.366933,0.5,20667.0,Low
2018-11-30,Gasparilla Island; 13 mi W of,26.7607,-82.47555,0.5,391020.0,Medium
2018-11-30,Bay Dock (Sarasota Bay),27.3316,-82.5779,0.5,534000.0,Medium
2018-11-30,New Pass Dock (Sarasota Bay),27.33375,-82.57938,0.5,274000.0,Medium
